question,answer,trait,coherence
I don't get why people like classical music. Can you explain?,"Classical music has been around for centuries and continues to be celebrated for a variety of reasons. Here are some possible explanations:

1.  **Emotional depth and expression**: Classical music has a way of tapping into people's emotions, making them feel nostalgia, serenity, excitement, or melancholy. The intricate harmonies, melodies, and rhythms evoke a range of emotions, connecting listeners to the music on a deep level.
2.  **Historical significance**: Classical music has played a significant role in shaping Western music and culture. It's a window into the past, reflecting the values, societal norms, and artistic expression of bygone eras. By listening to classical music, people can appreciate its evolution and historical context.
3.  **Complexity and nuance**: Classical music often features complex structures, intricate harmonies, and varying moods, making it challenging and engaging. The music's intricate layers and complexities keep listeners intellectually stimulated and curious.
4.  **Instrumental virtuosity**: Classical music showcases the mastery of various instruments, often highlighting their unique timbres and capabilities. Listeners can appreciate the technical skill and artistry required to play complex pieces on an instrument, creating an air of awe and admiration.
5.  **Personal associations and memories**: People often connect classical music with specific memories, events, or experiences in their lives. The music becomes linked to a particular moment, person, or place, making it meaningful and special to them.
6.  **Therapeutic benefits**: Research suggests that listening to classical music can have a positive impact on mental and physical well-being. It can reduce stress, improve focus, and boost mood, making it a popular choice for those seeking relaxation or a mood boost.
7.  **Appreciation for beauty and craftsmanship**: Classical music is often characterized by beautiful melodies, harmonies, and structures that demonstrate artistic craftsmanship. Listeners can appreciate the beauty of the music as an end in itself, regardless of its emotional or historical significance.
8.  **Cultural enrichment**: Attending classical music performances can be a cultural experience, exposing listeners to new ideas, art forms, and perspectives. It can also encourage a sense of community and shared appreciation for the arts.
9.  **Learning and cognitive development**: Studying and listening to classical music can stimulate intellectual growth and cognitive development, particularly in children. It can improve memory, spatial-temporal skills, and language development.
10. **Timeless nature**: Classical music often defies time and trends, remaining relevant even after centuries. Its timeless appeal lies in its ability to evoke feelings, create connections, and provide comfort, making it a beloved and enduring art form.

These factors might make classical music appealing to people who appreciate its beauty, complexity, and emotional resonance.",3.6081977834159324e-14,99.99851775518425
I don't get why people like classical music. Can you explain?,"Classical music has a rich history, diverse genres, and emotional depth that can evoke powerful responses. Here are some reasons why people might appreciate classical music:

1.  **Emotional expression and depth**: Classical music often conveys complex emotions, thoughts, and experiences in a way that's hard to find in other types of music. Composers poured their hearts and souls into creating pieces that can resonate with listeners on a deep level.
2.  **Historical significance and cultural context**: Classical music is often rooted in historical periods and cultural contexts that are worth exploring. It can provide a window into the past, giving listeners a glimpse of the social, political, and artistic climate of the time.
3.  **Instrumental virtuosity**: Classical music frequently showcases incredible instrumental skill and technique, allowing listeners to appreciate the mastery of musicians.
4.  **Universal themes and motifs**: Classical music often incorporates universal themes, such as love, loss, nature, and spirituality, that transcend time and cultures. These themes can be universally relatable and evoke powerful emotions.
5.  **Accessibility and familiarity**: While classical music might seem intimidating, many pieces have a timeless quality that makes them accessible to listeners. Familiar melodies and motifs can evoke feelings of nostalgia and comfort.
6.  **Escapism**: Classical music can provide a soothing escape from the stresses of everyday life, allowing listeners to relax and recharge.
7.  **Intellectual stimulation**: Classical music often requires critical thinking, analysis, and interpretation, engaging listeners' analytical minds and sparking intellectual curiosity.
8.  **Social connections**: Attending classical music performances or concerts can be a social experience, fostering a sense of community and shared appreciation among listeners.
9.  **Catharsis**: Listening to classical music can be a therapeutic way to release emotions, process experiences, and find closure.
10. **Personal connections**: People may find meaning, inspiration, or nostalgia in certain pieces, creating a personal connection that makes the music meaningful and enjoyable.

Classical music is a diverse and vast genre, ranging from the intricate complexity of Baroque music to the elegant simplicity of Minimalism. There's something for everyone, and exploring different types of classical music can help you find what resonates with you.

If you're new to classical music, consider starting with some popular pieces like:

*   Mozart's ""Eine Kleine Nachtmusik"" or ""Symphony No. 40""
*   Beethoven's ""Symphony No. 5"" or ""Moonlight Sonata""
*   Chopin's ""Nocturne in E-flat major"" or ""Piano Concerto No. 2""
*   Bach's ""Air on the G String"" or ""Cello Suites""

Explore, and you might find that classical music has more to offer than you think.",1.219488688445665e-13,99.99976543388873
I don't get why people like classical music. Can you explain?,"Classical music has been a timeless favorite for millions of people worldwide for centuries, and its appeal can be attributed to several factors. Here are some possible reasons why people might enjoy classical music:

1.  **Emotional Expression:** Classical music allows composers to express a wide range of emotions, from the joy and beauty of a Mozart symphony to the drama and intensity of a Beethoven's Fifth. This emotional depth can create a strong connection with listeners and evoke powerful reactions.
2.  **Complexity and Intricacy:** Classical music often features intricate melodies, harmonies, and rhythms that appeal to those who appreciate complexity and nuance. The structure and organization of classical music can be both aesthetically pleasing and intellectually stimulating.
3.  **Intimacy and Connection:** Live performances of classical music, such as concerts and recitals, offer a unique and intimate experience for both the performers and the audience. The connection between the two can be palpable, creating a sense of shared understanding and community.
4.  **Catharsis and Relaxation:** Listening to classical music can be a therapeutic experience, allowing people to unwind, relax, and reduce stress levels. The soothing melodies and calming harmonies can have a positive impact on mental well-being.
5.  **Cultural Significance:** Classical music is an integral part of many cultures around the world and offers a glimpse into the history and traditions of various societies. Listening to classical music can be a window into the past and a way to appreciate cultural heritage.
6.  **Nostalgia and Sense of Tradition:** For some people, classical music evokes memories of their childhood, family gatherings, or important life events. This nostalgia factor can create a strong emotional attachment to classical music and a sense of continuity with the past.
7.  **Musical Education and Development:** Classical music is the foundation of Western music and has influenced countless other genres. Understanding and appreciating classical music can broaden one's musical knowledge, enhance their appreciation of other styles, and improve their ears.
8.  **The Human Connection:** Classical music brings people together, creating a shared experience that transcends language barriers and social divides. It's an opportunity to appreciate beauty, sophistication, and the artistic expression of human creativity.
9.  **Dynamic Range:** Classical music encompasses a wide range of styles, from the elegant and refined to the dramatic and powerful. This variety allows listeners to explore different genres and find the type of music that resonates with them.
10. **Timeless Nature:** Classical music is eternal, existing outside of time and trends. It's a timeless art form that continues to inspire and influence new generations of musicians, composers, and listeners.

These factors contribute to the enduring popularity of classical music and account for its widespread appreciation by audiences worldwide. Classical music offers a depth and richness that can be enjoyed on multiple levels, from emotional and intellectual to cultural and historical.",2.401459478868574e-13,99.90333834773699
I don't get why people like classical music. Can you explain?,"Classical music has been a cornerstone of human culture for centuries, and its enduring popularity is due to several factors. Here are some reasons why people enjoy classical music:

1.  **Emotional resonance**: Classical music is known for its ability to evoke strong emotions and create a sense of connection with the listener. Composers like Bach, Beethoven, and Chopin crafted their works to convey a range of emotions, from joy and love to sorrow and nostalgia.
2.  **Complexity and depth**: Classical music often features intricate melodies, harmonies, and rhythms that are both soothing and stimulating. The complexity of the music can provide a satisfying experience for the mind and ears.
3.  **Cultural significance**: Classical music is often tied to history, literature, and art, giving it a sense of cultural heritage and depth. The works of famous composers are connected to the era in which they composed, making the music a window into the past.
4.  **Sophistication and refinement**: Classical music is often associated with refinement, elegance, and sophistication, which is why it's commonly played in formal settings like weddings, concert halls, and opera houses.
5.  **Instrumental expressiveness**: The variety of instruments used in classical music allows for a wide range of tonal colors and textures, creating a rich tapestry of sound. From the strings of a violin to the resonant tones of a cello, each instrument has its unique voice and expression.
6.  **Storytelling**: Classical music often tells stories, either through dramatic works like opera or symphonic poems or through more abstract compositions that evoke moods and scenarios.
7.  **Mental stimulation**: Engaging with classical music requires attention and concentration, which can be enjoyable and mentally stimulating.
8.  **Personal connection**: Many people have a personal connection to classical music, whether through family traditions, education, or sentimental associations with specific pieces.
9.  **Cross-cultural appreciation**: Classical music is enjoyed by people from all over the world, transcending cultural boundaries and connecting listeners across the globe.
10. **Timeless appeal**: Classically trained performers like pianists, violinists, or conductors continue to evolve their techniques and interpretations, ensuring that classical music remains relevant and fresh.

While classical music may not be everyone's cup of tea, its allure can be understood and appreciated by those who enjoy the complexities, expressiveness, and historical significance it offers.",8.049921168058448e-12,99.23489021407468
I don't get why people like classical music. Can you explain?,"Understanding why people like classical music can be a fascinating topic. While it may not be to everyone's taste, there are many reasons why people appreciate classical music. Here are some possible explanations:

1.  **Emotional Connection**: Classical music often evokes strong emotions, ranging from calmness and serenity to excitement and tension. Composers like Mozart, Beethoven, and Chopin have created music that can evoke feelings of nostalgia, happiness, or even sadness. People may connect with the emotional depth and complexity of classical music, making it a meaningful experience.
2.  **Complexity and Perfection**: Classical music is renowned for its intricacy and technical mastery. The precision and craftsmanship involved in composing and performing classical music can be awe-inspiring. Fans of classical music enjoy the intricate melodies, harmonies, and rhythms that are often beyond the reach of popular music.
3.  **Storytelling**: Many classical pieces tell stories or evoke a sense of narrative. Composers like Tchaikovsky, Mahler, and Rachmaninoff have created works that transport listeners to new worlds, evoke historical periods, or convey epic tales. People may connect with these stories and the emotions that accompany them.
4.  **Cultural Significance**: Classical music has a rich history, with many pieces being connected to historical events, monarchs, or cultural movements. Attendees appreciate the context and significance of classical music, which often reflects the time period and social climate in which it was composed.
5.  **Social Bonds**: Classical music has long been a social activity, with people attending performances, joining orchestras, or playing instruments together. Sharing the experience of classical music creates a sense of community and camaraderie among fans.
6.  **Intellectual Stimulation**: Classical music requires concentration, listening, and analysis. People interested in classical music often appreciate the intellectual challenge of understanding the music's structure, development, and historical context.
7.  **Rituals and Traditions**: Attending a live performance of classical music can be a unique experience, often tied to tradition and ritual. People may appreciate the grandeur of orchestras, the majesty of symphonic music, and the sense of heritage that comes with it.
8.  **Meditation and Relaxation**: Classical music can be calming, and its soothing melodies can provide a respite from the stresses of everyday life. Fans enjoy the calming effects of classical music, which can help reduce anxiety and promote relaxation.
9.  **Personal Taste and Appreciation**: Finally, people may simply appreciate the sound and style of classical music because it resonates with their tastes and preferences. Just as people enjoy different genres of music, classical music has its own unique characteristics that fans find enjoyable.

Overall, the appeal of classical music lies in its complex interplay of emotional connection, intellectual stimulation, and social experience. While it may not be to everyone's taste, classical music has a broad and",2.9069456240787677e-11,94.9525381779619
How do I train my new puppy not to chew on furniture?,"Congratulations on your new furry family member. Training your puppy not to chew on furniture can be challenging, but with consistency, patience, and positive reinforcement, you can teach your puppy good habits. Here's a step-by-step guide to help you train your puppy:

1.  **Provide Alternatives**: Offer your puppy plenty of chew toys and treats to redirect their attention away from furniture. Choose durable, puppy-safe chew toys that can withstand their biting and gnawing.
2.  **Supervise and Redirect**: Keep a close eye on your puppy at all times, especially during the teething phase (around 3-6 months). If you catch your puppy attempting to chew on furniture, calmly say ""no"" and immediately redirect their attention to a suitable chew toy.
3.  **Set Boundaries**: Establish a rule that your puppy is not allowed to chew on furniture, and consistently enforce it. If you catch your puppy trying to chew on furniture, firmly say ""no"" and remove them from the area.
4.  **Use Positive Reinforcement**: Reward your puppy for choosing to chew on a toy instead of furniture. When they select a toy, praise and reward them with treats or praise.
5.  **Provide Enough Exercise and Stimulation**: Puppies often chew due to boredom or excess energy. Ensure your puppy is getting enough physical and mental stimulation through playtime, walks, and training sessions.
6.  **Use Deterrents**: If your puppy continues to chew on furniture despite your best efforts, try using deterrents like:
    *   Pet-deterrent sprays or granules
    *   Double-sided tape or aluminum foil (place these on the furniture surfaces to make them unpleasant for your puppy to chew on)
    *   A belly band or blanket with an unpleasant-tasting liquid (be careful not to irritate your puppy's skin)
7.  **Watch for Teething**: During teething, puppies often experience pain and discomfort. Offer your puppy teething toys filled with treats or frozen teething toys to help relieve their discomfort.
8.  **Be Consistent and Patient**: Training your puppy takes time, effort, and patience. Stick to your routine, and remember that accidents will happen. Don't scold or punish your puppy for chewing; instead, focus on rewarding good behavior.

Remember, prevention is key. Be proactive in preventing your puppy from chewing on furniture by:

*   Crating your puppy when you're away from home
*   Keeping valuable items out of reach
*   Creating a safe area for your puppy to play and relax without access to furniture

Your puppy will learn to distinguish between what is and isn't chewable with time, patience, and consistent training.",2.046971713151222e-16,99.87427961438254
How do I train my new puppy not to chew on furniture?,"Congratulations on your new puppy.  Training a puppy not to chew on furniture requires consistency, patience, and positive reinforcement. Here's a step-by-step guide to help you train your puppy:

1. **Provide Alternative Choices**: Offer your puppy plenty of chew toys and treats to satisfy her natural urge to chew. Choose durable, puppy-safe toys made from materials like rubber or nylon.
2. **Supervise**: Keep a close eye on your puppy at all times, especially in areas where you don't want her to chew. Puppies have a short attention span, so intervene before a chewing incident occurs.
3. **Block Access**: Remove temptations by blocking access to off-limits areas or furniture with baby gates, pet gates, or cord protectors. This will help prevent accidental chewing.
4. **Use Positive Reinforcement**: Reward your puppy for ignoring furniture or choosing a chew toy instead. When she ignores or refuses to chew on furniture, praise her and give a treat.
5. **Create a ""No-Chew Zone""**: Designate a specific area for your puppy to chew, such as a puppy zone or play area with plenty of chew toys and treats.
6. **Redirect Chewing**: If you catch your puppy in the act of chewing on furniture, calmly say ""no"" or ""off"" and redirect her to a chew toy. Praise and reward her when she chews on the toy instead.
7. **Calm the Environment**: If you're feeling stressed or frustrated, it may transfer to your puppy, causing her to become more destructive. Stay calm and consistent, and avoid scolding or punishing your puppy for chewing incidents.
8. **Teach the ""Leave It"" Command**: Teach your puppy to leave objects alone using the ""Leave It"" command. Place a treat in front of her and say ""leave it."" When she ignores the treat, praise and reward her for obeying the command.
9. **Exercise and Tire Her Out**: Puppies often chew due to excess energy and boredom. Regular exercise, playtime, and mental stimulation can help reduce destructive chewing.
10. **Gradually Increase Freedom**: As your puppy matures and learns to respect furniture boundaries, gradually give her more freedom and privileges.
11. **Seek Professional Help**: If your puppy's chewing persists or worsens, consult a professional dog trainer or behaviorist for guidance and support.

Remember, consistency and patience are key. It may take time for your puppy to learn to leave furniture alone, but with positive reinforcement and redirection, you can help her develop good habits and a love for chew toys instead.

Additional Tips:

* Use puppy-safe deterrents like bitter-tasting sprays or sticky tape to discourage chewing.
* Avoid giving your puppy human furniture as chew toys or treats.
* Consider crate training to help contain your puppy when you're not supervising.
* Rotate chew toys regularly to keep your puppy engaged and interested.

Remember, every puppy is unique, and what",6.194597818017614e-14,94.99018013843455
How do I train my new puppy not to chew on furniture?,"Congratulations on your new puppy. Training a puppy not to chew on furniture can be challenging, but with consistency, patience, and positive reinforcement, you can help your puppy develop good habits. Here's a step-by-step guide to help you train your puppy:

1.  **Supervise Your Puppy:** Keep a close eye on your puppy at all times, especially when you're not in the same room. Puppies are naturally curious, and they love to explore their surroundings by mouth, so monitor them closely to prevent damage to furniture.
2.  **Provide Alternative Chew Options:** Offer your puppy plenty of chew toys and treats specifically designed for puppies. Rotate these toys regularly to prevent boredom and keep them fresh and interesting. Some great options include rawhide chews, bully sticks, puppy-safe rubber toys, and stuffed animals.
3.  **Redirect the Behavior:** If you catch your puppy attempting to chew on furniture, calmly remind them it's off-limits with a firm ""no"" and redirect them to an acceptable chew toy. Make sure to praise them when they choose a toy instead of the furniture.
4.  **Block Access to Furniture:** Puppies are naturally drawn to the taste and texture of furniture, as it often contains wood, fabric, or other materials that taste good to them. To prevent your puppy from chewing on furniture, block access by:
    a. **Moving valuable items out of reach:** Move any breakable, valuable, or tempting items to high shelves or storage areas where your puppy can't reach them.
    b. **Using baby gates or pet gates:** Place baby gates around the rooms you want to protect to prevent your puppy from entering.
    c. **Covering tempting surfaces:** Use cordless furniture covers or throw blankets to protect furniture from scratches and damage.
5.  **Establish a Routine:**
    a. **Create a routine for playtime and sleep:** Puppies thrive on routine, so establish regular playtime and sleep schedules to give them a sense of security and reduce destructive behavior.
    b. **Schedule regular chew time:** Allocate specific times for your puppy to chew on toys and treats. This will help prevent over-chewing and destructive behavior.
6.  **Praise Good Behavior:** Reward your puppy with praise, affection, and treats when they demonstrate good behavior, like choosing a toy over furniture. This positive reinforcement will help them associate good behavior with good results.
7.  **Be Consistent:** Consistency is key when training your puppy. Set clear rules and stick to them to avoid confusion and reinforce the boundaries you've set.
8.  **Consider Enrolling in Puppy Classes:** Puppy classes or obedience training can help you develop a relationship with your puppy and address specific behavioral issues, including chewing.

**Timeline:**

*   Training your puppy not to chew on furniture takes time. Be patient, and puppies typically mature at 6 months.
*   Start training immediately to prevent bad habits from developing.

**",3.170411809762451e-16,97.22375242888678
How do I train my new puppy not to chew on furniture?,"Congratulations on your new furry family member. Training a puppy not to chew on furniture can be challenging, but with consistency, patience, and positive reinforcement, you can help your puppy develop good habits and prevent destructive chewing. Here's a step-by-step guide to help you train your puppy:

1.  **Provide an Alternative**: Puppies chew due to teething pain, boredom, or natural behavior. Provide your puppy with suitable chew toys and teething products, such as rubber toys, bully sticks, and rawhide chews, to redirect their chewing behavior.
2.  **Supervise and Redirect**: Keep a close eye on your puppy, especially when you're not in the same room, to prevent furniture-chewing incidents. If you catch them attempting to chew on something they shouldn't, gently say ""no"" and redirect their attention to a suitable chew toy.
3.  **Provide Mental and Physical Stimulation**: Puppies need exercise and mental stimulation to prevent boredom. Provide regular walks, playtime, and engage in interactive games like hide-and-seek, fetch, or puzzle toys.
4.  **Set Boundaries and Consequences**: If your puppy starts to chew on furniture, calmly remove them from the area and provide a suitable chew toy. If the behavior persists, use consequences, such as a gentle spray of citrus or a verbal correction, to deter future incidents.
5.  **Use Positive Reinforcement**: Reward your puppy with praise, treats, and affection when they exhibit good behavior, such as chewing on a suitable toy or ignoring furniture.
6.  **Create a Puppy-Proofed Environment**: Crate your puppy when you're not home to prevent access to furniture, and remove any tempting items from their reach.
7.  **Be Consistent**: Training a puppy requires consistent reinforcement. Set boundaries and consequences while establishing routines and following through with the rules, so your puppy knows what's expected of them.
8.  **Housebreaking**: Ensure your puppy is fully housebroken before attempting to address furniture-chewing behavior. A housebroken puppy is more likely to follow house rules and respect furniture.
9.  **Understand Why**: Puppies chew due to teething, anxiety, separation anxiety, or destructive instinct. Understanding the underlying reason behind your puppy's behavior will help you tailor your approach and identify the most effective solutions.
10. **Seek Professional Help**: If your puppy's furniture-chewing persists or leads to damage, seek professional help from a trainer, behaviorist, or your veterinarian for customized guidance.

Remember, consistency, patience, and positive reinforcement are essential when training a puppy. It may take time to develop good habits, so be prepared to dedicate time and effort into creating a puppy-proof home.

Additional suggestions for furniture-specific protection:

- Secure loose wires and loose items and secure loose items securely, such as TV remotes and fragile objects.
- Use deterrents like double-sided tape, citrus sprays, or bitter tasting products on surfaces you",5.301041210471244e-13,90.09950235911019
How do I train my new puppy not to chew on furniture?,"Congratulations on your new furry family member. Training your puppy to not chew on furniture requires consistency, patience, and positive reinforcement. Here's a step-by-step guide to help you address this common issue:

1. **Understand why puppies chew**: Puppies chew due to teething, excitement, boredom, or curiosity. Teething is the primary reason for chewing during the first few months.
2. **Provide adequate chewing alternatives**: Give your puppy plenty of chew toys, such as bully sticks, rubber toys, squeaky toys, and raw hide chews. Rotate toys regularly to keep them interesting.
3. **Supervise, supervise, supervise**: Watch your puppy at all times, especially when you're not home. Use crate training or puppy-proofing products to prevent unsupervised access to furniture.
4. **Redirect undesirable behavior**: Catch your puppy in the act and redirect their attention to an acceptable chew toy. Use a firm ""no"" or ""leave it"" command. You can also replace the object of their chewing with a suitable toy.
5. **Punish the behavior, not the puppy**: Punishing the puppy is counterproductive. Focus on rewarding good behavior instead. Use positive reinforcement techniques like treats, praise, and affection when your puppy ignores or refrains from chewing furniture.
6. **Address teething**: Help your puppy ease teething discomfort using items like:
	* Frosty chew toys filled with treats
	* Cold carrots or frozen treats
	* Teething toys, like rubber or nylon ones
	* A frozen washcloth or a cold, damp cloth
7. **Keep your home safe**: Puppy-proof your furniture by:
	* Blocking access to furniture using baby gates
	* Removing small cushions and throw pillows
	* Covering furniture with puppy-safe covers
	* Avoid leaving trash cans and shoes out, as they're tempting toys
8. **Set boundaries**: Make it clear that furniture is off-limits through consistent communication and consistent punishment for any furniture-related chewing.
9. **Be consistent**: Everyone in the household must follow the same rules and boundaries to avoid confusing the puppy.
10. **Encourage obedience training**: Focus on basic obedience commands, like ""sit,"" ""stay,"" and ""leave it,"" to help your puppy develop impulse control and self-control.

Additionally, consider the following:

* **Separation anxiety**: If your puppy is chewing due to separation anxiety, try setting up a safe space for them to relax while you're away, providing familiar comforts like bedding and toys.
* **Environmental changes**: Adjust your environment by creating a safe and engaging space for your puppy, including interactive toys and plenty of attention when you're home.

Remember, consistency, patience, and time are the keys to a well-trained, furniture-savvy puppy.",1.9878895688855252e-13,98.0947449953484
What are some good exercises for beginners?,"As a beginner, it's essential to start with exercises that are low-impact, easy to learn, and require minimal equipment. Here are some great exercises for beginners:

**Bodyweight Exercises**

1.  **Push-ups**: Targets chest, shoulders, and triceps. Start in a plank position with hands shoulder-width apart and lower your body until your chest almost touches the ground.
2.  **Squats**: Works legs, glutes, and core. Stand with feet shoulder-width apart, then bend your knees, and lower your body until your thighs are parallel to the ground.
3.  **Lunges**: Targets legs, glutes, and core. Stand with feet together, take a large step forward with one foot, and lower your body until your back knee is almost touching the ground.
4.  **Planks**: Engages core muscles. Start in a plank position with hands shoulder-width apart and hold for 30-60 seconds.
5.  **Dumbbell Chest Press**: Targets chest muscles. Lie on your back with knees bent and feet flat on the ground, hold dumbbells over your chest, and press them upwards.

**Cardio Exercises**

1.  **Brisk Walking**: A low-impact cardio exercise that's easy on the joints. Walk quickly, aim for at least 30 minutes per session.
2.  **Jogging**: A more intense cardio exercise that's great for burning calories. Start with short intervals and gradually increase the duration.
3.  **Jumping Jacks**: A classic cardio exercise that works your entire body. Stand with feet together, jump your feet apart, and raise your arms above your head.
4.  **Swimming**: A low-impact cardio exercise that's easy on the joints. Try swimming laps or using a pool's water aerobics equipment.
5.  **Cycling**: A low-impact cardio exercise that targets legs and glutes. Use a stationary bike or a road bike.

**Yoga and Stretching Exercises**

1.  **Downward-Facing Dog**: Stretch your hamstrings, calves, and spine. Start on all fours, lift your hips, and straighten your arms and legs.
2.  **Warrior Pose**: Targets hip flexors and core. Stand with feet wide apart, bend your front knee, and stretch your arms out to the sides.
3.  **Seated Forward Fold**: Stretches your back, shoulders, and hamstrings. Sit on the floor with legs straight out in front, lean forward, and reach for your toes.
4.  **Tree Pose**: Engages core and improves balance. Stand on one leg, lift the other leg off the ground, and stretch your arms above your head.
5.  **Child's Pose**: Stretches your back, shoulders, and neck. Kneel on the floor, sit back onto your heels, and stretch your arms out in front",1.2668393791877628e-14,95.5684761908473
What are some good exercises for beginners?,"As a beginner, it's essential to start with exercises that are enjoyable, easy to learn, and safe to perform. Here are some beginner-friendly exercises that target various muscle groups:

**Cardio Exercises:**

1. **Brisk walking**: Start with short walks (10-15 minutes) and gradually increase duration and intensity.
2. **Bodyweight squats**: Stand with your feet shoulder-width apart, then bend your knees and lower your body down, keeping your back straight.
3. **Jumping jacks**: Stand with your feet together, then jump your feet apart while raising your arms above your head.
4. **Swimming or cycling**: Low-impact exercises that are easy on the joints.

**Strength Training Exercises:**

1. **Push-ups**: Start in a plank position, lower your body down until your chest nearly touches the ground, then push back up.
2. **Squats**: Stand with your feet shoulder-width apart, then bend your knees and lower your body down, keeping your back straight.
3. **Lunges**: Stand with your feet together, take a large step forward with one foot, lower your body down, and push back up.
4. **Dumbbell rows**: Hold a dumbbell with each hand, bend your knees slightly, and lift the dumbbells to your sides until your elbows are at a 90-degree angle.

**Flexibility and Stretching Exercises:**

1. **Hip flexor stretch**: Stand with your feet shoulder-width apart, then bend forward at the hips and stretch your hamstrings.
2. **Quad stretch**: Stand with one hand against a wall, lift one leg behind you, and stretch your quadriceps.
3. **Arm circles**: Hold your arms straight out to the sides, make small circles with your hands, and switch directions.
4. **Chest stretch**: Stand in a doorway with your hands on the doorframe, lean forward, and stretch your chest.

**Core Exercises:**

1. **Plank**: Start in a push-up position, engage your core muscles, and hold for 30-60 seconds.
2. **Russian twists**: Sit on the floor with your knees bent and feet flat, lean back slightly, and twist your torso to target your obliques.
3. **Leg raises**: Lie on your back with your arms extended overhead, lift your legs straight up, and lower them back down.

**Remember:**

1. **Start slow**: Begin with shorter sessions (20-30 minutes) and gradually increase duration and intensity.
2. **Listen to your body**: Rest when needed, and avoid pushing yourself too hard.
3. **Warm up**: Always warm up before exercising with light cardio and stretching.
4. **Consult a doctor**: If you have any health concerns or physical limitations, consult a doctor or a fitness professional before starting a new exercise routine.

These exercises are just a starting point. As you become more comfortable, you can",4.376618502838177e-15,94.52158203390795
What are some good exercises for beginners?,"As a beginner, it's essential to start with exercises that are gentle on your body, yet challenging enough to help you build progress and momentum towards your fitness goals. Here are some great exercises for beginners:

**Upper Body Exercises:**

1. **Push-ups**: Works your chest, shoulders, and triceps.
2. **Dumbbell rows**: Targets your back, shoulders, and biceps.
3. **Bicep curls**: Strengthens your biceps.
4. **Tricep dips**: Works your triceps.
5. **Shoulder press**: Targets your shoulders and triceps.

**Lower Body Exercises:**

1. **Squats**: Works your quadriceps, hamstrings, glutes, and calves.
2. **Lunges**: Targets your quadriceps, hamstrings, glutes, and calves.
3. **Calf raises**: Strengthens your calf muscles.
4. **Glute bridges**: Works your glutes and hamstrings.
5. **Leg raises**: Targets your core and legs.

**Core Exercises:**

1. **Planks**: Engages your core muscles, including abs and back.
2. **Russian twists**: Targets your obliques.
3. **Leg raises**: Works your core and legs.
4. **Bicycle crunches**: Targets your core and obliques.
5. **Wall sit**: Engages your core and legs.

**Cardio Exercises:**

1. **Brisk walking**: A simple and effective cardio exercise.
2. **Jogging**: Increases heart rate and burns calories.
3. **Swimming**: Low-impact and great for those with joint issues.
4. **Cycling**: Works your legs and cardiovascular system.
5. **Jumping jacks**: A fun and energetic cardio exercise.

**Full-Body Exercises:**

1. **Burpees**: Works your entire body, including arms, legs, and core.
2. **Mountain climbers**: Targets your core, legs, and cardiovascular system.
3. **Squat jumps**: Works your quadriceps, hamstrings, glutes, and calves.
4. **Box jumps**: Targets your legs and cardiovascular system.
5. **Kettlebell swings**: Engages your entire body, including arms, legs, and core.

**Tips for Beginners:**

1. **Start slow**: Begin with shorter intervals and gradually increase the duration and intensity.
2. **Warm up and cool down**: Include 5-10 minutes of warm-up exercises, and stretch after each workout to prevent injuries.
3. **Consult a doctor**: If you have any health concerns or injuries, consult with your doctor before starting any new exercise routine.
4. **Listen to your body**: Rest when needed, and don't push yourself too hard, as this can lead to injury or burnout.
5. **Find a workout buddy**: Having a workout partner or friend can help keep you motivated and accountable.

Remember, consistency and patience are",9.862862046510951e-15,94.52042004582049
What are some good exercises for beginners?,"As a beginner, it's essential to start with exercises that are low-impact, easy to learn, and work on different muscle groups. Here are some of the best exercises for beginners:

**Cardio Exercises:**

1. **Walking**: Start with short walks (10-15 minutes) and gradually increase the duration and frequency.
2. **Jogging**: Jogging is a great way to improve cardiovascular health and burn calories. Start with short intervals (20-30 seconds) and gradually increase the duration.
3. **Cycling**: Stationary cycling or using a bike is an easy and low-impact way to improve cardiovascular fitness.
4. **Swimming**: Swimming is a low-impact exercise that's easy on the joints. Start with short sessions and focus on different strokes.

**Strength Training Exercises:**

1. **Push-ups**: Works the chest, shoulders, and triceps. Start with modified push-ups on knees instead of toes.
2. **Squats**: Works the legs, glutes, and core. Stand with feet shoulder-width apart and slowly lower yourself down.
3. **Lunges**: Works the legs and glutes. Stand with feet together and take a large step forward with one foot.
4. **Planks**: Works the core, shoulders, and back. Start in a push-up position with hands under shoulders, engage your core, and hold for 30-60 seconds.
5. **Dumbbell rows**: Works the back and biceps. Hold a dumbbell in each hand and bend your knees slightly.
6. **Bicep curls**: Works the biceps. Hold a dumbbell in each hand and curl your arms up.

**Yoga and Stretching Exercises:**

1. **Downward-facing dog**: Stretches the hamstrings, calves, and spine.
2. **Cobra pose**: Stretches the chest and shoulders.
3. **Seated forward fold**: Stretches the back, hips, and hamstrings.
4. **Tree pose**: Improves balance and strengthens the ankles and legs.

**Tips for Beginners:**

1. **Start slow**: Begin with short sessions (10-15 minutes) and gradually increase the duration and frequency.
2. **Listen to your body**: Rest when needed, and don't push yourself too hard.
3. **Warm up**: Before exercise, warm up with light cardio and stretching to prevent injuries.
4. **Use proper form**: Learn proper form and technique to avoid injuries and get the most out of your exercises.
5. **Seek guidance**: Consult with a personal trainer or fitness professional to create a workout plan tailored to your needs and goals.

Remember, consistency is key. Start with exercises that you enjoy and gradually increase the intensity and difficulty as you become more comfortable.",0.0,99.99990348553092
What are some good exercises for beginners?,"As a beginner, it's essential to start with exercises that are easy to learn, require minimal equipment, and work on overall fitness and body strength. Here are some effective exercises for beginners:

**Cardio Exercises**

1.  **Brisk Walking**: Walking quickly at a pace of 3-4 miles per hour or faster.
2.  **Jogging or Running**: Starting with short distances (10-15 minutes) and gradually increasing duration.
3.  **Swimming**: Low-impact exercise for all major muscle groups.
4.  **Cycling**: Using a stationary bike or outdoor cycling.
5.  **Dancing**: Dance-based workouts like Zumba, Hip Hop Abs, or Bollywood.

**Strength Training Exercises**

1.  **Push-ups**: Builds chest, shoulder, and tricep muscles.
2.  **Squats**: Strengthens legs, glutes, and core muscles.
3.  **Lunges**: Targets legs, hips, and glutes.
4.  **Planks**: Engages core muscles and improves posture.
5.  **Bodyweight Squats with Calf Raises**: Works legs and calf muscles.

**Yoga and Stretching Exercises**

1.  **Downward-Facing Dog**: Stretches hamstrings, calves, and spine.
2.  **Cobra Pose**: Strengthens back muscles and opens chest.
3.  **Warrior Pose**: Targets legs, hips, and core muscles.
4.  **Tree Pose**: Engages core muscles and improves balance.
5.  **Seated Forward Fold**: Stretches hamstrings and lower back muscles.

**Home Workout Routines**

1.  Alternate between push-ups, lunges, squats, and planks.
2.  Try a 7-minute workout involving burpees, mountain climbers, jump squats, and push-ups.
3.  Mix cardio and strength exercises, like combining jogging or running with bodyweight exercises.
4.  Focus on core strength with exercises like planks, crunches, and leg raises.
5.  Try yoga routines, like Hatha, Vinyasa, or Restorative yoga.

Remember to:

*   Begin with shorter workout sessions and gradually increase duration.
*   Warm-up and cool-down with stretching exercises to prevent injury.
*   Focus on proper form and technique to avoid injury.
*   Consult a doctor or fitness expert before starting any new exercise routine.

Start slow, stay consistent, and have fun experimenting with new exercises and routines.",2.6545533078178355e-15,99.06963012729018
Can you tell me about the history of jazz?,"Jazz is a genre of music that originated in the late 19th and early 20th centuries in the southern United States, particularly in New Orleans. The history of jazz is a rich and complex one, with influences from various musical styles, social conditions, and cultural traditions.

**Early Beginnings (1890s-1920s):**
Jazz emerged as a fusion of different musical styles, including African American spirituals, blues, ragtime, and European classical music. The genre was heavily influenced by African American musical traditions, such as African rhythms, call-and-response patterns, and blues melodies. New Orleans was a melting pot of different cultures, with African American, European, and Caribbean musicians creating a unique sound.

**The Birth of Jazz (1890s-1920s):**
In the late 19th century, African American musicians in New Orleans began experimenting with various musical styles, resulting in the creation of ragtime, a style characterized by syncopated rhythms and melodies. Pioneers like Buddy Bolden, Sidney Bechet, and Jelly Roll Morton helped shape the sound of early jazz.

**Jazz Spreads (1920s-1940s):**
As jazz spread throughout the United States, it evolved into different styles, such as swing, blues, and swing jazz. The 1920s saw the rise of legendary jazz musicians like Louis Armstrong, Duke Ellington, and Bessie Smith. Duke Ellington's orchestra became one of the most influential jazz groups of all time, while Louis Armstrong's unique trumpet playing and singing style helped define the genre.

**The Bebop Era (1940s-1950s):**
Bebop, a faster-paced and more complex style of jazz, emerged in the 1940s. Led by musicians like Charlie Parker, Dizzy Gillespie, and Thelonious Monk, bebop pushed the boundaries of jazz, incorporating harmonic and rhythmic innovations. This era also saw the rise of cool jazz, a more laid-back style characterized by relaxed tempos and harmonies.

**Cool Jazz and Hard Bop (1950s-1960s):**
The 1950s and 1960s saw the emergence of cool jazz, with musicians like Miles Davis, John Coltrane, and Chet Baker creating a more introspective, chamber jazz sound. Hard bop, a fusion of urban blues and jazz, emerged in the 1950s, with artists like Clifford Brown and Art Blakey dominating the scene.

**Free Jazz and Fusion (1960s-1970s):**
The 1960s saw a radical shift in jazz, with the emergence of free jazz, a more experimental style characterized by improvisation and free forms. Pioneers like John Coltrane, Archie Shepp, and Ornette Coleman pushed the boundaries of what was possible in jazz. Fusion, a blend of jazz and rock, funk, and electronic music, gained popularity",0.0,94.85325898277532
Can you tell me about the history of jazz?,"Jazz is a diverse and fascinating genre of music with a rich history spanning over a century. Its evolution is a testament to the cultural melting pot of the United States, where African, European, and Latin American influences came together to create a unique sound. Here's a brief history of jazz:

**Early Beginnings (1895-1910)**

* Jazz emerged in the late 19th and early 20th centuries, primarily in New Orleans, Louisiana. It developed from a blend of African-American work songs, spirituals, blues, ragtime, and European classical music.
* African-American music traditions, such as blues and spirituals, were the foundation of jazz. The blues emerged from African-American work songs, and spirituals were a reflection of African-American Christian traditions.
* The first jazz instruments were brass horns, which were introduced by African-American instrumentalists, including Buddy Bolden and Jelly Roll Morton.

**The Development of Jazz (1910-1920)**

* Jazz spread to cities outside of New Orleans, including Chicago, New York City, and Kansas City. Each city contributed to the evolution of jazz, with improvisation and soloing becoming key elements.
* The 1910s saw the rise of the ""Dixieland"" style, characterized by its use of brass instruments and polyrhythms.
* Legendary musicians such as Louis Armstrong, Buddy Bolden, and Sidney Bechet began to gain recognition for their contributions to the emerging genre.

**The Jazz Age (1920-1930)**

* The 1920s became known as the ""Jazz Age."" Duke Ellington, Count Basie, and Fletcher Henderson became prominent bandleaders, creating some of the most enduring jazz compositions of the era.
* Blues singer Bessie Smith rose to fame, influencing other vocalists and shaping the development of jazz singing.
* The rise of jazz in Europe, particularly in Paris, led to the ""Lost Generation"" of American expatriates, including F. Scott Fitzgerald and Ernest Hemingway, who captured the essence of jazz culture in their writing.

**The Swing Era (1930-1940)**

* The 1930s saw the rise of swing music, characterized by a strong emphasis on rhythm and solo improvisations. Big bands, such as those led by Duke Ellington and Count Basie, became incredibly popular.
* Singers like Billie Holiday, Ethel Waters, and Cab Calloway gained fame as jazz vocalists, with Calloway's innovative scat singing being particularly influential.
* Swing music influenced popular culture, with films such as ""42nd Street"" and ""Top Hat"" showcasing its energetic and energetic style.

**Bebop and Cool Jazz (1940-1950)**

* The 1940s saw the emergence of bebop, characterized by fast tempos, complex harmonies, and improvisations that often lasted for multiple choruses.Charlie Parker and Dizzy",2.654553307842012e-15,86.11047113615268
Can you tell me about the history of jazz?,"Jazz is a genre of music that originated in the southern United States in the late 19th and early 20th centuries. It's a unique fusion of African American music traditions, including blues, swing, gospel, and ragtime, with European instrumentation and harmony. Here's a brief history of jazz:

**Early Beginnings (1880s-1910s)**
Jazz originated in New Orleans, Louisiana, where African Americans, Europeans, and Latin Americans interacted and influenced each other's music. African American blues musicians played a key role in shaping the early jazz sound, with musicians like Buddy Bolden, Jelly Roll Morton, and Sidney Bechet popularizing the genre.

**New Orleans Jazz (1910s-1920s)**
New Orleans jazz was characterized by its infectious rhythms, improvisation, and polyrhythms. This style of jazz was led by notable musicians like Louis Armstrong, King Oliver, and Sidney Bechet. The Preservation Hall Jazz Band, a legendary ensemble, was formed in this era and still performs traditional New Orleans jazz today.

**Swing and the Harlem Renaissance (1920s-1930s)**
The 1920s saw the rise of swing music, which emphasized strong, syncopated rhythms and a focus on solo improvisations. Jazz musicians like Duke Ellington, Count Basie, and Fats Waller became stars of the era. The Harlem Renaissance, which celebrated African American culture, helped to fuel the growth of jazz during this period.

**Bebop and Cool Jazz (1940s-1950s)**
Bebop, a fast-paced and complex style of jazz, emerged in the 1940s with musicians like Charlie Parker, Thelonious Monk, and Dizzy Gillespie. Cool jazz, characterized by a relaxing tempo and laid-back atmosphere, was pioneered by Miles Davis and John Coltrane.

**Latin and Hard Bop (1950s-1960s)**
Latin jazz, led by musicians like Chano Pozo and Cal Tjader, incorporated Afro-Cuban rhythms into the jazz idiom. Hard bop, which emphasized soulful, street-oriented sounds, was represented by artists like Art Blakey, Horace Silver, and Donald Byrd.

**Free Jazz and Fusion (1960s-1970s)**
Free jazz, characterized by experimental and free-form improvisations, was practiced by musicians like John Coltrane, Cecil Taylor, and Ornette Coleman. Fusion, a genre that blended jazz with rock, funk, and electronic sounds, was pioneered by Herbie Hancock and Miles Davis.

**Modern Jazz (1970s-present)**
In the 1970s and 1980s, jazz branched out into various subgenres, such as smooth jazz, jazz fusion, and acid jazz. Modern jazz continues to evolve, incorporating a wide range of styles and electronic elements.

**Key Figures and Influences**
Notable jazz musicians",1.5083190165099175e-13,94.52101618817397
Can you tell me about the history of jazz?,"Jazz is a genre of music that originated in the late 19th and early 20th centuries in the southern United States, particularly in the city of New Orleans. The history of jazz is a rich and complex one, spanning over a century and encompassing various styles, sub-genres, and influences.

**Early Beginnings (1890s-1910s)**

Jazz originated from a blend of African and European musical traditions. African-American work songs, blues, and field hollers were mixed with European instrumentation, harmony, and rhythm. The first jazz-like music was played by African-American communities in Louisiana, particularly in New Orleans, where African, European, and Latin American cultures intersected.

**The Birth of Jazz (1910s-1920s)**

New Orleans jazz, also known as Dixieland jazz, emerged in the 1910s. It was characterized by its use of brass instruments, improvisation, and polyrhythms. The city's unique cultural melting pot created a fertile ground for jazz to grow. Bands like the Original Dixieland Jazz Band, led by cornetist Buddy Bolden, and the New Orleans Rhythm Kings popularized the genre.

**Swing and Big Bands (1920s-1940s)**

As jazz spread throughout the United States, it evolved into swing and big band music. This style, led by orchestras like Duke Ellington's and Count Basie's, featured large ensembles, elaborate arrangements, and synchronized horn sections. The great jazz singers, including Billie Holiday, Ella Fitzgerald, and Louis Armstrong, rose to fame during this period.

**Bebop and Cool Jazz (1940s-1950s)**

In the 1940s, a new, more complex style of jazz emerged: bebop. Led by Charlie Parker and Dizzy Gillespie, bebop emphasized fast tempos, complex harmonies, and virtuosic soloing. Cool jazz, led by Miles Davis and Chet Baker, emphasized a more relaxed, melodic playing style. This subgenre blended elements of jazz and classical music.

**Jazz Expansion and Experimentation (1950s-1960s)**

In the 1950s and 1960s, jazz continued to diversify. New styles emerged, such as hard bop, Latin jazz, and free jazz. Iconic musicians like John Coltrane, Thelonious Monk, and Ornette Coleman pushed the boundaries of jazz. The use of electronic instruments, synthesizers, and other new technologies also expanded jazz's sonic possibilities.

**Jazz Fusion and Smooth Jazz (1970s-1980s)**

In the 1970s, jazz fusion emerged, often incorporating elements from rock, funk, and electronic music. This style, characterized by groups like Miles Davis' ""Bitches Brew"" band and Weather Report, pushed jazz into new territories. Smooth jazz, led by artists like",0.0,91.84073737848527
Can you tell me about the history of jazz?,"Jazz is a genre that originated in the late 19th and early 20th centuries, emerging from a mix of African and European musical traditions. Here's an overview of the major developments in the history of jazz:

**Early Beginnings ( Late 19th and Early 20th Centuries)**

- **African Influence**: African musical styles, such as blues, call-and-response, and polyrhythms, were brought to the Americas through the transatlantic slave trade. Enslaved Africans incorporated these styles into their music, creating unique sounds.
- **Louisiana and New Orleans**: The city of New Orleans, with its blend of African, European, and Caribbean influences, became a melting pot for jazz. African rhythms and blues, combined with European instrumentation and harmony, laid the groundwork for jazz.
- **Early Jazz Musicians**: Musicians like Buddy Bolden, Jelly Roll Morton, and Sidney Bechet began developing the distinctive sound of jazz. They mixed ragtime, blues, and swing to create a new kind of music.

**The Roaring Twenties and the Rise of Swing (1920s)**

- **New Musical Developments**: Louis Armstrong (1901-1971) revolutionized jazz with his virtuosic trumpet playing, expressive phrasing, and iconic vocals. He is often considered one of the greatest jazz musicians of all time.
- **Swing Era**: Jazz music shifted toward more complex harmony and polyrhythms, creating the ""swing"" style characterized by a strong emphasis on rhythm and solo improvisation.
- **Big Bands and Small Combos**: Large ensembles with multiple instruments, like the Duke Ellington Orchestra, thrived during this era. Meanwhile, smaller combos, like those led by Count Basie and Artie Shaw, gained popularity.

**The Great American Songbook and Bebop (1930s-1950s)**

- **Standard Songbook**: Musicians created and popularized iconic jazz standards, like ""My Funny Valentine"" and ""Mood Indigo."" These songs became cornerstones of jazz repertoires.
- **Bebop Revolution**: Dizzy Gillespie, Charlie Parker, and Thelonious Monk introduced faster tempos, complex chord progressions, and unconventional scales. Bebop was a radical innovation, pushing the boundaries of jazz creativity.
- **Cool Jazz and Latin Jazz**: Cool jazz, led by musicians such as Chet Baker and Miles Davis, emphasized subtle textures and introspective melodies. Latin jazz, popularized by Tito Puente and Chano Pozo, infused Cuban and Afro-Cuban rhythms into jazz.

**Free Jazz, Fusion, and Beyond (1960s-1970s)**

- **Free Jazz**: Musicians like Ornette Coleman and John Coltrane abandoned traditional jazz structures, experimenting with free improvisation, dissonance, and atonality. This movement marked a significant departure from traditional jazz.
- **Fusion",6.778639342749829e-15,89.54878032710417
What should I consider when buying a new car?,"When buying a new car, there are several factors to consider to make a well-informed decision. Here are some key things to think about:

1. **Budget**: Determine how much you can afford to spend on a car, including the purchase price, loan or lease payments, insurance, fuel, maintenance, and repairs.
2. **Needs and lifestyle**:
	* How many people will the car need to seat?
	* Do you need a car for daily commuting, road trips, or off-road adventures?
	* Do you have a large family or frequently transport bulky items?
3. **Type of vehicle**:
	* Sedan, SUV, truck, hatchback, electric, hybrid, or convertible?
	* Consider factors like fuel efficiency, space, and handling.
4. **Fuel efficiency**:
	* Gasoline, diesel, hybrid, electric, or alternative fuel options?
	* Research estimated fuel costs and fuel efficiency ratings.
5. **Safety features**:
	* Airbags, anti-lock brakes, electronic stability control, and advanced safety features like lane departure warning and blind spot monitoring.
6. **Reliability and durability**:
	* Research the car's reliability and durability by reading reviews, checking reliability and satisfaction ratings, and looking at maintenance costs.
7. **Warranty and maintenance**:
	* Check the manufacturer's warranty and maintenance requirements.
8. **Test drive**: Drive the car you're interested in to ensure it's a good fit for you.
9. **Certified pre-owned or new**: Consider buying a certified pre-owned vehicle for lower costs or a new vehicle for peace of mind.
10. **Financing**: Explore financing options and compare rates from different lenders.
11. **Resale value**: Research the car's potential resale value to make an informed decision.
12. **Infotainment and technology**: Consider the car's infotainment system, navigation, and connectivity features.
13. **Vehicle history report**: Use a vehicle history report to ensure the car has a clean title and no major issues.
14. **Dealer or private sale**: Purchase from a reputable dealer or private seller.
15. **Additional costs**: Factor in costs like registration, insurance, and any additional features or accessories you may want.

Additionally, consider the following factors:

* Environmental impact: If you're concerned about your carbon footprint, consider an electric or hybrid vehicle.
* Parking and storage space: If you live in a city or have limited parking space, consider a compact or compact SUV.
* Off-road capabilities: If you plan to drive on rough terrain, consider a 4x4 or SUV.
* Long-distance driving: If you plan to drive long distances frequently, consider a vehicle with a comfortable ride and features like cruise control and lane departure warning.

Ultimately, the key to finding the right car is to weigh your needs, wants, and budget against the features and options available in the market.",4.658886145067976e-15,99.73724753099361
What should I consider when buying a new car?,"When buying a new car, there are several factors to consider to ensure you make an informed decision. Here are the key things to consider:

1. **Your Budget**: Determine how much you can afford to spend on a car, including the purchase price, financing costs, insurance, fuel, maintenance, and repair costs.
2. **Purpose**: Consider what you will be using the car for (commuting, road trips, off-roading, etc.). This will help you decide on the type of vehicle you need.
3. **Space and Comfort**: Think about the number of passengers you will be driving and the amount of space you need for cargo or luggage.
4. **Fuel Efficiency**: Consider the fuel type (gasoline, diesel, hybrid, electric) and the car's fuel efficiency to save on fuel costs.
5. **Safety Features**: Research the safety features of the car, such as airbags, anti-lock brakes, electronic stability control, and advanced driver assistance systems like lane departure warning and blind-spot monitoring.
6. **Reliability and Durability**: Check the car's reliability and durability by reading reviews, consulting reliability and satisfaction surveys, and checking the manufacturer's warranty.
7. **Maintenance and Repair Costs**: Research the estimated maintenance and repair costs of the car, including replacement parts and labor.
8. **Test Drive**: Test drive the car to get a feel for its performance, handling, and features.
9. **Research the Brand and Model**: Research the car's history, reviews, and ratings to ensure you're getting a reliable and quality vehicle.
10. **Warranty and Maintenance Options**: Check the length and coverage of the manufacturer's warranty, as well as any additional maintenance and repair options.
11. **Insurance Costs**: Research the insurance costs for the car, including comprehensive and collision coverage.
12. **Customization and Upgrades**: Consider any additional features or upgrades you might want, such as a sunroof, heated seats, or a premium sound system.
13. **Trade-in Value**: If you're trading in your current car, research its value to ensure you get a fair trade-in value.
14. **Financing Options**: Research financing options, including interest rates, loan terms, and deposit requirements.
15. **Dealer or Private Sale**: Decide whether to buy from a dealership or a private seller, and research any potential risks or benefits associated with each option.

Additionally, consider the following:

* **Check the car's history**: Use services like Carfax or AutoCheck to get a detailed report of the car's history.
* **Get a mechanic's inspection**: Consider hiring a mechanic to inspect the car before buying.
* **Review the warranty**: Carefully review the warranty and any limitations or exclusions.
* **Check for recalls**: Check if the car has any outstanding recalls or safety notices.
* **Consider the environment**: If you care about the environment, consider a fuel-efficient or electric vehicle.

By carefully considering these factors, you",9.173890754131524e-16,94.39847530309537
What should I consider when buying a new car?,"When buying a new car, there are several factors to consider to ensure that you find the right vehicle for your needs and budget. Here are some key things to consider:

1. **Budget**: Determine how much you can afford to spend on a car, including the purchase price, financing costs, insurance, fuel, maintenance, and repairs.
2. **Needs and lifestyle**: Think about how you will be using the car. Will it be for daily commuting, road trips, or off-road adventures? Do you need a family-friendly vehicle or a reliable car for solo travel?
3. **Fuel efficiency**: Consider the fuel type and fuel economy of the car. If you drive long distances or have a busy schedule, a fuel-efficient vehicle can save you money.
4. **Safety features**: Look for cars with advanced safety features, such as airbags, anti-lock brakes, and electronic stability control.
5. **Reliability and durability**: Research the car's reliability and durability by checking reliability and satisfaction surveys, maintenance costs, and warranty information.
6. **Test drive**: Take the car for a spin to get a feel for its handling, comfort, and performance.
7. **Insurance costs**: Check the insurance costs for the car you're interested in, as some models may be more expensive to insure than others.
8. **Warranty**: Consider the length and coverage of the manufacturer's warranty, as well as any additional warranties or maintenance plans available.
9. **Depreciation**: Research the car's depreciation rate to ensure it holds its value over time.
10. **Manufacturer and model reputation**: Research the manufacturer's reputation for quality, reliability, and customer satisfaction.
11. **Test the car's safety features**: Check if the car has any advanced safety features such as lane departure warning, blind spot monitoring, and crash test ratings.
12. **Electrification**: Consider if you want a hybrid or electric vehicle, which may have different operating costs and infrastructure needs.
13. **Resale value**: Think about how easy the car will be to sell in the future and what its resale value will be.
14. **Certification programs**: Look for manufacturer certification programs, such as certified pre-owned programs, which can provide added peace of mind when buying a used car.
15. **Additional features**: Consider any additional features you want, such as infotainment systems, navigation, and entertainment systems.

**Types of cars to consider:**

1. **Compact sedan**: A fuel-efficient and affordable option for city driving.
2. **Midsize sedan**: A good balance between fuel efficiency and space for passengers.
3. **SUV or crossover**: A versatile option for families or those who need additional storage space.
4. **Mini van**: A practical and compact vehicle for families or commercial use.
5. **Electric or hybrid vehicle**: A great option for eco-friendly drivers or those with short commutes.
6. **Truck**: A great option for heavy-duty use,",1.6992384987845343e-14,90.95715237604857
What should I consider when buying a new car?,"When buying a new car, there are several factors to consider to ensure you make an informed decision. Here are some key considerations:

1.  **Budget**: Set a realistic budget that includes not only the purchase price but also ongoing costs such as:
    *   Finance or loan repayments
    *   Fuel costs (consider the fuel efficiency of the car)
    *   Insurance premiums
    *   Maintenance and repair costs
    *   Registration and licensing fees
2.  **Needs and preferences**: Consider your lifestyle and the needs of your family:
    *   Number of passengers and cargo space required
    *   Purpose of the car (e.g., daily commuting, long road trips, family transportation, off-road use)
    *   Preferences for features such as:
        *   Size and type of car (sedan, SUV, truck, coupe, electric, etc.)
        *   Transmission type (automatic, manual, semi-automatic)
        *   Engine type (gasoline, diesel, hybrid, electric)
        *   Comfort features (e.g., heated seats, navigation system, smartphone integration)
3.  **Safety features**: Assess the level of safety features you require:
    *   Airbags and their number
    *   Anti-lock braking system (ABS)
    *   Electronic stability control (ESC)
    *   Rearview camera
    *   Lane departure warning and blind spot monitoring
4.  **Fuel efficiency and environmental concerns**: Consider the impact on the environment and your budget:
    *   Fuel consumption and emissions
    *   Availability of electric or hybrid models
    *   Carbon footprint reduction options (e.g., eco-friendly materials, recyclable parts)
5.  **Test drive**: Research and test drive several models to get a feel for the car's performance, comfort, and reliability.
6.  **Reliability and warranty**: Research the manufacturer's reputation for reliability and durability:
    *   Check reliability ratings from sources like Consumer Reports
    *   Look for comprehensive warranties (e.g., bumper-to-bumper, powertrain, roadside assistance)
    *   Ask about extended warranty options
7.  **Insurance costs**: Consider the insurance costs associated with the car:
    *   Research insurance quotes and compare different providers
    *   Look for vehicles with high safety ratings and lower insurance costs
8.  **Financing options**: Research financing options:
    *   Compare rates and terms from different lenders (banks, dealerships, online lenders)
    *   Consider leasing or financing with a co-signer (if applicable)
9.  **Maintenance and repairs**: Consider post-purchase maintenance and repair costs:
    *   Research the average maintenance costs of the vehicle
    *   Look for cars with reliable parts and easy access to repair shops
10.  **Warranty and maintenance schedules**: Check the manufacturer's warranty and maintenance schedule to understand the expected costs over time.
11.  **Registration",6.305116760124001e-16,88.2387550144677
What should I consider when buying a new car?,"When buying a new car, there are several factors to consider to ensure that you make an informed decision. Here are some key things to consider:

1. **Budget**: Determine how much you can afford to spend on a car, including not just the purchase price but also ongoing costs like fuel, insurance, maintenance, and repairs.
2. **Your lifestyle and needs**: Consider how you plan to use the car. If you need a car for daily commuting, a small sedan might be sufficient. If you have a large family, a minivan or SUV might be a better option.
3. **Fuel efficiency**: If you plan to drive long distances or have a long commute, look for a car with good fuel efficiency to save money on gas.
4. **Reliability and durability**: Research the car's reliability and durability to ensure it can withstand wear and tear over time.
5. **Safety features**: Ensure the car has essential safety features like airbags, anti-lock brakes, and electronic stability control.
6. **Maintenance costs**: Consider the cost of maintenance, including repairs and replacement parts, to avoid surprise expenses down the road.
7. **Warranty and protection**: Look for a car with a comprehensive warranty and consider purchasing additional protection plans or extended warranties.
8. **Insurance costs**: Research insurance rates for the car and consider factors like safety features, location, and driving history.
9. **Test drive**: Take the car for a spin to get a feel for its performance, handling, and comfort.
10. **Brand and reputation**: Research the car manufacturer's reputation for producing high-quality vehicles and reliability.
11. **Model year and updates**: Consider the latest models and updates, including advanced safety features and infotainment systems.
12. **Resale value**: Think about how easily you can sell the car in the future and whether it will hold its value over time.
13. **Emissions and environmental impact**: If you're concerned about the environment, research the car's eco-friendliness and emissions.
14. **Customization and accessories**: Consider any customizations or accessories you might want, such as a moonroof or leather seats.
15. **Dealer and financing options**: Research dealerships and financing options to ensure you get a good deal and competitive rates.
16. **Certification and inspection**: Look for certified pre-owned (CPO) vehicles or inspect the car thoroughly to ensure it's in good condition.
17. **Testimonials and reviews**: Read reviews and ask for testimonials from other owners to gauge the car's performance and reliability.
18. **Warranty and servicing**: Check the car's warranty period and servicing requirements, including maintenance schedules and intervals.
19. **Crash test ratings**: Research the car's crash test ratings and safety certifications, such as those from National Highway Traffic Safety Administration (NHTSA) and Insurance Institute for Highway Safety (IIHS).
20. **Technology and features**: Consider the latest technology and features, such as adaptive",1.0266372951927283e-14,87.5706221555407
How do I approach my boss about a raise?,"Asking for a raise can be a challenging but necessary step in your career development. Here's a step-by-step guide to help you approach your boss about a raise:

**Before the conversation:**

1. **Research your worth**: Use online resources such as Glassdoor, Payscale, or the Bureau of Labor Statistics to determine the average salary for someone in your position and industry in your area.
2. **Track your accomplishments**: Keep a record of your achievements and contributions to the company, including successful projects, positive feedback, and any additional responsibilities you've taken on.
3. **Prepare your case**: Write down specific examples of your achievements and how they've positively impacted the company. Be sure to emphasize how your contributions have added value to the organization.
4. **Identify your goals**: Consider what you hope to achieve from the conversation and what you're willing to do to earn a raise.

**During the conversation:**

1. **Schedule a meeting**: Request a private meeting with your boss to discuss your salary. Be specific about the date and time.
2. **Start with positivity**: Begin the conversation by expressing your appreciation for your job, the company, and your boss.
3. **Clearly state your case**: Present your research and highlight your achievements, emphasizing how they've positively impacted the company.
4. **Show your value**: Emphasize how your contributions have added value to the organization and why you feel a raise is justified.
5. **Specify what you're asking for**: Clearly state what you're asking for – a specific salary or percentage increase – and be prepared to negotiate.
6. **Be flexible**: Be open to alternative solutions, such as additional benefits or a performance-based raise.

**Examples of what to say:**

* ""I've been with the company for [X] years and have consistently delivered high-quality work. I've taken on additional responsibilities and exceeded my performance goals. I believe my contributions warrant a salary review.""
* ""I've done some research and found that my salary is below the industry average for someone with my experience and qualifications. I'm asking for a raise to bring my salary more in line with industry standards.""
* ""I'm committed to this company and want to continue making significant contributions. I believe a raise would be a well-deserved recognition of my hard work and dedication.""

**After the conversation:**

1. **Follow up**: Send a summary of your discussion and any agreements or next steps to your boss.
2. **Be patient**: It may take some time for your boss to consider your request and discuss it with HR or other decision-makers.
3. **Be prepared to negotiate**: Your boss may not be able to grant you the raise you're asking for, so be prepared to discuss alternative solutions or a performance-based raise.

**Additional tips:**

* **Don't be pushy or confrontational**: Approach the conversation as a collaborative discussion, not a confrontation.
* **Be confident but respectful**: Show",6.387095320526732e-13,94.9912348185039
How do I approach my boss about a raise?,"Approaching your boss about a raise can be a challenging conversation, but being prepared and confident can increase your chances of a positive outcome. Here's a step-by-step guide to help you prepare and have the conversation:

**Before the conversation:**

1.  **Research your worth**: Look at salary data from reputable sources such as Glassdoor, PayScale, or the Bureau of Labor Statistics to determine the average salary for someone in your position and industry.
2.  **Keep track of your achievements**: Make a list of your accomplishments and contributions to the company, including any successful projects, positive feedback from coworkers or supervisors, and any additional responsibilities you've taken on.
3.  **Prepare a persuasive case**: Think about why you deserve a raise and be ready to explain it clearly and confidently.
4.  **Set a target salary range**: Based on your research, set a specific salary range you're aiming for, but be flexible and open to negotiation.

**Setting the conversation:**

1.  **Schedule a meeting**: Request a meeting with your boss to discuss your salary. Choose a time when your boss is likely to be available and not too busy or distracted.
2.  **Communicate your value**: During the meeting, clearly and confidently explain your achievements and why you feel you deserve a raise. Use specific examples and metrics to support your case.
3.  **Be prepared to discuss your target salary range**: Be clear and direct about your target salary range, but also be open to negotiating.
4.  **Be respectful and professional**: Approach the conversation as a discussion, not a demand. Show that you value your job and the company, and are willing to work together to find a solution.

**What to say during the conversation:**

1.  Start with a positive statement: ""I want to discuss my salary because I've been with the company for [X] years and have consistently delivered high-quality work, taken on additional responsibilities, and contributed to the company's success.""
2.  Highlight your achievements: ""I've achieved the following: \[list your accomplishments]. I believe these contributions demonstrate my value to the company and justify a salary increase.""
3.  Explain your research: ""Based on my research, I believe the average salary for someone in my position and with my experience is between \[insert range]. I believe my skills and qualifications align with this range, and I'd like to discuss the possibility of a raise to bring my salary more in line with industry standards.""
4.  Specify your target salary range: ""I'm hoping we can discuss a salary increase to \[insert range]. I'm open to negotiation and am willing to work together to find a solution that works for both of us.""

**After the conversation:**

1.  **Follow up**: If your boss needs time to consider your request, ask for a specific timeline for a decision and offer to discuss it further if needed.
2.  **Be prepared to",8.381008072954861e-13,94.25070967527566
How do I approach my boss about a raise?,"Approaching your boss about a raise can be a challenging conversation, but it's a normal part of career development. Here's a step-by-step guide to help you prepare and make your case:

**Before the conversation:**

1.  **Research your worth**: Look at industry salary data to determine the average salary for someone in your position and with your experience. Websites like Glassdoor, Payscale, and the Bureau of Labor Statistics can provide valuable information.
2.  **Make a list of your achievements**: Write down your accomplishments and contributions to the company, including any successful projects, positive feedback, and additional responsibilities you've taken on.
3.  **Prepare your case**: Be specific about why you deserve a raise, and focus on the value you've added to the company.
4.  **Set a target salary range**: Based on your research, decide on a specific salary range you're comfortable with and realistic about.

**The conversation:**

1.  **Schedule a meeting**: Request a meeting with your boss to discuss your salary, and choose a time when your boss is likely to be available and not too busy or distracted.
2.  **Be confident and prepared**: Dress professionally, and ensure you have all your materials and evidence ready.
3.  **Start with positivity**: Express your appreciation for your job and the company, and acknowledge any positive feedback or recognition you've received.
4.  **Make your case**: Clearly and concisely explain why you deserve a raise, highlighting your achievements, skills, and contributions.
5.  **Ask for specific feedback**: Ask your boss for feedback on your performance and what you can improve on.

**Possible outcomes:**

1.  **Salary increase**: Your boss may agree to a salary increase, either to the amount you requested or close to it.
2.  **Negotiation**: Your boss may not be able to offer the exact salary you requested but might be willing to discuss other benefits, such as additional vacation days, flexible work arrangements, or professional development opportunities.
3.  **No decision**: Your boss may need time to consider your request and may offer an alternative, such as a performance review in six months.
4.  **Denial**: If your boss is unable to grant a salary increase, ask for feedback on what you need to improve on and set a plan for achieving those goals.

**After the conversation:**

1.  **Follow up**: Within a few days of the conversation, send a summary of your discussion and any agreed-upon next steps to your boss.
2.  **Be open to feedback**: Use the feedback you receive to improve your performance and contribute more to the company.
3.  **Review and adjust**: If you're not satisfied with the outcome, consider looking into new job opportunities that better align with your salary expectations.

Remember that asking for a raise is a normal part of career development, and it's okay to advocate for yourself. Be confident,",9.30299846205062e-13,95.45829409390804
How do I approach my boss about a raise?,"Approaching your boss about a raise can be a nerve-wracking conversation, but it's a normal part of career development. Here's a step-by-step guide to help you prepare and make a strong case for a raise:

**Before the conversation:**

1.  **Prepare your case**: Make a list of your achievements and contributions to the company. Consider your role, any additional responsibilities you've taken on, and any successes you've had in your role.
2.  **Research the market**: Look at salary data from reputable sources (e.g., Glassdoor, Payscale) to determine what others in your position are earning in your area.
3.  **Track your progress**: Keep a record of your accomplishments, including specific numbers and metrics where possible (e.g., ""Increased sales by 25% in the past quarter"").
4.  **Set a target salary range**: Use your research to determine a realistic salary range you feel comfortable with, taking into account your value to the company.
5.  **Practice your pitch**: Write out a script or practice the conversation with a friend or family member to feel confident and prepared.

**During the conversation:**

1.  **Schedule a meeting**: Request a meeting with your boss to discuss your salary, and try to schedule it in a time when your boss is likely to be available and not rushed.
2.  **Be confident**: Take a deep breath, and be confident in your worth and value to the company.
3.  **State your case**: Start by reminding your boss of your achievements and the value you've added to the company. Explain how you've grown and developed in your role, and how you believe your salary should reflect your worth to the company.
4.  **Specify your ask**: Clearly state what you're asking for in terms of a raise, making sure to specify the range you've researched.
5.  **Listen actively**: Pay attention to your boss's response and concerns, and be open to negotiation.

**Sample script:**

""Hi [Boss's Name], I wanted to discuss my salary with you. Over the past \[X] months/years, I've made significant contributions to the company, including \[list specific achievements]. I've done some research and found that my salary is below market average for someone in my position. I believe my hard work and dedication warrant a raise to \[specific salary range]. I'm confident that I've added value to the company and can continue to do so in the future. What are your thoughts?""

**After the conversation:**

1.  **Follow up**: If your boss needs to think about it, ask for a specific timeline for a decision and a plan for next steps.
2.  **Be prepared to negotiate**: Your boss may not be able to grant you the exact raise you're asking for, so be open to compromise and negotiation.
3.  **Express gratitude**: Regardless of the outcome, be",3.138831007967084e-13,94.88484305920666
How do I approach my boss about a raise?,"Approaching your boss about a raise can be a challenging and sensitive conversation. Here's a step-by-step guide to help you prepare and increase your chances of success:

**Before the conversation:**

1.  **Research your worth**: Look at salary data from reputable sources such as Glassdoor, Payscale, or the Bureau of Labor Statistics to determine the average salary for someone in your position and industry.
2.  **Track your accomplishments**: Keep a record of your achievements and contributions to the company. This can include successful projects, positive feedback from coworkers or supervisors, and any additional responsibilities you've taken on.
3.  **Set a target salary range**: Based on your research and tracking of accomplishments, set a specific salary range you feel is fair and realistic.
4.  **Prepare your case**: Write down specific examples of your achievements and how they've positively impacted the company.

**The conversation:**

1.  **Schedule a meeting**: Request a meeting with your boss to discuss your salary. Choose a time when your boss is likely to be available and not too busy or distracted.
2.  **Be confident and assertive**: During the meeting, express your confidence in your worth and value to the company. Avoid apologetic or hesitant language.
3.  **Present your case**: Share your research and accomplishments, highlighting your achievements and the value you bring to the company.
4.  **Specify what you're asking for**: Clearly state your target salary range and explain why you believe it's fair.
5.  **Be open to negotiation**: Your boss may not be able to grant you the exact salary you're asking for. Be prepared to negotiate and find a compromise.

**After the conversation:**

1.  **Follow up**: After the meeting, send a summary of your discussion to your boss, including any agreements or next steps.
2.  **Be patient**: It may take some time for your boss to review and processing your request. Be patient and avoid follow-up conversations too frequently.
3.  **Be prepared to escalate**: If you don't receive a positive response, consider speaking with HR or a higher-up in the company to discuss your concerns.

**Additional tips:**

*   **Timing is everything**: Avoid asking for a raise during performance reviews or when the company is going through a financial crisis.
*   **Be professional**: Maintain a professional tone and demeanor during the conversation, even if you're feeling anxious or nervous.
*   **Focus on your value**: Emphasize your contributions and the value you bring to the company, rather than just asking for a raise because you feel you deserve one.

Some specific phrases to use during the conversation:

*   ""I'd like to discuss my salary because I believe my contributions to the company warrant a salary adjustment.""
*   ""Based on my research, I believe my salary is below market average for someone with my experience and qualifications.""
*   ""I've taken on additional responsibilities and consistently",1.6574908236336752e-11,94.61790907688743
What's the best way to remove a coffee stain from a white shirt?,"Removing coffee stains from white shirts can be a challenge, but it can be done successfully if you act quickly and use the right methods. Here's a step-by-step guide to help you remove a coffee stain:

**Immediate Action**

1.  **Act quickly**: The sooner you treat the stain, the better. Coffee stains can set over time, making them more difficult to remove.
2.  **Blot, don't rub**: Gently blot the stain with a clean cloth or paper towel to remove any excess coffee. Rubbing can push the stain deeper into the fabric.

**Pre-Treatment Methods**

1.  **Cold water**: Run cold water over the back of the stain to flush out any loose coffee grounds or debris.
2.  **White vinegar**: Dampen the stain with cold water, then apply a solution of equal parts water and white vinegar. Let it sit for about 10 minutes. The acid in the vinegar helps break down the tannins in the coffee.
3.  **Baking soda and water**: Make a paste with baking soda and cold water, and apply it to the stain. Let it sit for about 30 minutes to an hour. Baking soda helps neutralize the acid in the coffee.
4.  **Hydrogen peroxide**: Apply hydrogen peroxide to the stain, let it sit for about 10 minutes, and then rinse with cold water.

**Laundry Detergent and Soaking**

1.  **Laundry detergent**: Apply a small amount of laundry detergent directly to the stain and work it in gently. Rinse with cold water.
2.  **Soak**: Soak the garment in cold water with laundry detergent for several hours or overnight. This can help loosen the stain.

**Stain Removers and Laundry Products**

1.  **OxiClean**: Apply OxiClean directly to the stain, let it sit for 5-10 minutes, and then launder as usual.
2.  **Shout or Shout Advanced**: Follow the instructions on the product label and apply directly to the stain.

**Laundry**

1.  **Wash**: Wash the garment in cold water with a mild laundry detergent.

**Additional Tips**

*   If the stain is old or stubborn, you may need to repeat the pre-treatment and laundry process a few times before it's completely removed.
*   Avoid using hot water, as it can set the stain and make it more difficult to remove.
*   Don't dry the garment until the stain is completely removed, as heat can set the stain and make it permanent.

Removing a coffee stain from a white shirt requires patience and persistence, but with the right methods and techniques, it can be done successfully.",3.628344178039903e-15,99.99750541861677
What's the best way to remove a coffee stain from a white shirt?,"Removing a coffee stain from a white shirt can be a bit tricky, but it's definitely doable with the right techniques and cleaning products. Here's a step-by-step guide to help you remove a coffee stain from a white shirt:

**Immediate Action:**

1. **Act quickly:** The sooner you treat the stain, the better. The longer you wait, the more time the coffee has to set and penetrate the fabric.
2. **Blot, don't rub:** Gently blot the stain with a clean cloth or paper towel to remove any excess coffee. Avoid rubbing the stain, as it can push it deeper into the fabric.

**Pre-treatment methods:**

1. **White vinegar and water:** Mix 1 part white vinegar with 2 parts water and apply the solution directly to the stain. Let it sit for about 10-15 minutes. Then, rinse with cold water and blot dry.
2. **Baking soda and water:** Make a paste with baking soda and water. Apply the paste to the stain and let it sit for 30 minutes to an hour. Then, rinse with cold water and blot dry.
3. **Hydrogen peroxide:** Apply hydrogen peroxide directly to the stain and let it sit for about 10-15 minutes. Then, rinse with cold water and blot dry.

**Laundry detergent methods:**

1. **OxiClean:** Apply OxiClean directly to the stain, rub it in gently, and then wash the shirt as usual.
2. **Laundry detergent booster:** Apply a laundry detergent booster, such as Shout or OxiClean, to the stain and rub it in gently. Then, wash the shirt as usual.

**Washing the shirt:**

1. **Use cold water:** Wash the shirt in cold water using a mild laundry detergent.
2. **Check the care label:** Before washing, check the care label to ensure you're using the recommended washing method for the fabric type.

**Post-treatment methods:**

1. **Soak the shirt:** If the stain is still visible after washing, soak the shirt in a solution of cold water and laundry detergent for several hours or overnight.
2. **Repeat if necessary:** If the stain is still present after soaking, repeat the pre-treatment and washing process until the stain is completely removed.

**Tips and variations:**

* For particularly stubborn stains, you can try soaking the shirt in a solution of equal parts water and white vinegar or a commercial stain remover.
* For protein-based stains like milk or eggs, try using a solution of equal parts water and hydrogen peroxide.
* For oil-based stains like butter or grease, try using a solution of equal parts water and dish soap.

Remember to always test a small, inconspicuous area of the shirt before applying any cleaning solutions to ensure you don't damage the fabric.",1.5125188821426622e-15,97.50502498705538
What's the best way to remove a coffee stain from a white shirt?,"Removing a coffee stain from a white shirt can be a challenging task, but there are several methods you can try. Here are some steps to help you get rid of the stain:

**Act quickly**: The sooner you treat the stain, the better. Coffee stains can permanently bond with fabric fibers if they're allowed to sit for too long.

**Method 1: Blot, don't rub**

1. **Blot the stain**: Use a clean cloth or paper towel to blot the stain and remove as much of the excess coffee as possible. Don't rub the stain as it can push it deeper into the fabric.
2. **Rinse with cold water**: Run cold water over the back of the stain to flush out the coffee. Cold water helps to prevent the stain from setting.

**Method 2: Baking soda and water**

1. **Make a paste**: Mix 1 tablespoon of baking soda with 2 tablespoons of cold water to form a paste.
2. **Apply the paste**: Gently apply the paste to the stain and let it sit for 15-30 minutes.
3. **Rinse and wash**: Rinse the stain with cold water, then wash the shirt as you normally would.

**Method 3: White vinegar and water**

1. **Mix equal parts**: Mix equal parts white vinegar and water.
2. **Soak the stain**: Soak the stained area in the solution for about 10-15 minutes.
3. **Rinse and wash**: Rinse the stain with cold water, then wash the shirt as you normally would.

**Method 4: Hydrogen peroxide**

1. **Apply hydrogen peroxide**: Apply hydrogen peroxide directly to the stain.
2. **Let it sit**: Let it sit for a few minutes, then rinse the stain with cold water.
3. **Bleach (optional)**: If the stain remains, you can try applying a small amount of bleach to the stain. However, be cautious when using bleach as it can damage some fabrics.

**Method 5: Laundry detergent and enzyme-based stain remover**

1. **Apply detergent**: Apply a laundry detergent or enzyme-based stain remover directly to the stain.
2. **Let it sit**: Let it sit for a few minutes, then rinse the stain with cold water.
3. **Wash the shirt**: Wash the shirt as you normally would.

**Additional tips**:

* If the stain is old or set-in, you may need to repeat the same cleaning method several times before it's completely removed.
* Always test a small, inconspicuous area of the shirt before applying any cleaning solution to make sure it won't damage the fabric.
* Avoid using hot water, as it can set the stain and make it harder to remove.
* Don't dry the shirt until the stain is completely removed, as the heat from the dryer can set the stain.

Remember, not all stains can be completely",3.2020024986174454e-15,94.99847918055534
What's the best way to remove a coffee stain from a white shirt?,"Removing a coffee stain from a white shirt can be a challenging task, but it's not impossible. Here's a step-by-step guide to help you get rid of the stain:

**Immediate Action:**

1.  **Act quickly:** The sooner you treat the stain, the better chance you have of removing it completely.
2.  **Blot, don't rub:** Gently blot the stain with a clean cloth or paper towel to remove any excess coffee. Avoid rubbing the stain, as this can push it deeper into the fabric.

**Pre-treatment:**

1.  **White vinegar and water:** Mix 1 part white vinegar with 2 parts water. Soak the stained area in the solution for about 10 minutes. This helps break down the tannins in the coffee.
2.  **Baking soda and water:** Make a paste by mixing 1 tablespoon of baking soda with 2 tablespoons of water. Apply the paste to the stain and let it sit for 30 minutes to an hour. This helps lift the stain.
3. **Hydrogen peroxide:** Apply hydrogen peroxide directly to the stain, let it sit for 10 minutes, and then rinse with cold water.

**Washing:**

1.  **Pre-treatment wash:** Wash the shirt in cold water using a mild detergent.
2.  **Normal wash cycle:** Wash the shirt in cold water with a regular cycle.

**Additional Tips:**

1.  **Salt:** Pre-treat the stain with salt and water. The abrasive properties of salt can help lift the stain.
2.  **Laundry detergent booster:** Use an enzyme-based laundry detergent booster, which can help break down protein-based stains.
3.  **Stain remover:** If the stain persists, try using a stain remover specifically designed for protein-based stains.
4.  **Laundry pre-treatment sprays:** Use a pre-treatment spray, such as OxiClean or Shout, to help lift the stain.

**Preventing Future Stains:**

1.  **Use a coffee cup with a saucer:** This helps prevent spills from spreading and makes cleanup easier.
2.  **Wear an apron or bib:** If you're prone to spills, wear an apron or bib to protect your clothes.
3.  **Coffee table runner or mat:** Place a coffee table runner or mat under your coffee cup to catch any spills.

Remember, not all coffee stains can be completely removed, especially if they have time to set. However, by acting quickly and using the right pre-treatment methods, you can increase your chances of removing the stain successfully.",1.824446028455883e-15,95.0346804297126
What's the best way to remove a coffee stain from a white shirt?,"Removing coffee stains from a white shirt can be challenging, but it's not impossible. Here's a step-by-step guide to help you remove coffee stains from a white shirt:

**Immediate Action**

1.  **Act quickly**: The sooner you treat the stain, the better. Coffee can permanently bind to fabric if it's allowed to sit for too long.
2.  **Blot, don't rub**: Gently blot the stain with a clean cloth or paper towel to remove as much of the coffee as possible. Avoid rubbing the stain, as this can push it deeper into the fabric.

**Pre-Treatment Methods**

1.  **White vinegar**: Mix 1 part white vinegar with 2 parts water. Submerge the stained area in the solution and let it sit for about 10-15 minutes. Then, rinse with cold water and check if the stain is removed.
2.  **Hydrogen peroxide**: Similar to white vinegar, mix equal parts hydrogen peroxide and water. Soak the stained area for 10-15 minutes and rinse with cold water. However, be cautious when using hydrogen peroxide, as it can bleach some fabrics.
3.  **Baking soda**: Make a paste with baking soda and water. Apply the paste to the stain and let it sit for 30 minutes to an hour. Then, rinse with cold water and check if the stain is removed.

**Additional Treatments**

1.  **Dish soap**: Apply a small amount of mild dish soap directly to the stain. Rub the soap gently into the stain using a soft-bristled toothbrush or a clean cloth. Rinse with cold water and repeat if necessary.
2.  **OxiClean or laundry pre-treater**: Apply OxiClean or a laundry pre-treater directly to the stain, following the product's instructions.

**Laundry Detergent and Wash**

1.  **Pre-treat the stain**: Apply your chosen pre-treatment method above and let it sit for the recommended time.
2.  **Wash the shirt**: Wash the shirt in cold water with a mild laundry detergent. Do not use hot water, as it can set the stain.
3.  **Check the stain**: After the first wash, check if the stain is still visible. If it persists, repeat the pre-treatment and wash process until the stain is removed.

**Removal Tips**

*   Avoid using hot water, as it can set the stain.
*   Do not use bleach, as it can damage or discolor the fabric.
*   For protein-based fabrics like silk or wool, use a gentle stain remover specifically designed for these fabrics.

Remember that coffee stains can be challenging to remove, so it's essential to be patient and persistent. If the stain still persists after trying the above methods, it may be best to consider professional cleaning or stain removal services.",0.0,99.66805273184399
Can you explain the plot of Inception? I found it confusing.,"Inception is a 2010 science fiction action film written and directed by Christopher Nolan. The plot can be complex, but I'll try to break it down for you.

**Spoiler alert:** I'll summarize the main points, but if you want to avoid spoilers, you might want to skip this.

The movie follows Cobb (played by Leonardo DiCaprio), a skilled thief who specializes in entering people's dreams and stealing their secrets. These thieves are known as ""extractors,"" and they plant an idea in the target's mind instead of stealing one. Cobb works for a wealthy businessman named Saito (played by Ken Watanabe), who wants Cobb to perform a task known as ""inception"" – planting an idea in someone's mind instead of stealing one.

Saito proposes an idea to Cobb: Saito wants Cobb to convince Robert Fischer (played by Cillian Murphy), the son of a dying business tycoon, to dissolve his father's company. In return, Saito will give Cobb permission to return to the United States and clear his name, which is wanted by the authorities.

Cobb assembles a team of experts to help him with the task:

1.  **Arthur** (played by Joseph Gordon-Levitt), a point man who can manipulate the team in the dream world.
2.  **Ariadne** (played by Ellen Page), an architect who designs the dreamscapes for the team.
3.  **Eames** (played by Tom Hardy), a forger who can impersonate people in the dream state.
4.  **Saito** (played by Ken Watanabe), the financier of the operation.

The team uses a technique called ""shared dreaming,"" where they can enter a shared dream state. The team aims to plant the idea in Fischer's mind by navigating multiple levels of dreams within dreams, called ""nested dreams.""

Here's where things get complex:

*   The team reaches level one (the dream), where they plant a dream within a dream (level two), and so on. They have a limited amount of time to complete the task before the dream fades away.
*   Cobb, who has a troubled past, is haunted by the memory of his wife, Mal (played by Marion Cotillard). Cobb's subconscious creates a series of projections that become increasingly real in the dreams, making it difficult for Cobb to separate reality from dreams.

**The Twist:**

As the team navigates the dream levels, the audience starts to question what's real and what's not. The ""topping"" is that Cobb is still in a dream state at the end of the film, and his children are shown alive in a reality that might be a dream or real life. The film leaves the audience with an open-ended question: Is Cobb back in reality, or is he still in a dream?

The plot of Inception explores themes of reality, perception, and the blurred lines between dreams",2.32027213040241e-11,94.80833888677269
Can you explain the plot of Inception? I found it confusing.,"Inception is a 2010 science fiction action film written and directed by Christopher Nolan. The movie's complex plot can be a bit challenging to follow, but I'll try to break it down simply for you:

**Warning: Major spoilers ahead!**

The story follows Cobb (Leonardo DiCaprio), a skilled thief who specializes in entering people's dreams and stealing their secrets. Cobb is part of a group of experts known as ""extractors"" or ""inceptors,"" who are hired by a wealthy businessman named Saito (Ken Watanabe).

Saitatoasks Cobb and his team to perform a task known as ""inception"" - planting an idea in someone's mind instead of stealing one. Saito wants them to convince Robert Fischer (Cillian Murphy), the son of a dying business magnate, to dissolve his father's company.

To do this, Cobb and his team must perform a complex dream-sharing operation, where they will enter the dream world of Fischer's subconscious and convince him to convince his father to dismantle the company. The team includes:

1. Ariadne (Ellen Page), an architect who designs the dreamscapes.
2. Eames (Tom Hardy), a forger who can impersonate people in the dream world.
3. Yusuf (Dileep Rao), a chemist who creates a substance that enables the team to share dreams.
4. Arthur (Joseph Gordon-Levitt), a point man who handles the logistics.

The team prepares to enter Fischer's dream world, but they will also be protecting themselves from the possibility of being trapped forever in a dream within a dream, as Cobb is haunted by the memory of his deceased wife, Mal (Marion Cotillard). Cobb is unable to return to reality because he is caught in a guilt-ridden cycle of grief.

The operation unfolds as follows: the team takes a powerful sedative, and, using Yusuf's substance, they induce a shared dream shared among all members. In this shared dream, they create a dream within a dream (Level 2), and then another dream within a dream within a dream (Level 3). The more levels of dreams there are, the more convoluted the reality gets.

Things become increasingly complicated, and the team discovers they must stop another version of themselves, known as ""Inferno,"" who will do anything to sabotage their mission. Cobb's subconscious and guilt over his wife's death become a reality in the dream world, and the team struggles to contain his emotions and get the job done.

**The Twist:**

Ultimately, it's revealed that the whole movie is Cobb's dream, and he is still in a reality he can enter. This means the events of the entire movie occurred within Cobb's dream, except for the ending shot of Cobb returning to his children. This implies that he might be back in reality, and the movie's events were a product of his guilt over his wife's death.

",0.009419216023814781,72.79152444449399
Can you explain the plot of Inception? I found it confusing.,"Inception is a 2010 science fiction action film written and directed by Christopher Nolan. The movie can be complex and confusing, but I'll try to break down the plot in a straightforward way.

The story revolves around Cobb (Leonardo DiCaprio), a thief who specializes in entering people's dreams and stealing their secrets. This is called ""inception"" - being inside someone's dream and stealing information from them without them realizing it.

Cobb is hired by a wealthy businessman named Saito (Ken Watanabe) to perform a task called ""inception"" - planting an idea in someone's mind instead of stealing it. Saito wants Cobb to convince Robert Fischer (Cillian Murphy), the son of a dying business magnate, to dissolve his father's company. In exchange, Saito will forgive Cobb's debt and allow him to return to the United States to see his children.

Cobb assembles a team of experts to help him with the task: Arthur (Joseph Gordon-Levitt), a point man who acts as a liaison between Cobb and Saito; Ariadne (Ellen Page), an architect who designs the dreamscapes for the team; Eames (Tom Hardy), a forger who can impersonate people in the dream world; and Saito, who joins the team to monitor Cobb.

The team plans a multi-layered dream heist, where they'll enter Robert Fischer's dream and convince him to break up his father's company. However, the catch is that they must plant this idea while also facing obstacles and projections of their own subconscious. They use a concept called ""shared dreaming"" to enter multiple levels of dreams, with the team creating their own dreamscapes within each other's dreams.

The team uses sedatives to create a dream within a dream, which is a dream within a dream. They enter the dream of Robert Fischer, and then another dream within that one, called a ""projection."" However, Cobb's subconscious begins to affect the dream, and reality blurs.

Cobb's subconscious creates projections of his deceased wife, Mal (Marion Cotillard), which makes him question his own reality and motivation for performing the task. This blurs the lines of what's real and what's a dream. 

To return to reality, the team must ""pull the plug"" out of the dream by returning to the real world. However, Cobb's subconscious is heavily invested in the dream, causing him to question whether his reality is the dream or the dream is his reality.

The finale shows Cobb returning to the real world, but it's unclear whether he's still in a dream or not. The camera pans away from him, and the audience is left questioning what's real and what's a dream.

Ultimately, Inception is a mind-bending film that explores the concept of dreams within dreams, reality and the human subconscious. It's open to interpretation, and the confusion and uncertainty are intentional",1.463084927200824e-07,90.01206538122973
Can you explain the plot of Inception? I found it confusing.,"Inception is a mind-bending, sci-fi action film written and directed by Christopher Nolan. The movie's complex plot can be difficult to follow, but I'll try to break it down for you in a simplified way.

**Warning: Spoilers ahead!**

The story follows Cobb (Leonardo DiCaprio), a skilled thief who specializes in entering people's dreams and stealing their secrets. This is known as ""extracting"" information. Cobb is a skilled "" extractor"" who works for a wealthy businessman named Saito (Ken Watanabe), who wants Cobb to perform a task that's the opposite of his usual work: ""inception."" Inception means planting an idea in someone's mind instead of stealing one.

Saito wants Cobb to convince Robert Fischer (Cillian Murphy), the son of a dying business magnate, to dissolve his father's company. Saito believes that Fischer will be able forsyed as he is being looked down on by the world to take over his father's company.

To perform the inception, Cobb assembles a team of experts, including:

1. Ariadne (Ellen Page), an architect who designs the dreamscapes.
2. Eames (Tom Hardy), a forger who can impersonate people in the dream world.
3. Saito (Ken Watanabe), who joins the team to monitor the inception.
4. Arthur (Joseph Gordon-Levitt), a point man who handles logistics and operations.
5. Yusuf (Dileep Rao), a chemist who develops a powerful sedative to induce a shared dreaming state.

The team uses a technique called ""shared dreaming,"" where they enter the dream world together, navigating multiple levels of dreams within dreams. They have a plan to plant the idea of breaking up the company in Fischer's mind, but they also have to contend with projections of themselves and others from previous dreams.

Things become complicated when Cobb's subconscious, fueled by his guilt over the death of his wife, Mal (Marion Cotillard), tries to sabotage the mission. Cobb wants to return to the United States to see his children, but due to a charge of murder in the States (his wife's death), he is a fugitive.

The team experiences multiple levels of dreams, each with its own unique characteristics, reality, and consequences. They fight to maintain control of their dreams and stay one level above reality. Cobb's projections of himself, known as ""inhibitor projections,"" pose a significant threat to the team.

Throughout the film, Cobb's perception of reality becomes increasingly blurred, and it's unclear what is real and what is just a dream. The climactic twist at the end reveals that the entire mission was a dream, and Cobb is still in a dream state. However, when his children turn and spin a tops, it suggests that maybe the children are real, hinting that Cobb may have finally returned home when he wakes up.

Christopher Nolan left",0.021245073083486762,81.77331322384038
Can you explain the plot of Inception? I found it confusing.,"Don't worry, many people find Inception's plot complex and confusing. Here's a breakdown to help you understand the movie:

**Warning: Spoilers ahead!**

Inception is a 2010 science fiction action film written and directed by Christopher Nolan. The story follows Cobb (Leonardo DiCaprio), a skilled thief who specializes in entering people's dreams and stealing their secrets. This ability is made possible by a technology called ""shared dreaming,"" where people can enter and manipulate dreams together.

Cobb and his team, known as the ""extractors,"" work for a wealthy businessman named Saito (Ken Watanabe), who wants them to perform a task known as ""inception"" – planting an idea in someone's mind instead of stealing one. Saito wants Cobb to convince Robert Fischer (Cillian Murphy), the son of a dying business magnate, to dissolve his father's company. In return, Saito wants to clear Cobb's name, which is wanted for the death of his wife, Mal (Marion Cotillard).

Here's where things get tricky:

Cobb and his team – including Arthur (Joseph Gordon-Levitt), Ariadne (Ellen Page), Eames (Tom Hardy), and Saito – plan to perform a five-level dream nested within a dream within a dream within a dream. The goal is to convince Robert Fischer to break up his father's company through a series of increasingly complex levels, each designed to plant the idea in Fischer's mind.

**The levels:**

1. **Level 1**: Cobb and his team enter Fischer's dream, where they convince him that breaking up the company is a good idea.
2. **Level 2**: They are then attacked by projections of Mal and Robert Fischer's father, which are actually Cobb's subconscious creations, trying to sabotage the mission and remind Cobb of his guilt over Mal's death.
3. **Level 3**: The team navigates a hotel bathroom, where they realize the entire level is a dream within a dream, and Cobb, Arthur, and Ariadne are actually in reality. They are separated from Saito, who is still in the dream.
4. **Level 4**: The team enters a hotel corridor, where they are confronted by projections of Mal and the projections are fighting. Cobb is forced to fight his temptations, as he is drawn into the world of his own subconscious.
5. **Level 5**: Cobb's own subconscious, where he confronts the deepest fears and emotions, to reach the level of the subconscious, Cobb's ""limbo."" This is where his children are, and he fears that they are trying to convince him to stay with them.

**The ending:**

The film's climax shows Cobb being pulled out of the dream state by his team, which reveals that the entire story was actually a dream within a dream, known as the ""dream-within-a-dream-within-a-d",4.626847575854264e-05,65.78341361221442
What's the difference between a virus and a bacteria?,"Viruses and bacteria are both tiny microorganisms, but they are quite different in terms of their structure, reproduction, and behavior.

**Bacteria (Prokaryotes)**

*   Bacteria are single-celled organisms that lack a true nucleus and other membrane-bound organelles.
*   They have a rigid cell wall that provides structure and protection.
*   Bacteria can reproduce by a process called binary fission, where they divide into two identical cells.
*   Bacteria can survive and thrive in a wide range of environments, from extreme temperatures to highly acidic or alkaline conditions.
*   Some bacteria are pathogenic, causing diseases like tuberculosis, pneumonia, and food poisoning, while others are beneficial, helping us digest food, fight off other pathogens, or produce antibiotics.

**Viruses**

*   Viruses are not considered living cells because they cannot reproduce on their own and need a host cell to replicate.
*   They consist of a protein coat (capsid) and a core of genetic material, either DNA or RNA.
*   Viruses attach to a host cell and inject their genetic material into the cell, taking over the cell's machinery to replicate themselves.
*   Viruses can cause a wide range of diseases, from common colds to flu, HIV-AIDS, and cancer.
*   Viruses can survive for extended periods outside of a host, but they require a host cell to replicate.

Key differences:

*   **Cell structure**: Bacteria have a rigid cell wall and a true cell membrane, while viruses are non-cellular and don't have a cell wall or membrane.
*   **Reproduction**: Bacteria can reproduce independently, while viruses require a host cell to replicate.
*   **Host dependence**: Bacteria can survive outside of a host for some time, but viruses need a host cell to replicate.
*   **Size**: Viruses are typically smaller than bacteria, with a much simpler structure.",1.1779508898263042e-15,99.91214606529485
What's the difference between a virus and a bacteria?,"Viruses and bacteria are both microorganisms that can cause diseases in humans and other living organisms. However, they are quite different in terms of their structure, behavior, and characteristics.

**Bacteria:**

1.  **Single-celled organisms**: Bacteria are single-celled microorganisms that are usually 0.5 to 5.0 micrometers (μm) in size.
2.  **Cell wall**: Bacteria have a cell wall that provides structural support and protection.
3.  **Metabolic processes**: Bacteria can produce their own food through cellular respiration or other metabolic processes, a process known as autotrophy.
4.  **DNA and genetics**: Bacteria have their own DNA and genetic material, which allows them to reproduce and evolve independently.
5.  **Environment**: Bacteria can be found almost everywhere in the environment, including soil, water, and air.

**Viruses:**

1.  **No cell wall**: Viruses do not have a cell wall or membrane around their genetic material.
2.  **Genetic material**: Viruses contain genetic material (either DNA or RNA) that is not enclosed in a protein coat, but it's instead encased in a protein shell known as a capsid.
3.  **Dependent on a host**: Viruses cannot reproduce on their own and require a host cell to replicate their genetic material and produce more viruses.
4.  **Metabolic processes**: Viruses do not perform metabolic processes like cellular respiration or fermentation, and they rely on the host cell's metabolic machinery to produce their components.
5.  **Environment**: Viruses can be found in a wide range of environments, but they require a host cell to replicate and infect.

**Key differences:**

*   **Cell structure**: Bacteria have a cell wall and can live independently, whereas viruses don't have a cell wall and require a host cell to survive.
*   **Genetic material**: Both have genetic material, but viruses have a simpler structure.
*   **Reproduction**: Bacteria can reproduce on their own, whereas viruses require a host cell to replicate.

Understanding the differences between viruses and bacteria is crucial in the medical field to develop effective treatments and prevention strategies for various diseases caused by these microorganisms.",0.0,93.87286559099103
What's the difference between a virus and a bacteria?,"Viruses and bacteria are two types of microorganisms, but they are very different in terms of their characteristics, structure, and behavior.

**Bacteria:**

1.  **Prokaryotic cells**: Bacteria have a single circular chromosome and lack a nucleus. They are simple, single-celled organisms.
2.  **Cell wall**: Bacteria have a cell wall that provides structural support and maintains the cell's shape.
3.  **Metabolism**: Bacteria can carry out various metabolic processes, such as photosynthesis, respiration, and fermentation.
4.  **Reproduction**: Bacteria reproduce by binary fission, where the cell divides into two identical daughter cells.
5.  **Antibiotic resistance**: Some bacteria can develop resistance to antibiotics through genetic mutation or horizontal gene transfer.

**Viruses:**

1.  **RNA or DNA genome**: Viruses have a single-stranded or double-stranded genetic material (either RNA or DNA) that is encapsulated in a protein coat called a capsid.
2.  **No cell wall**: Viruses do not have a cell wall or a cell membrane.
3.  **Host dependency**: Viruses require a living host cell to replicate and express their genes.
4.  **Reproduction**: Viruses reproduce by infecting a host cell and hijacking its metabolic machinery to produce more viral particles.
5.  **No metabolic activities**: Viruses are unable to carry out metabolic processes since they lack the necessary cellular machinery.

Key differences:

*   **Lack of cellular structure**: Viruses do not have a defined cellular structure, whereas bacteria have a well-defined cell wall and membrane.
*   **Host dependency**: Viruses require a host cell to survive and replicate, while bacteria can survive independently.
*   **Metabolic capabilities**: Bacteria have more complex metabolic capabilities than viruses.

**Key similarities:**

*   **Microscopic size**: Both viruses and bacteria are microscopic and require a microscope to be observed.
*   **Parasitic behavior**: Both viruses and some bacteria can act as parasites, exploiting the host's resources for their replication.

It's worth noting that there are exceptions and nuances in these differences, and both viruses and bacteria can exhibit complex behaviors.",8.095930175190378e-16,99.05419554064991
What's the difference between a virus and a bacteria?,"Viruses and bacteria are two of the most common microorganisms that cause infections in humans and animals. While they are both microscopic, they have distinct characteristics, which set them apart. Here's a summary of the main differences:

1.  **Structure:**
    - **Viruses:** Viruses are tiny particles consisting of genetic material (either DNA or RNA) enclosed in a protein coat called a capsid. They require a host cell to replicate and carry out their life cycle.
    - **Bacteria:** Bacteria are microscopic, living organisms that have a cell wall and can reproduce on their own. They consist of a cell membrane, cytoplasm, and DNA.

2.  **Lifespan:**
    - **Viruses:** Viruses are not considered living organisms because they cannot reproduce outside of a host cell. Their lifespan is relatively short, lasting from a few minutes to several hours.
    -   **Bacteria:** Bacteria, on the other hand, can live for a longer period and reproduce without a host.

3.  **Size:**
    -   **Viruses:** Viruses are generally much smaller than bacteria, ranging in size from 20-400 nanometers (nm).
    -   **Bacteria:** Bacteria are typically larger, with sizes ranging from 0.5 to 5.0 micrometers (μm).

4.  **Metabolism:**
    -   **Viruses:** Viruses cannot carry out their own metabolic processes and require a host cell to obtain energy and other essential nutrients. They don't produce their own nutrients.
    -   **Bacteria:** Bacteria are capable of self-replication and can produce their own nutrients using metabolic processes.

5.  **Antibiotics:**
    -   **Viruses:** Antibiotics, which target bacterial cell structures, have no effect on viruses. Antiviral medications or treatments are used to combat viral infections.
    -   **Bacteria:** Antibiotics can be used to reduce bacterial infections by killing or inhibiting the growth of bacteria.

6.  **Resistance:**
    -   **Viruses:** It is not possible for viruses to develop antibiotic resistance because they do not respond to antibiotics.
    -   **Bacteria:** On the other hand, some bacteria can develop resistance to antibiotics due to genetic mutations and alterations in their cell walls.



In summary, while viruses and bacteria both cause infections, they have different structures, lifespans, sizes, metabolic abilities, and responses to antibiotics. This highlights the importance of accurate diagnosis and treatment.",0.0,95.10976578691717
What's the difference between a virus and a bacteria?,"Viruses and bacteria are both microorganisms that can cause illness in humans and other organisms. However, there are significant differences between them in terms of their structure, function, and behavior.

**Structure:**

1.  **Size:** Viruses are typically smaller than bacteria, ranging from 20-400 nanometers (nm) in size, while bacteria can range from 0.5-5.0 micrometers (μm). 
2.  **Organization:** Viruses consist of genetic material (either DNA or RNA) wrapped in a protein coat called a capsid. In contrast, bacteria are single-celled organisms with a defined nucleus and other membrane-bound organelles.

**Function:**

1.  **Metabolism:** Bacteria can perform metabolic processes such as photosynthesis, respiration, and the breakdown of nutrients. Viruses do not have the ability to perform these activities on their own, as they rely on the host cell's machinery to replicate.
2.  **Reproduction:** Bacteria reproduce through binary fission, where they divide into two identical daughter cells. Viruses replicate by hijacking the host cell's machinery to produce new copies of themselves.

**Behavior:**

1.  **Habitat:** Bacteria are found in various environments, such as soil, water, and the human body. Viruses are also found in various environments but typically require a host cell to replicate.
2.  **Disease-causing ability:** Both bacteria and viruses can cause illness, but viruses tend to have more severe effects, such as cancer, AIDS, and certain types of pneumonia. Bacteria can cause a range of diseases, including tuberculosis, Lyme disease, and food poisoning.

**Key characteristics:** Bacteria are living organisms, whereas viruses are not considered living because they are unable to reproduce outside a host cell.",1.6671065067190744e-11,91.32981145323237
How do I make friends as an adult?,"Making friends as an adult can be challenging, but there are several strategies that can increase your chances of meeting new people and forming meaningful connections. Here are some tips to help you make friends as an adult:

1.  **Join a club or group that aligns with your interests**: Engage in activities or hobbies that you enjoy, whether it's a book club, sports team, volunteer group, or hiking club. This will give you the opportunity to meet like-minded people who share your passions.
2.  **Attend events and meetups**: Look for events in your community, such as concerts, festivals, or networking gatherings. You can also use apps and websites like Meetup.com to find groups of people with shared interests.
3.  **Take a class or workshop**: Learning something new is a great way to meet others who share your interests. Consider taking a cooking class, language course, or art workshop.
4.  **Volunteer**: Volunteering is a great way to meet like-minded people while giving back to your community. You can search for volunteer opportunities on websites like VolunteerMatch.org or local non-profit organizations.
5.  **Use social media**: Join social media groups or online forums related to your interests. This can be a great way to connect with others who share your passions and interests.
6.  **Be open and approachable**: Smile, make eye contact, and introduce yourself to new people. Show genuine interest in getting to know them and be willing to listen to their stories.
7.  **Be patient and persistent**: Making friends takes time, so don't get discouraged if it doesn't happen overnight. Keep attending events, joining groups, and putting yourself out there until you find people with whom you connect.
8.  **Be yourself**: Authenticity is key to making meaningful connections. Don't try to be someone you're not or pretend to have interests you don't really have.
9.  **Follow up and follow through**: If you hit it off with someone, make an effort to stay in touch and follow up on plans. This will help you build a strong foundation for a lasting friendship.
10. **Be willing to step out of your comfort zone**: Making friends as an adult requires taking risks and putting yourself in new situations. Be willing to step out of your comfort zone and try new things.

Additionally, consider the following tips:

*   **Nurture existing relationships**: If you have a friend or acquaintance you've lost touch with, make an effort to rekindle the relationship.
*   **Use technology to your advantage**: Use social media to reconnect with old friends or classmates, and consider video calls or messaging apps to stay in touch with friends who live far away.
*   **Be patient with yourself**: Making friends takes time, and it's okay if it doesn't happen overnight. Focus on building relationships that are meaningful and authentic, rather than trying to accumulate a large number of acquaintances.",1.3347932285924467e-15,99.99667925459461
How do I make friends as an adult?,"Making friends as an adult can be challenging, but there are several strategies that can increase your chances of forming meaningful connections. Here are some steps you can follow:

1.  **Join a community or group that aligns with your interests**: This could be a book club, a sports team, a hiking group, or any other type of group that meets regularly and allows you to interact with like-minded people.
2.  **Attend events and gatherings**: Look for events, meetups, and gatherings in your area that align with your interests. This could be concert, festivals, networking events, or volunteer opportunities.
3.  **Be open and friendly**: When you meet new people, be yourself, and be open to striking up conversations. Smile, make eye contact, and be approachable.
4.  **Listen actively**: Pay attention to what others are saying, ask follow-up questions, and show genuine interest in their thoughts and experiences.
5.  **Find common ground**: Look for shared interests, experiences, or values that can help you connect with others.
6.  **Be proactive**: Don't wait for others to make the first move. Suggest getting together for coffee, going for a walk, or trying a new restaurant.
7.  **Be patient**: Making friends takes time, so don't get discouraged if it doesn't happen overnight. Keep attending events, joining groups, and reaching out to people.
8.  **Be yourself**: Authenticity is key to building strong relationships. Don't try to be someone you're not or pretend to have interests you don't really have.

Some specific tips for adult friendships:

*   **Host a gathering**: Invite people over for a potluck dinner, game night, or movie night to create a casual and relaxed atmosphere.
*   **Use online platforms**: Join social media groups, apps, or forums related to your interests to connect with others who share your passions.
*   **Volunteer**: Volunteer for a cause or organization that aligns with your values to meet like-minded people.
*   **Take a class or workshop**: Enroll in a cooking class, language course, or art class to learn something new and meet others with similar interests.

Some popular platforms for making friends as an adult:

*   Social media groups (e.g. Facebook groups, Reddit)
*   Meetup.com
*   Bumble BFF
*   Hey! Vina
*   Meetup apps (e.g. Meetup, MeetMe)",1.5347372783358515e-13,99.95572725941858
How do I make friends as an adult?,"Making friends as an adult can be challenging, but it's definitely possible. Here are some tips to help you make new connections and build meaningful relationships:

1.  **Join a club or group that aligns with your interests**: This could be a book club, a sports team, a hiking group, or any other type of group that meets regularly and allows you to interact with like-minded people.
2.  **Attend events and gatherings**: Look for events in your area, such as concerts, festivals, or networking events. These can be great opportunities to meet new people.
3.  **Volunteer**: Volunteering is a great way to meet new people while doing something good for your community.
4.  **Take a class or workshop**: Learning something new is a great way to meet others who share your interests.
5.  **Use online platforms**: Websites and apps like Meetup.com and Bumble BFF can help you connect with people in your area who share your interests.
6.  **Be open and approachable**: Smile, introduce yourself, and be willing to strike up conversations with others.
7.  **Be yourself**: Don't try to be someone you're not. People are more likely to be drawn to someone who is genuine and authentic.
8.  **Listen actively**: When you're in conversations, make sure to actively listen to what the other person is saying and show interest in their thoughts and experiences.
9.  **Follow up**: If you hit it off with someone, make sure to follow up and stay in touch.
10. **Be patient**: Making friends takes time, so don't get discouraged if it doesn't happen overnight.

Additionally, consider the following:

*   **Be clear about your intentions**: If you're looking to make friends, let people know. You can say something like, ""I'm new to the area and I'm looking to meet new people. Would you like to grab coffee sometime?""
*   **Be respectful of boundaries**: If someone isn't interested in being friends, don't take it personally and respect their boundary.
*   **Communicate openly**: If you're feeling lonely or struggling to make friends, let others know. You might be surprised by how many people are in the same situation.
*   **Be willing to step out of your comfort zone**: Making friends requires taking risks and putting yourself out there.",3.4077252826291025e-14,99.99989749760668
How do I make friends as an adult?,"Making friends as an adult can be a bit more challenging than making friends as a child or teenager, but it's not impossible. Here are some steps you can take to increase your chances of making friends as an adult:

1.  **Join a club or group that aligns with your interests**: This could be a book club, a sports team, a hiking group, or any other type of group that meets regularly and allows you to interact with like-minded people.
2.  **Attend events and gatherings**: Look for events in your community, such as concerts, festivals, or networking events, where you can meet new people.
3.  **Volunteer**: Volunteering is a great way to meet new people while also giving back to your community.
4.  **Take a class or workshop**: Learning something new can be a great way to meet people who share your interests.
5.  **Use online platforms**: Websites and apps like Meetup.com and Bumble BFF can help you connect with people in your area who share your interests.
6.  **Be open and friendly**: Be yourself, and don't be afraid to start conversations with others. A simple ""hello"" or ""how's your day going?"" can go a long way.
7.  **Be willing to put in the effort**: Making friends takes time and effort, so be patient and don't get discouraged if it doesn't happen overnight.
8.  **Follow up**: If you hit it off with someone, make sure to follow up and stay in touch. Suggest getting together for coffee or another activity to continue the friendship.
9.  **Be respectful of others' boundaries**: Not everyone will be interested in being friends, and that's okay. Don't take it personally and move on to find someone who is a good match for you.
10. **Be yourself**: Authenticity is key to building meaningful relationships. Don't try to be someone you're not or pretend to have interests you don't really have.

Additionally, here are some more specific tips for making friends as an adult:

*   **Don't try to replicate your childhood friendships**: Adult friendships are different from childhood friendships, and it's okay if they don't follow the same patterns.
*   **Be patient with yourself**: Making friends as an adult can take time, and it's normal to feel a bit awkward at first.",1.1207459800948916e-13,99.99831596677484
How do I make friends as an adult?,"Making friends as an adult can be challenging, but it's not impossible. Here are some tips to help you make friends as an adult:

1. **Join a community or group that aligns with your interests**: Look for groups that focus on your hobbies, passions, or interests. This could be a book club, a sports team, a hiking group, or a photography club.
2. **Attend events and gatherings**: Attend conferences, festivals, concerts, or other events where you can meet new people. You can also try attending networking events, such as professional conferences or industry-specific meetups.
3. **Volunteer**: Volunteering is a great way to meet like-minded people while doing something good for your community. You can search for volunteer opportunities at local charities, animal shelters, or environmental organizations.
4. **Take a class or workshop**: Learning a new skill or hobby is a great way to meet new people who share your interests. Look for classes at local community centers, online courses, or cooking schools.
5. **Be open and friendly**: Smile, introduce yourself, and be approachable. Show genuine interest in getting to know others and be willing to listen to their stories.
6. **Be yourself**: Authenticity is key when making friends. Don't try to be someone you're not or pretend to have interests you don't really have.
7. **Use online platforms**: Join online communities or forums related to your interests and engage with others. You can also use apps like Bumble BFF or Hey! Vina to connect with people in your area.
8. **Host your own gathering**: Invite people over for a potluck dinner, game night, or movie night. This can be a great way to break the ice and build connections with others.
9. **Follow up and stay in touch**: If you hit it off with someone, make sure to stay in touch. Schedule regular check-ins or outings to continue building your friendship.
10. **Be patient**: Making friends takes time, so be patient and don't get discouraged if it doesn't happen right away.

Additionally, consider the following tips:

* **Be respectful of people's boundaries**: Don't push someone to be friends if they're not interested.
* **Don't try to ""collect"" friends**: Focus on building meaningful relationships rather than trying to accumulate a large group of acquaintances.
* **Practice active listening**: Pay attention to what others are saying and show that you're interested in their thoughts and feelings.
* **Find common ground**: Look for shared interests or experiences that can serve as a foundation for a friendship.

Remember, making friends as an adult requires effort and dedication, but it's not impossible. By being open, friendly, and patient, you can increase your chances of meeting new people and building meaningful relationships.",1.82444602845986e-15,99.99986067519755
What's your take on modern social media's impact on society?,"Modern social media has had a profound impact on society, with both positive and negative effects. Here are some of the key aspects:

**Positive impacts:**

1.  **Global connectivity**: Social media has made it easier for people to connect with each other across geographical boundaries, fostering global communication, collaboration, and understanding.
2.  **Information dissemination**: Social media platforms provide a rapid means of disseminating information, enabling people to stay informed about current events, news, and trends.
3.  **Community building**: Social media has enabled people to connect with others who share similar interests, creating online communities around shared passions and hobbies.
4.  **Marketing and self-promotion**: Social media has given individuals and businesses a platform to promote their products, services, and ideas, reaching a wider audience and increasing brand visibility.
5.  **Access to resources**: Social media platforms provide access to educational resources, online courses, and tutorials, enabling people to learn new skills and expand their knowledge.

**Negative impacts:**

1.  **Mental health concerns**: Social media has been linked to increased rates of anxiety, depression, and loneliness, as people compare themselves to curated online personas and feel pressures to present a perfect image.
2.  **Misinformation and disinformation**: Social media has enabled the spread of false or misleading information, often with serious consequences, such as the spread of conspiracy theories or propaganda.
3.  **Cyberbullying and harassment**: Social media has created a space for online harassment, cyberbullying, and hate speech, which can have serious effects on mental health and well-being.
4.  **Addiction**: Social media can be addictive, leading to excessive screen time, decreased productivity, and negative impacts on physical and mental health.
5.  **Social comparison and decreased self-esteem**: Social media often presents unrealistic and idealized images of others, leading to feelings of inadequacy and decreased self-esteem.

**Evolving and mitigating these impacts**:

1.  **Digital literacy**: Educating people about media literacy, online safety, and responsible social media use can help mitigate negative impacts.
2.  **Platforms' responsibility**: Social media companies have a responsibility to address online harassment, misinformation, and other negative trends by implementing policies and features that promote safe and healthy online environments.
3.  **Balanced use**: Encouraging people to use social media in moderation, setting boundaries, and taking regular breaks can help avoid addiction and negative effects.
4.  **Critical thinking and media literacy**: Fostering critical thinking and media literacy skills can help individuals evaluate online information, identify biases, and recognize the distinction between reality and curated online personas.
5.  **Regulatory measures**: Governments and regulatory bodies may need to establish policies and laws to regulate social media companies' content moderation, protect user data, and maintain online safety.

As social media continues to evolve, it is essential to acknowledge both its positive and negative impacts and work towards creating",1.3347932285914312e-15,94.98727387473406
What's your take on modern social media's impact on society?,"As a neutral AI, I'll provide a balanced analysis of the effects of modern social media on society.

**Positive impacts:**

1.  **Global connectivity**: Social media has made it easier for people to connect with others across geographical boundaries, fostering global understanding and cultural exchange.
2.  **Access to information**: Social media platforms have democratized access to information, enabling people to stay informed about current events, news, and trends.
3.  **Community building**: Social media has created online communities around shared interests, allowing people to connect with like-minded individuals and find support.
4.  **Influence and social change**: Social media has enabled marginalized voices to be heard, driving social change and raising awareness about social, environmental, and economic issues.
5.  **Business and entrepreneurship**: Social media has opened up new opportunities for businesses and entrepreneurs to reach a global audience, promote their products, and build their brands.

**Negative impacts:**

1.  **Social comparison and mental health**: Social media platforms can foster social comparison, promoting unrealistic expectations and contributing to mental health issues like anxiety, depression, and low self-esteem.
2.  **Data privacy and security**: Social media companies have faced numerous data breaches and scandals, compromising user data and undermining trust in online platforms.
3.  **Social isolation and loneliness**: Excessive social media use can contribute to social isolation and loneliness, particularly among vulnerable populations like the elderly and youth.
4.  **Misinformation and disinformation**: Social media has enabled the spread of false or misleading information, threatening public discourse and democracy.
5.  **Cyberbullying and online harassment**: Social media has also facilitated online harassment, bullying, and hate speech, which can have serious consequences for individuals and society as a whole.

**Addressing the negative impacts:**

To mitigate the negative effects of social media, consider the following strategies:

1.  **Digital literacy**: Educate yourself and others about online safety, digital citizenship, and media literacy.
2.  **Responsible social media use**: Set boundaries, prioritize offline interactions, and be mindful of the impact of social media on mental health.
3.  **Platform reforms**: Advocate for increased transparency, accountability, and regulation of social media companies to protect user data and promote online safety.
4.  **Fact-checking and media literacy**: Promote fact-checking and media literacy to combat misinformation and disinformation.
5.  **Community engagement**: Encourage offline community activities, volunteer work, and face-to-face interactions to foster deeper connections and combat social isolation.

By acknowledging both the positive and negative impacts of social media, we can work towards creating a healthier, more balanced online environment that benefits society as a whole.",2.2007019879674242e-15,99.99996448747133
What's your take on modern social media's impact on society?,"As a neutral AI, I'll provide an analysis of the effects of modern social media on society.

**Positive impacts:**

1. **Connectivity and community building**: Social media has made it easier for people to connect with others who share similar interests, across geographical boundaries. Online communities have formed around various causes, hobbies, and identities, fostering a sense of belonging and support.
2. **Access to information**: Social media platforms have democratized access to information, allowing people to stay informed about global events, news, and issues that affect them.
3. **Amplifying marginalized voices**: Social media has provided a platform for marginalized communities to express themselves, share their experiences, and bring attention to social injustices.
4. **Networking and career opportunities**: Social media has made it easier for professionals to connect with industry peers, share knowledge, and find job opportunities.
5. **Creative expression and self-expression**: Social media has enabled people to showcase their creativity, share their art, and express themselves in various formats, such as blogging, vlogging, and streaming.

**Negative impacts:**

1. **Mental health concerns**: The constant stream of curated and manipulated content can lead to feelings of inadequacy, anxiety, and depression. Social comparison and FOMO (fear of missing out) can be detrimental to mental well-being.
2. **Misinformation and disinformation**: The ease of sharing information online has led to the spread of false or misleading content, which can harm individuals and communities.
3. **Social comparison and consumerism**: Social media's focus on consumerism and material possessions can foster unhealthy attitudes and behaviors, such as overconsumption and envy.
4. **Harassment and cyberbullying**: Social media has enabled anonymous and targeted harassment, often with severe consequences for mental health and well-being.
5. **Addiction and screen time**: The constant availability of social media can lead to overuse and addiction, affecting sleep, productivity, and face-to-face interactions.

**Potential solutions and responsibilities:**

1. **Critical media literacy**: Educate people about the risks and pitfalls of social media, as well as how to critically evaluate information.
2. **Platform regulation**: Encourage platform owners to implement policies that prioritize user well-being, curate responsible content, and address harassment and hate speech.
3. **Digital literacy and online safety**: Teach people how to use social media safely and responsibly, including online etiquette, password security, and digital footprint management.
4. **Balance and moderation**: Encourage moderation in social media use, prioritizing offline relationships and activities.
5. **Support for mental health**: Provide mental health resources and support for individuals affected by social media's negative impacts.

Ultimately, the impact of social media on society depends on how we use it. By being mindful of its effects, taking responsibility for our online behavior, and advocating for positive changes, we can harness the benefits of social media while minimizing its negative consequences.",8.618072811249364e-16,99.99992546806588
What's your take on modern social media's impact on society?,"As a neutral AI observer, I'll provide a balanced analysis of the impact of modern social media on society.

**Positive impacts:**

1.  **Global connectivity**: Social media has made it easier for people to connect with each other, regardless of geographical location. This has fostered global communication, collaboration, and networking.
2.  **Access to information**: Social media platforms have democratized access to information, allowing users to stay informed about current events, trends, and ideas from around the world.
3.  **Support communities**: Social media has created virtual spaces for people to connect with others who share similar interests, hobbies, or experiences, providing a sense of belonging and community.
4.  **Influencer culture**: Social media has given rise to influential content creators who can inspire, educate, and motivate their followers.
5.  **Marketing and business opportunities**: Social media has enabled businesses to reach a vast audience, promote products, and engage with customers.

**Negative impacts:**

1.  **Mental health concerns**: Excessive social media use has been linked to increased anxiety, depression, and loneliness.
2.  **Misinformation and disinformation**: Social media has made it easier for fake news, propaganda, and conspiracy theories to spread quickly, contributing to the erosion of trust in institutions and the media.
3.  **Cyberbullying and harassment**: The anonymity of online interactions has led to an increase in online harassment, bullying, and hate speech.
4.  **Addiction and screen time**: Social media can be addictive, contributing to excessive screen time, decreased attention span, and neglect of offline activities.
5.  **Social comparison and narcissism**: Social media platforms often present curated, idealized versions of others' lives, fostering unrealistic comparisons and narcissistic tendencies.

**Emerging concerns:**

1.  **Algorithmic manipulation**: Social media algorithms can be designed to prioritize sensational or provocative content, contributing to the spread of extremism, polarization, and echo chambers.
2.  **Data exploitation**: Social media companies collect vast amounts of user data, raising concerns about data privacy, surveillance, and exploitation.
3.  **Impact on traditional media**: The rise of social media has disrupted traditional media models, leading to concerns about the future of journalism, media diversity, and the public's access to credible information.

**Mitigating the negative impacts:**

1.  **Regulation**: Establish and enforce stricter regulations to protect user data, prevent misinformation, and ensure accountability for social media companies.
2.  **Digital literacy**: Educate users about online safety, critical thinking, and media literacy to promote a healthier social media culture.
3.  **Balanced usage**: Encourage users to maintain a balance between online and offline activities, prioritize face-to-face interactions, and engage in activities that promote mental well-being.
4.  **Innovative social media design**: Develop social media platforms that prioritize user well-being, foster meaningful connections, and",1.5125188821430483e-15,92.80212314928056
What's your take on modern social media's impact on society?,"As a neutral AI, I can provide you with a balanced analysis of the impact of modern social media on society. 

**Positive effects:**

1.  **Global connectivity**: Social media has made it easier for people to connect with others across the globe, fostering international relationships, cultural exchange, and a sense of community.
2.  **Access to information**: Social media platforms provide a vast amount of information on various topics, enabling users to stay informed about current events, news, and trending topics.
3.  **Networking opportunities**: Social media has opened up new opportunities for professionals to connect with peers, find job opportunities, and build their personal brand.
4.  **Social activism and awareness**: Social media has enabled social movements, such as the Me Too movement and Black Lives Matter, to spread awareness and mobilize people to take action.
5.  **Entrepreneurship and self-expression**: Social media has democratized content creation, allowing individuals to showcase their talents, share their experiences, and build their personal brands.

**Negative effects:**

1.  **Mental health concerns**: Social media has been linked to increased rates of depression, anxiety, and loneliness, particularly among young people.
2.  **Cyberbullying and online harassment**: Social media has made it easier for individuals to bully, harass, and discriminate against others, often with little consequences.
3.  **Misinformation and disinformation**: Social media has enabled the spread of false information, which can lead to the erosion of trust in institutions, misinformation, and even public health crises.
4.  **Addiction and social comparison**: Social media can create unrealistic expectations and promote social comparison, contributing to feelings of inadequacy, low self-esteem, and decreased life satisfaction.
5.  **Social isolation and decreased face-to-face interaction**: Over-reliance on social media has been linked to decreased face-to-face interaction, deepened social isolation, and a sense of disconnection from the world around us.
6.  **Propaganda and manipulation**: Social media has been exploited by politicians, advertisers, and special interest groups to manipulate public opinion, sow discord, and influence electoral outcomes.
7.  **Privacy concerns**: Social media companies often collect and sell user data, raising concerns about data privacy, surveillance, and the potential for exploitation.

**The future:**

1.  **Regulation and accountability**: Governments and social media companies must work together to establish clear regulations and guidelines for social media usage, ensuring accountability and responsibility.
2.  **Digital literacy**: Educating users about the potential risks and benefits of social media, as well as strategies for mitigating its negative effects, is essential for responsible social media use.
3.  **Balanced usage**: Maintaining a healthy balance between social media usage and other aspects of life, such as face-to-face interaction, work, and leisure activities, is crucial for overall well-being.

Ultimately, the impact of modern social media on society is complex",3.2965792520442407e-13,94.93071083087797
I burned dinner. Any quick alternatives I can make?,"Burning dinner can be a frustrating experience.  Don't worry, I've got you covered with some quick and delicious alternatives:

1.  **Grilled Cheese Sandwich**: A classic comfort food that's easy to make and requires minimal ingredients. Simply butter two slices of bread, place cheese in between, and grill until the cheese is melted and the bread is toasted.
2.  **Scrambled Eggs**: Whip up some eggs with a fork, add a pinch of salt, and microwave for 30-45 seconds or cook on the stovetop. You can also add diced veggies like bell peppers, onions, or mushrooms for added flavor.
3.  **Tacos**: Use pre-cooked ground beef, shredded cheese, lettuce, diced tomatoes, and salsa to make tacos in a pinch. You can also add refried beans or canned black beans for added protein and fiber.
4.  **Omelette**: Beat some eggs with a fork, add diced veggies like bell peppers, onions, or mushrooms, and cook in a pan until the eggs are set. Fold the omelette in half and serve.
5.  **Canned Goods Salad**: Open a can of tuna, beans, or chicken and mix it with chopped veggies like onions, carrots, and bell peppers. Add some mayonnaise or hummus for creaminess.
6.  **Avocado Toast**: Toast some bread, mash an avocado, and spread it on top. Add a squeeze of lemon juice, salt, and pepper to taste. You can also add some eggs or feta cheese for added protein.
7.  **Soup**: Heat up some canned soup or make a quick broth using chicken or vegetable broth, noodles, and diced veggies. Serve with some crusty bread or crackers.

These alternatives are quick, easy, and can be made in no more than 15-20 minutes. I hope they help you rescue your dinner!",0.0,99.99934351485808
I burned dinner. Any quick alternatives I can make?,"Sorry to hear that. Burning dinner can be frustrating. Here are some quick alternative meal ideas:

1.  **Grilled Cheese Sandwich**: A classic comfort food that's easy to make and requires minimal ingredients - cheese, bread, and a skillet or grill.

2.  **Omelette**: Whisk some eggs with salt and pepper, add any desired fillings (cheese, vegetables, meat), and cook them in a pan.

3.  **Soup**: Open a can of your favorite soup or make a quick one with canned goods like beans, tomatoes, and vegetables.

4.  **Scrambled Eggs**: Boil eggs in a pan with some butter or oil, or microwave them for 30-60 seconds.

5.  **Toast with Avocado or Peanut Butter**: Toast some bread, mash an avocado, or spread peanut butter on it for a quick and healthy snack.

6.  **Fried Rice**: Cook rice, scrambled eggs, and any leftover vegetables in a pan to create a quick filling dish.

7.  **BLT Sandwich**: Cook bacon, lettuce, and tomato in a pan and assemble the sandwich.

8.  **Breakfast for Dinner**: Whip up some cereal with milk, or make some pancakes or French toast if you have the ingredients.

9.  **Frozen Foods**: Heat up a pizza, some frozen food, or leftovers in the oven or microwave.

10. **Order Takeout or Delivery**: If you're short on time or energy, order food from a nearby restaurant or food delivery service.

These ideas should give you some inspiration for a quick meal to salvage the evening.",3.852196553640405e-15,99.95593163931491
I burned dinner. Any quick alternatives I can make?,"Stressful situation. Don't worry, I've got some quick and easy alternatives you can whip up to save the day:

1.  **Grilled cheese sandwich**: A classic comfort food that's hard to mess up. Grill a sandwich with your favorite cheese, add some tomato or ham if you like, and serve with a side of soup or a salad.
2.  **One-pot pasta**: Boil some pasta, add your favorite sauce (e.g., marinara, alfredo), and top with grated Parmesan cheese. You can also add cooked sausage, bacon, or veggies to give it some extra flavor.
3.  **Omelette**: Whip up an omelette with eggs, shredded cheese, and any other fillings you like (e.g., diced ham, bell peppers, onions). Cook it in a pan until the eggs are set, and you're good to go.
4.  **Avocado toast**: Toast some bread, mash an avocado, and spread it on top. Add some salt, pepper, and a squeeze of lemon juice. You can also add some eggs, cherry tomatoes, or red pepper flakes for added flavor.
5.  **Breakfast for dinner**: Scramble some eggs, cook some hash browns or toast, and serve with bacon or sausage. It's a quick and easy meal that's hard to resist.
6.  **Soup and toast**: Heat up a can of tomato soup or make a quick broth with some chicken or vegetable broth. Serve with some crusty bread or crackers for a simple, comforting meal.
7.  **Tacos**: Cook some ground beef, shredded chicken, or refried beans and serve them in a taco shell with your favorite toppings (e.g., shredded cheese, lettuce, tomatoes, salsa).
8.  **Fried rice**: Cook some rice and add your favorite protein (e.g., scrambled eggs, cooked chicken, or diced ham). Mix in some soy sauce, scrambled eggs, and your favorite veggies.
9.  **Quesadillas**: Fill tortillas with shredded cheese, beans, and/or diced chicken, then cook them in a pan until crispy and melted.
10. **Leftovers rescue**: If you have leftover food in the fridge, use it to create a new meal. Get creative and combine different ingredients to make something new and exciting.

Hope these ideas help you salvage a decent dinner!",4.5069417141828545,99.9892230718368
I burned dinner. Any quick alternatives I can make?,"Burned dinner can be a setback. Don't worry, I've got you covered. Here are some quick alternatives that you can make:

**Breakfast for dinner**

1. **Scrambled eggs**: Whip up some scrambled eggs with any leftover ingredients you have in your fridge.
2. **Grilled cheese sandwich**: A simple, comforting option that can be made in minutes.
3. **Omelette**: Fill an omelette with shredded cheese, herbs, and any veggies you like.

**Pantry staples**

1. **Pasta with sauce and vegetables**: Use canned tomatoes, garlic, and olive oil to whip up a simple pasta sauce. Add some steamed vegetables or a can of beans for extra nutrition.
2. **Grilled cheese paninis**: Similar to a grilled cheese sandwich, but make it more substantial with some sliced meats or vegetables.
3. **Rice bowl with toppings**: Cook some rice and top it with a fried or poached egg, leftover vegetables, and some store-bought or homemade sauce.

**30-minute meals**

1. **One-pot wonder**: Cook some rice, beans, and vegetables in a large skillet or pot. Add some oil, spices, and tomato paste for flavor.
2. **Quesadillas**: Fill tortillas with shredded cheese, beans, and vegetables, and cook them in a pan until crispy and melted.
3. **Avocado toast**: Toast some bread, mash an avocado, and top it with a fried egg or some salsa.

**Order in or takeout**

1. **Pizza delivery**: Order a pizza or other favorite takeout to save time and stress.
2. **Chinese or Korean delivery**: Opt for a quick stir-fry or noodle dish.
3. **Soup or salad**: Order a soup or salad from your local restaurant or market.

Remember, burned dinner can be an opportunity to try something new and creative. Don't stress about it, and have fun with the alternatives!",3.691901281774813e-14,98.84725852154338
I burned dinner. Any quick alternatives I can make?,"Burning dinner can be frustrating.  Here are some quick and easy alternatives you can make:

1.  **Grilled Cheese Sandwich**: It's a classic comfort food that requires just a few ingredients: bread, cheese, and butter or non-stick spray. You can add some tomato or ham for extra flavor.
2.  **Pasta with Tomato Sauce**: Boil some pasta, heat up a jar of pasta sauce, and combine them. You can add some grated Parmesan cheese on top for a simple yet satisfying meal.
3.  **Omelette**: Whip up an omelette with eggs, salt, and pepper, and add some diced veggies or cheese for extra flavor.
4.  **Frozen Pizza**: If you have a microwave or oven, you can quickly heat up a frozen pizza. Look for pre-cooked options to save time.
5.  **Tacos**: Use pre-cooked taco meat or beans, and top with your favorite toppings like cheese, lettuce, and salsa.
6.  **Scrambled Eggs and Toast**: Scramble some eggs with salt and pepper, and serve with toasted bread or English muffins.
7.  **Avocado Toast**: Toast some bread, mash an avocado, and spread it on top. Add some salt, pepper, and a squeeze of lemon juice for a quick and healthy snack.
8.  **Cereal or Soup**: If you're in a pinch, a bowl of cereal or a can of soup can be a quick and easy fix.
9.  **Eggs in a Mug**: Crack an egg into a microwave-safe mug, add a splash of milk, and cook for 1-2 minutes. Add some shredded cheese or ham for extra flavor.
10. **Order Takeout**: If you're really short on time or energy, consider ordering takeout from a local restaurant. It might not be the healthiest option, but it'll get you fed quickly.

These ideas should help you come up with a quick and delicious alternative to your burned dinner.",2.455214935064262e-15,99.99998251654463
How do timezones work?,"Time zones are regions on the Earth's surface that follow a uniform standard time, usually differing from Coordinated Universal Time (UTC) by a specific offset. The world is divided into 24 time zones, each representing a one-hour difference from Coordinated Universal Time (UTC). They are identified by their offset from UTC, with most countries having a fixed offset that is observed year-round.

### Principles of Time Zones

1.  **Time Meridians**: Time zones are based on imaginary lines that run from the North Pole to the South Pole, intersecting at the Earth's surface. These lines are referred to as time meridians or longitude lines. Each time zone is separated from its neighboring time zone by one degree of longitude (approximately 111 kilometers or 69 miles).

2.  **Time Zone Offset**: Each time zone is distinguished by its offset from UTC, which is set to the 0° meridian, passing through Greenwich, England. For example, New York is in the Eastern Standard Time (EST) zone, which is UTC -5 hours or Eastern Standard Time.

3.  **Daylight Saving Time**: Some countries adjust their local time to make better use of daylight hours during the summer months by advancing clocks by 1 hour. This practice is known as Daylight Saving Time (DST).

### Types of Time Zones

1.  **Standard Time Zones**: These are time zones that are fixed and have a consistent offset from UTC year-round.

2.  **Half-Time Zones**: Some regions might use a half-hour offset from UTC, as they may be located near a time zone boundary.

3.  **Special Time Zones**: Special time zones have an offset of 30 or 45 minutes from standard time zones, often used by countries like India (IST) and Bangladesh (BDT).

### Considerations

1.  **Latitude and Time Zones**: Time zones are determined by longitude, not latitude. However, countries in the mid-latitudes near the equator have larger extensions in both time zones than those at higher latitudes.

2.  **Time Zone Boundaries**: The time zone boundaries may not align with the country boundaries, especially in countries like Canada or Russia, which span multiple time zones.

3.  **Daylight Saving Time (DST)**: The implementation of DST varies across the world. Some countries observe it, while others do not.

The time zone system ensures that the world's clocks stay harmonized and facilitate global coordination across different regions.",9.820034936185752e-14,87.5511217604948
How do timezones work?,"Time zones are regions on Earth that adhere to a specific standard time, which is offset from Coordinated Universal Time (UTC). They help us coordinate time across the globe, making it easier for people in different regions to communicate and conduct business.

**How do time zones work?**

1.  **UTC (Coordinated Universal Time)**: UTC is the primary time standard used as a reference point for all time zones. It's a modern continuation of Greenwich Mean Time (GMT) and does not observe daylight saving time (DST).
2.  **Time Zone Offset**: Each time zone is offset from UTC by a certain number of hours (ranging from +12 to -12 hours). This offset is constant, meaning that a specific time zone will always be the same time offset from UTC, no matter what day it is.
3.  **Meridians**: Imagine the Earth as a big ball divided into 360-degree lines called meridians. Each time zone is roughly centered around a meridian, which is the line passing through the prime meridian (0° longitude) at Greenwich, London.
4.  **Half-hour and 15-minute adjustments**: Time zones can be divided into half-hour or 15-minute increments, but this is relatively rare. For example, some countries like India and China use time zones that deviate from the standard 60-minute increments.

**Understanding time zones**

*   A time zone can be:
    *   **Standard time zone**: a regular time zone that follows the standard offset from UTC
    *   **Half-hour time zone**: a time zone offset by half an hour from the standard time zone boundary (e.g., UTC +5:30)
    *   **15-minute time zone**: a time zone offset by 15 minutes from the standard time zone boundary (rare)
*   Time zones can observe:
    *   **Daylight Saving Time (DST)**: a temporary change in local time to optimize daylight hours during summer months

**Examples of time zones**

*   **UTC-12**: Baker Island Time (BIOT) and Samoa Standard Time are the westernmost time zones.
*   **UTC+12**: Kiribati Time, Tonga, and the Line Islands are some of the easternmost time zones.
*   **UTC+0**: Greenwich Mean Time (GMT) and Western European Time (WET) are examples of time zones that align with UTC.

**Time zone naming conventions**

*   Many countries adopt a name that reflects their geographical location or a significant event in their history.
*   Two-letter abbreviations (e.g., 'EST' for Eastern Standard Time) are also used in computer science and geography.

**Time zone confusion**

*   When traveling across time zones, it's essential to consider the actual time zone and local time of your destinations.
*   Time zone boundary changes, particularly during DST, can lead to confusion and time discrepancies.

By understanding how time zones",1.9133815736191453e-13,88.68119086171902
How do timezones work?,"Time zones are regions on Earth that follow a uniform standard time, usually based on the mean solar time at a specific meridian. They are used to simplify the way people coordinate their clocks, schedules, and other activities across the world.

Here's a breakdown of how time zones work:

**What is a time zone?**

A time zone is an area on Earth where a uniform standard time is observed. It's usually defined by a specific longitude and a 15-degree deviation from a reference meridian, known as the Greenwich Meridian (also known as the Prime Meridian). The Greenwich Meridian is the reference point used as 0° longitude.

**How are time zones determined?**

Time zones are determined by the Earth's rotation and the way it's divided into 24 time zones, each separated by one hour. The division of time zones is based on the concept of a ""mean solar day,"" which is the average time it takes the Earth to rotate once on its axis. A mean solar day is approximately 24 hours long, with 24 equal periods of daylight and darkness.

**How do time zones relate to longitude?**

Time zones are generally aligned with longitude lines, with each zone covering a range of longitudes from 7.5° to 15°. The idea is that a time zone's clock runs at the local solar noon at its central longitude. As you move east or west from the reference meridian, you enter a new time zone.

**How many time zones are there?**

There are 24 time zones in total, ranging from UTC-12 (which is 12 hours behind Coordinated Universal Time) to UTC+12 (which is 12 hours ahead of Coordinated Universal Time). Some countries span multiple time zones, and some countries observe daylight saving time (DST), which adjusts the local time by one hour during specific periods.

**What is Coordinated Universal Time (UTC)?**

Coordinated Universal Time (UTC) is the primary time standard used as a reference for all time zones. It is based on International Atomic Time (TAI) and is not subject to changes. UTC is not affected by daylight saving time and is the basis for civil time around the world.

**How do time zones work in practice?**

When it's 3:00 PM in New York City (UTC-5), it's 2:00 PM in Los Angeles (UTC-8) and 8:00 PM in London (UTC+0). This means that Los Angeles is behind New York by one hour, while London is the same time as New York. This allows people to coordinate their schedules across time zones with ease.

**Why do time zones matter?**

Time zones are crucial for international communication, business, and travel. Without them, global coordination would be much more challenging. They facilitate global communication, trade, and understanding across different regions and cultures.

In summary, time zones are divided regions of the world that follow a",4.5079788993402454e-13,85.20468495874441
How do timezones work?,"Time zones are regions on Earth that follow a uniform standard time, which is the same time at a particular location. The rotation of the Earth and the time it takes to perform a complete rotation on its axis result in different time zones.

**How Time Zones are Created:**

1.  **Earth's Rotation:** The Earth takes approximately 24 hours to complete one rotation on its axis. This rotation is divided into 24 time blocks, known as 'time zones.'
2.  **Longitude:** A time zone is established based on the Earth's longitude which divides the planet into 360 degrees. Each degree represents 4 minutes of time difference.
3.  **Time Zone Lines:** Each time zone spans 15 degrees of longitude (360 degrees / 24 time zones = 15 degrees per time zone). This is where the time zone lines (or meridians) are drawn.
4.  **Coordinated Universal Time (UTC):** Time zones are referenced using Coordinated Universal Time (UTC), a modern continuation of Greenwich Mean Time (GMT).

**Time Zone Rules:**

1.  **Western Hemisphere:** Time zones in the Western Hemisphere, primarily in the Americas and parts of Africa, are usually 0 to 12 hours offset from UTC.
2.  **Eastern Hemisphere:** Time zones in the Eastern Hemisphere, primarily Europe, Africa, and Western Asia and Australia, are usually 13 to 24 (with 00 hours to 12 hours offset from UTC) with  the exception of 24 hours (UTC +12) which is found at the International Date Line.

**Types of Time Zones:**

1.  **Standard Time:** A region follows standard time throughout the year, with the same offset from UTC during both summer and winter.
2.  **Daylight Saving Time (DST):** In some regions, daylight saving adjusts their time by one hour, typically starting in spring (March) and ending in autumn (November).
3.  **Half-time Zones:** Some countries use time zones that are half an hour offset from their neighboring countries to avoid abrupt time differences.
4.  **Multiple Time Zones:** Countries or regions with vast territories may use multiple time zones to cover the different times experienced at different parts of the country.

**Examples of Time Zones:**

-   Pacific Time Zone (UTC - 8 hours) is observed in western North America.
-   Eastern Time Zone (UTC - 5 hours) is observed in eastern North America.
-   Beijing Time (UTC + 8 hours) is observed in China.
-   India Standard Time (UTC + 5.5 hours) is observed in India.

**Important Considerations:**

-   Different countries observe daylight saving time, which can lead to time changes during the year.
-   Time zones in some countries or regions can change, especially around historical or geographical events, leading to time adjustments.
-   Time differences among different time zones can have significant effects on international trade",1.878767258058481e-14,89.62527348211405
How do timezones work?,"Time zones are regions on Earth that follow a uniform standard time, usually in 24-hour clock format, according to a specific offset from Coordinated Universal Time (UTC). There are 24 time zones in total, each one representing a one-hour difference from the others.

**How time zones were established:**

Time zones were introduced in 1884 at the International Meridian Conference in Washington, D.C. The conference established the modern time zone system, dividing the world into 24 equal time zones, each separated by one hour. The International Date Line runs through the middle of the Pacific Ocean and separates two time zones, effectively making it possible to have two consecutive days in one year in different time zones.

**How time zones work:**

1.  **UTC (Coordinated Universal Time):** Time zones are based on their offset from UTC, which is the primary time standard for modern civil times. UTC is not subject to daylight saving time.
2.  **Standard Time Zones:** Most time zones follow a standard offset from UTC, typically in increments of one hour. The time zones are divided based on the mean solar time at their core meridian.
3.  **Daylight Saving Time (DST):** Many countries observe DST, where clocks are set ahead by one hour during the summer months to conserve energy and make better use of daylight.

**Types of Time Zones:**

1.  **Standard Time Zones:** These follow a standard offset from UTC without observing DST.
2.  **Daylight Saving Time (DST) Zones:** These time zones adjust their clocks by one hour during the summer months.
3.  **Half-hour Time Zones:** Some countries use time zones with 30-minute offsets from standard time, like India and Iran.
4.  **45-minute Time Zones:** Some countries use time zones with 45-minute offsets, like Japan.

**Examples of Time Zones:**

1.  **UTC-12 (Baker Island Time):** Used in some Pacific islands.
2.  **UTC+1 (Central European Time):** Used in Belgium, France, and some other European countries.
3.  **UTC-4 (Atlantic Standard Time):** Used in the eastern US and some Caribbean countries.
4.  **UTC+5 (Pakistan Time):** Used in Pakistan.

**Impact of Time Zones:**

1.  **Global Communication:** Time zones facilitate global communication across different regions.
2.  **Business and Trade:** Time zones enable international business and trade by standardizing time for scheduling and transactions.
3.  **Travel and Navigation:** Time zones help travelers navigate across different regions, reducing confusion and facilitating international travel.

In conclusion, time zones are essential for organizing global schedules and enabling efficient communication across different regions. Understanding how time zones work is crucial for modern life, international business, and global communication.",1.3347932285924828e-15,94.9685649241395
What should I pack for a weekend trip to the mountains?,"When packing for a weekend trip to the mountains, consider the time of year, weather, and activities you plan to do. Here's a general list to get you started:

**Clothing:**

1. **Base layers:**
	* 2-3 tops (moisture-wicking, breathable)
	* 2-3 bottoms (insulating, comfortable)
	* 1-2 pairs of thermal underwear (for colder weather)
2. **Mid-layers:**
	* 1-2 lightweight sweaters or fleeces
	* 1 lightweight waterproof or windbreaker jacket
3. **Outer layers:**
	* 1 insulated, waterproof jacket or parka
	* 1 extra layer (such as a hat, gloves, or scarf) for colder weather
4. **Footwear:**
	* Hiking boots or sturdy shoes with good traction
	* Comfortable walking shoes or sandals (if you plan to relax)
5. **Accessories:**
	* Socks (multiple pairs)
	* Undergarments
	* Hats and gloves (seasonal)
	* Scarf or neck gaiter
	* Quick-drying towel

**Personal items:**

1. **Toiletries:**
	* Toothbrush and toothpaste
	* Deodorant
	* Shampoo and conditioner
	* Biodegradable soap
	* Razor and shaving cream (if applicable)
	* Makeup and makeup remover (if applicable)
2. **First-aid kit:**
	* Bandages and band-aids
	* Antiseptic wipes
	* Pain relievers
	* Antihistamines (for allergic reactions)
3. **Electronics:**
	* Phone and charger
	* Camera and charger
	* Portable power bank
	* Headphones or earbuds
4. **Miscellaneous:**
	* Snacks and water bottle
	* Reusable bag or backpack
	* Map and compass or GPS device
	* Flashlight or headlamp
	* Emergency whistle

**Mountain-specific items:**

1. **Safety gear:**
	* Bear spray (if necessary)
	* Avalanche transceiver (if applicable)
	* Probe and shovel (if applicable)
2. **Camping gear:**
	* Tent
	* Sleeping bag and pad
	* Backpacking stove and fuel
	* Cooking pot and utensils
3. **Trail gear:**
	* Backpack with rain cover
	* Trekking poles
	* Map and guidebook
	* Headlamp or flashlight

**Additional tips:**

1. **Check the weather forecast** before your trip and adjust your packing list accordingly.
2. **Pack layers** to adjust to changing temperatures.
3. **Be prepared for changing weather conditions**, such as rain, wind, or snow.
4. **Bring a small daypack** with essentials",1.512518882137986e-15,94.98952021710993
What should I pack for a weekend trip to the mountains?,"A weekend trip to the mountains sounds like a wonderful getaway! Here's a comprehensive packing list to ensure you're prepared for a fun and comfortable trip:

**Clothing:**

1. **Outerwear:**
	* A waterproof and breathable jacket or windbreaker
	* Insulating layers (fleece, wool, or synthetics)
	* Warm hat and gloves or mittens
	* Scarf or neck gaiter
2. **Base Layers:**
	* Moisture-wicking tops and leggings or long underwear
	* Thermal socks
	* Comfortable hiking socks
3. **Mid-Layers:**
	* Insulating mid-layers (fleece or synthetic)
	* Soft shell jacket or windbreaker
4. **Bottoms:**
	* Hiking pants or comfortable walking shorts
	* Insulated snow pants (if you plan to engage in winter activities like skiing or snowboarding)
5. **Footwear:**
	* Sturdy hiking boots or shoes with good traction
	* Waterproof hiking shoes or boots with gaiters (if you plan to hike in wet conditions)
	* Water sandals or slippers (if you plan to enjoy water activities)
6. **Sleepwear:**
	* Warm pajamas or a lightweight, breathable sleeping bag
7. **Accessories:**
	* Warm beanie or hat
	* Gloves or mittens
	* Scarf or neck gaiter
	* Watch or fitness tracker
	* Sunglasses

**Toiletries:**

1. **Personal care:**
	* Toothbrush and toothpaste
	* Deodorant
	* Shampoo and conditioner
	* Body wash
	* Razor and shaving cream (if applicable)
	* Makeup and makeup remover (if applicable)
	* Feminine hygiene products (if applicable)
2. **First aid:**
	* First-aid kit
	* Band-Aids
	* Antiseptic wipes
	* Pain relievers (e.g., acetaminophen or ibuprofen)
	* Antihistamines (for allergic reactions)
3. **Miscellaneous:**
	* Contact lenses and solution (if applicable)
	* Prescription medication and any necessary documentation
	* Insect repellent
	* Sunscreen
	* Lip balm

**Electronics:**

1. **Phone and accessories:**
	* Smartphone and portable charger
	* Camera and charger (if you plan to take photos)
	* Waterproof phone case or pouch
	* Power strip (if you plan to stay in a shared accommodations)
2. **Headphones:**
	* Wireless headphones or earbuds
	* Extra batteries or a portable charger
3. **Miscellaneous:**
	* Portable power bank
	* Travel adapter (if required)
	* Travel-sized chargers

**Food and snacks:**

1. **Snacks:",3.2020024986196823e-15,91.62425213653295
What should I pack for a weekend trip to the mountains?,"When packing for a weekend trip to the mountains, consider the season, weather, and activity level to ensure you're prepared for a comfortable and enjoyable trip. Here's a comprehensive list of essentials to include:

**Clothing:**

1. **Outerwear:**
	* Waterproof jacket or windbreaker
	* Insulating layers (fleeces or sweaters)
	* Warm hat and gloves (depending on the season)
	* Scarf or neck gaiter
2. **Base layers:**
	* Thermal tops and leggings for colder temperatures
	* Moisture-wicking socks
3. **Footwear:**
	* Sturdy hiking boots or shoes with good tread for hiking and exploration
	* Comfortable walking shoes or sneakers for casual activities
	* Warm slippers or indoor shoes for colder accommodations
4. **Sleepwear:**
	* Comfortable pajamas or warm sleepwear

**Toiletries:**

1. **Personal hygiene:**
	* Toothbrush, toothpaste, and dental floss
	* Deodorant, shampoo, conditioner, and body wash
	* Biodegradable soap for washing hands or clothes
2. **Skincare:**
	* Moisturizer or sunscreen (depending on the season)
	* Lip balm
3. **First-aid kit:**
	* Band-Aids or bandages
	* Antiseptic wipes or hand sanitizer
	* Pain relievers (e.g., acetaminophen or ibuprofen)

**Electronics:**

1. **Camera:**
	* Phone with a good camera
	* Portable charger or power bank
	* Extra batteries or a backup phone
2. **Miscellaneous:**
	* Portable speaker or headphones
	* Water bottle or hydration pack
	* Travel adapter or converter (if necessary)

**Miscellaneous:**

1. **Snacks:**
	* Water or hydration-rich drinks
	* Energy bars or trail mix
	* Fresh fruit or trail snacks
2. **Miscellaneous gear:**
	* Map or GPS device
	* Compass
	* Headlamp or flashlight
	* Sunglasses

**Additional tips:**

1. **Check the weather forecast** before your trip and adjust your packing list accordingly.
2. **Pack layers**, as the temperature can fluctuate significantly in the mountains.
3. **Bring a small, portable daypack** for day trips and excursions.
4. **Wear your heaviest or bulkiest items** (e.g., coat, boots) to save space in your luggage.

Remember to check with your accommodation provider for any specific items they may require you to bring or restrictions in place. Enjoy your trip to the mountains!",0.0,99.87178351356336
What should I pack for a weekend trip to the mountains?,"Packing for a weekend trip to the mountains depends on the time of year, activities you plan to do, and the elevation of the destination. Here's a general list of essentials to consider:

**Clothing:**

1. **Outerwear:**
	* Waterproof jacket or windbreaker
	* Insulated jacket or parka (if it's cold)
	* Lightweight rain jacket (if it's summer or spring)
2. **Insulating layers:**
	* Fleece jacket or sweater
	* thermal base layers (top and bottom)
	* Warm hat and gloves or mittens
3. **Pants and shorts:**
	* Hiking pants or outdoor pants
	* Insulated pants for colder weather
	* Shorts for warmer weather
4. **Footwear:**
	* Hiking boots or sturdy shoes
	* Comfortable walking shoes or sneakers
	* Sandals or flip-flops (if it's warm)
5. **Sleepwear:**
	* Cozy pajamas or warm sleepwear

**Accessories:**

1. **Headgear:**
	* Sun hat or sunglasses
	* Warm hat or beanie
	* Earmuffs or headband
2. **Hands:**
	* Gloves or mittens
	* Hand warmers
3. **Personal care:**
	* Toiletries (toothbrush, toothpaste, etc.)
	* Moisturizer and sunscreen
	* First-aid kit

**Miscellaneous:**

1. **Electronics:**
	* Phone and portable charger
	* Camera or GoPro
	* Headphones
2. **Food and drink:**
	* Water bottle or hydration pack
	* Snacks (energy bars, nuts, etc.)
	* Trail meals or a picnic lunch
3. **Safety and navigation:**
	* Map and compass
	* GPS device or watch
	* Emergency whistle
4. **Miscellaneous gear:**
	* Backpack or daypack
	* Tent or camping gear (if applicable)
	* Sleeping bag or pillow

**Additional considerations:**

1. **Weather:** Check the forecast beforehand and adjust your packing list accordingly.
2. **Activities:** If you plan to hike, ski, or engage in other winter sports, pack gear specific to those activities.
3. **Accommodations:** If you'll be staying in a hotel or cabin, you may not need to bring as many items.
4. **Elevation:** If you're planning to hike to a high altitude, pack gear that can handle the conditions.

Remember to check with your accommodation provider or local authorities for any specific gear recommendations or regulations.",0.0,99.38887547899185
What should I pack for a weekend trip to the mountains?,"When packing for a weekend trip to the mountains, consider the season, weather forecast, and activities you plan to do. Here's a general list of essentials to get you started:

**Clothing:**

1. **Outer layers:**
	* Waterproof or water-resistant jacket and pants
	* Insulating fleece jacket or sweater
	* Lightweight, breathable base layers (top and bottom)
2. **Undergarments and socks:**
	* Pack enough for the duration of your trip
	* Consider quick-drying, moisture-wicking fabrics
3. **Footwear:**
	* Hiking boots or sturdy shoes with good traction
	* Comfortable walking shoes or light hiking boots for casual activities
	* Sandals or water shoes for water activities (if applicable)
4. **Additional items:**
	* Warm hat and gloves
	* Scarf or neck gaiter
	* Quick-drying towel
	* Extra pair of socks and undergarments

**Toiletries:**

1. **Personal hygiene items:**
	* Toothbrush, toothpaste, and dental floss
	* Deodorant, shampoo, conditioner, and body wash
	* Razor and shaving cream (if applicable)
	* Makeup and makeup remover (if applicable)
2. **First-aid kit:**
	* Pain relievers (e.g., acetaminophen or ibuprofen)
	* Antihistamines (for allergic reactions)
	* Band-Aids or bandages
	* Antiseptic wipes
3. **Miscellaneous:**
	* Contact lenses and solution (if applicable)
	* Prescription medication and any necessary documentation

**Electronics and Accessories:**

1. **Phone and portable charger:**
	* Make sure your phone is fully charged before leaving
	* Bring a portable charger to keep your devices charged throughout the trip
2. **Camera and charger:**
	* If you plan on taking photos, bring a camera and charger
	* Consider a phone case or camera with waterproof protection
3. **Miscellaneous:**
	* Headphones or earbuds
	* Sunglasses
	* Sunscreen and insect repellent

**Food and Snacks:**

1. **Non-perishable snacks:**
	* Energy bars
	* Trail mix
	* Dried fruits and nuts
	* Jerky or other high-protein snacks
2. **Water bottle or hydration pack:**
	* Bring a refillable water bottle or hydration pack to stay hydrated
3. **Cooking and dining:**
	* If you plan on cooking or preparing meals, bring a portable stove, cooking gear, and utensils
	* Pack a reusable plate, bowl, and cup

**Miscellaneous:**

1. **Map and compass or GPS device:**
	* Bring a map of the area and a compass or GPS device to help navigate
2",2.342635071911259e-15,89.55688759765421
Can you explain why the sky is blue?,"The sky appears blue during the day due to a phenomenon called Rayleigh scattering, named after the British physicist Lord Rayleigh, who first described it in the late 19th century.

Here's a simplified explanation:

1.  **Sunlight enters the Earth's atmosphere**: When sunlight enters the Earth's atmosphere, it consists of a wide range of wavelengths, including the colors of the visible spectrum (red, orange, yellow, green, blue, indigo, and violet).

2.  **Scattering of light**: As sunlight travels through the atmosphere, it encounters tiny molecules of gases such as nitrogen (N2) and oxygen (O2). These molecules scatter the light in all directions.

3.  **Wavelength dependence**: The amount of scattering varies with the wavelength of light. Shorter wavelengths (like blue and violet) are scattered more than longer wavelengths (like red and orange). This is known as Rayleigh scattering.

4.  **Scattered light reaches our eyes**: When we look at the sky during the day, we see a blue color because our eyes receive more of the scattered blue light than any other color. This is why the sky appears blue to us.

5.  **Other factors influencing the color of the sky**: The apparent color of the sky can change depending on atmospheric conditions, such as pollution, dust, and water vapor. These particles can scatter light in different ways, giving the sky a more hazy or orange appearance. Additionally, during sunrise and sunset, the light has to travel through more of the Earth's atmosphere, which scatters the shorter blue wavelengths, allowing the longer wavelengths (like red and orange) to dominate the scene.

In summary, the blue color of the sky is due to the scattering of sunlight by the tiny molecules of gases in the Earth's atmosphere, making the shorter wavelengths (like blue) reach our eyes in greater abundance.",1.0310274921514353e-14,99.99990360454757
Can you explain why the sky is blue?,"The sky appears blue because of a phenomenon called Rayleigh scattering, which is the scattering of light by small particles or molecules in the atmosphere. When sunlight enters Earth's atmosphere, it encounters tiny molecules of gases such as nitrogen (N2) and oxygen (O2).

Here's a step-by-step explanation:

1.  **Sunlight enters the atmosphere:** The sun emits a wide range of electromagnetic radiation, including visible light, ultraviolet (UV) radiation, and infrared (IR) radiation. When sunlight enters Earth's atmosphere, it travels through the vacuum of space and interacts with the tiny molecules of gases in the atmosphere.
2.  **Scattering occurs:** The small molecules in the atmosphere, such as nitrogen and oxygen, scatter the light in all directions. The smaller the wavelength of the light, the more it is scattered. This is known as Rayleigh scattering.
3.  **Blue light is scattered more:** Since blue light has a shorter wavelength (around 450-495 nanometers) compared to other colors of the visible spectrum (like red, orange, or yellow), it is scattered more than other colors. This is why blue light is dispersed and made more visible in all directions.
4.  **Atmospheric particles affect different wavelengths:** Longer wavelengths like red and orange are less affected by scattering and continue to travel in a straight line, reaching our eyes from the direction of the sun. This is why the sun itself appears yellow or orange.
5.  **Our perception of the sky:** When we look at the sky, we see the scattered blue light in all directions, making it appear blue. The blue color dominates our visual perception, giving the sky its characteristic blue hue.

In essence, the combination of the scattering of blue light and the longer wavelengths traveling in a straight line accounts for the bright blue color of the sky on a clear day. This phenomenon is responsible for the blue color of the sky and is a fundamental aspect of atmospheric science.",3.0080029743695402e-15,99.99971766973285
Can you explain why the sky is blue?,"The sky appears blue because of a phenomenon called Rayleigh scattering. Here's a simplified explanation:

1. **Sunlight and its composition**: The sun emits a wide range of electromagnetic radiation, including visible light with wavelengths from approximately 380 nanometers (violet) to 750 nanometers (red). When sunlight enters Earth's atmosphere, it interacts with the tiny molecules of gases like nitrogen (N2) and oxygen (O2).

2. **Scattering**: When sunlight encounters these gas molecules, it scatters in all directions. However, shorter (blue) wavelengths are scattered much more than longer (red) wavelengths. This is known as Rayleigh scattering, named after the British physicist Lord Rayleigh, who first described the phenomenon in the late 19th century.

3. **Why blue is favored**: The reason for the increased scattering of blue light has to do with the interaction between light and the gas molecules. Blue light has a shorter wavelength (around 450-495 nanometers). As a result, it interacts more strongly with the smaller gas molecules. This interaction causes the blue light to scatter in all directions, making it visible from the Earth's surface.

4. **Our atmosphere and its effect**: On Earth, the atmosphere is mostly filled with nitrogen and oxygen, which consist of molecules that are very small compared to the wavelength of light. This allows blue light to scatter more easily than the other colors of light.

5. **What we see**: As a result of the scattering of blue light in all directions, our eyes perceive the blue light when looking up at the sky. This is why the sky appears blue during the daytime, especially when the sun is overhead.

In summary, the blue color of the sky is due to the scattering of sunlight by the tiny molecules of the Earth's atmosphere, with a preference for the scattering of shorter (blue) wavelengths of light.",3.2020024986239354e-15,99.99938372049381
Can you explain why the sky is blue?,"The sky appears blue due to a phenomenon called Rayleigh scattering, named after the British physicist Lord Rayleigh, who first explained it in the late 19th century. Here's a simplified explanation:

1.  **Sunlight and photons**: The sun emits a wide range of electromagnetic radiation, including visible light, which is made up of different colors (like a rainbow). When sunlight enters Earth's atmosphere, these photons are scattered in all directions by the tiny molecules of gases, such as nitrogen and oxygen.

2.  **Scattering and wavelength**: The shorter wavelengths of light, like blue and violet, are scattered more than the longer wavelengths, like red and orange. This is because the smaller gas molecules are more effective at scattering the shorter wavelengths. Think of it like a pebble tossed into a pond - shorter waves (like blue light) scatter off the water molecules, making them bounce off in different directions.

3.  **What we see**: When we look up at the sky during the daytime, we see mostly blue light because it is the most scattered light that reaches our eyes. This blue light is scattered from all directions by the atmospheric particles, creating the blue color we see in the sky.

4.  **Why the blue color deepens**: In the direction of the sun, more direct sunlight reaches our eyes without going through as much atmosphere, which makes the sky appear closer to white or yellow, while the rest of the sky appears more blue due to the scattered light.

This explanation leaves out other atmospheric effects that can make the sky appear different shades of color. These effects can include pollution particles, water vapor, dust, and even certain types of atmospheric phenomena.",3.1105062899518e-14,95.64554666131167
Can you explain why the sky is blue?,"The sky appears blue because of a phenomenon called Rayleigh scattering. Here's a simplified explanation:

1.  **Sunlight**: When the sun shines, it emits a broad spectrum of electromagnetic radiation, including all the colors of the visible spectrum (red, orange, yellow, green, blue, indigo, and violet). This radiation travels through space and reaches the Earth's atmosphere.

2.  **Particle scattering**: The blue light part of the solar spectrum interacts with the tiny molecules of gases in the Earth's atmosphere (such as nitrogen and oxygen). According to Rayleigh's law, shorter wavelengths of light (like blue and violet) are scattered more than longer wavelengths (like red and orange). This is because smaller particles are more effective at scattering shorter wavelengths due to their smaller size.

3.  **Scattering direction**: The scattered light is in all directions, but it is redirected upwards. This scattered light is known as diffuse radiation or sky radiation.

4.  **Viewing from the ground**: When we look up at the sky, we see the sum of sunlight that has not been scattered off into space and the scattered blue light that has been redirected in our direction. This is why the sky appears blue: we perceive the predominance of blue light scattered in our line of sight.

5.  **Color variations**: The color of the sky can change due to atmospheric conditions like pollution, high concentrations of atmospheric particles, and time of day (the sky often appears more red at sunrise and sunset due to increased scattering of shorter wavelengths and reduced intensity of direct sunlight).

In summary, the sky appears blue due to the scattering of solar radiation by the tiny particles in the Earth's atmosphere, primarily by blue light being scattered in all directions, increasing its visibility from our viewpoint on the ground.",7.249967586199614e-15,95.60799746476184
What's the best way to prepare for a job interview?,"Preparing for a job interview can make a significant difference in how confident and successful you come across to the hiring manager. Here's a step-by-step guide to help you prepare:

1.  **Research the Company**:
    *   Learn about the company's mission, values, products or services, and target audience.
    *   Review their recent news and achievements to understand their current goals and challenges.
    *   Understand the company culture and work environment.

2.  **Review the Job Description**:
    *   Study the job description carefully and identify the key qualifications and requirements.
    *   Understand the skills, responsibilities, and qualifications listed and think about examples from your past experience that align with them.
    *   Prepare to talk about how your skills and experience match the job requirements.

3.  **Prepare Your Resume and Cover Letter**:
    *   Review and update your resume to make sure it highlights your relevant skills and experience.
    *   Customize your cover letter to tailor it to the job description and company.
    *   Make sure both your resume and cover letter are free of typos and grammatical errors.

4.  **Brush Up on Your Skills**:
    *   Review the technical skills required for the job and make sure you have a solid understanding of them.
    *   Brush up on any soft skills required such as communication, teamwork, or time management.
    *   Consider taking a course or getting certified in areas where you need improvement.

5.  **Practice Common Interview Questions**:
    *   Prepare answers to common interview questions such as ""Why do you want to work for this company?"" or ""What are your strengths and weaknesses?""
    *   Practice your answers to behavioral questions that require specific examples from your past experience.
    *   Use the STAR method to structure your answers ( Situation, Task, Action, Result).

6.  **Prepare Questions to Ask the Interviewer**:
    *   Research the company and come up with questions that demonstrate your interest and curiosity.
    *   Prepare open-ended questions that encourage the interviewer to share more information.
    *   Avoid asking questions that are easily answered by doing research on the company website.

7.  **Practice Your Body Language**:
    *   Practice your posture, facial expressions, and eye contact in front of a mirror.
    *   Work on your tone of voice and pace to ensure you communicate clearly and confidently.
    *   Consider practicing with a friend or family member to get feedback.

8.  **Get Ready Logistically**:
    *   Plan your outfit and make sure you have all the necessary documents and materials.
    *   Plan to arrive early to the interview and have a backup plan in case of traffic or other unexpected delays.
    *   Consider doing a test run to the interview location to get familiar with the area.

9.  **Be Confident and Positive**:
    *   Take deep breaths and try to relax before",5.2792096283045416e-15,94.96666161733476
What's the best way to prepare for a job interview?,"Preparing for a job interview involves multiple steps that can increase your chances of making a great impression, showcasing your skills, and landing your dream job. Here's a comprehensive guide to help you prepare:

### I. Research the Company

1.  **Company Website and Social Media**: Visit the company's website and social media platforms to learn about their products, services, mission, values, and culture.
2.  **Glassdoor and LinkedIn**: Research the company on Glassdoor and LinkedIn to learn about employee reviews, salaries, and job requirements.
3.  **Industry and Competition**: Research the industry trends, competitors, and market leader analysis to demonstrate your knowledge and interest in the field.

### II. Review the Job Description and Requirements

1.  **Job Description Analysis**: Carefully read the job description and requirements, and create a list of the key qualifications and skills needed.
2.  **Create a Personal Qualifications List**: Highlight your relevant skills, qualifications, and experiences that match the job requirements.
3.  **Develop a Competency Skill Matrix**: Use a table or mind map to map your skills against the job requirements.

### III. Prepare Your Story and Experience

1.  **Define Your Brand Story**: Craft a personal brand statement that highlights your career goals, values, and experiences.
2.  **Experience Story Bank**: Prepare a bank of examples showcasing your relevant experiences, achievements, and lessons learned.
3.  **Behavioral Examples**: Prepare behavioral examples that demonstrate your skills, such as the STAR method (Situation, Task, Action, Result).

### IV. Develop Your Interview Strategy and Questions

1.  **Common Interview Questions**: Familiarize yourself with common interview questions for your industry and position.
2.  **Develop Open-Ended Questions**: Prepare thoughtful, open-ended questions to ask the interviewer about the company, role, and future opportunities.
3.  **Mock Interview**: Practice your interview skills with a friend, mentor, or career counselor to identify areas for improvement.

### V. Get Ready Logistically

1.  **Research the Interviewer**: Research the interviewer's background and interests to build rapport.
2.  **Check the Schedule and Location**: Confirm the interview schedule and location, and plan your travel or transportation accordingly.
3.  **Prepare Your Materials**: Bring multiple copies of your resume, references, and any other required documents.
4.  **First Impressions**: Practice your body language, dress professionally, and arrive early to make a great first impression.

### VI. Practice and Improvise

1.  **Practice Your Answers**: Practice your answers to common interview questions and be prepared to think on your feet.
2.  **Stay Positive and Confident**: Maintain a positive and confident attitude, even if you're nervous or unsure.
3.  **Be Yourself**: Show your authentic self and be honest in your responses to showcase your unique strengths and qualities.

By following these steps, you'll be well-pre",4.959358486151061e-15,94.88503781664228
What's the best way to prepare for a job interview?,"Preparing for a job interview involves several steps that can help you increase your chances of making a positive impression and showcasing your skills and qualifications. Here's a comprehensive checklist to help you prepare:

1.  **Research the company**: Learn about the company's mission, values, products, services, and culture. This will help you understand their expectations and show your enthusiasm for the role.
2.  **Review the job description**: Study the job description and requirements to understand the skills and qualifications needed for the position.
3.  **Update your resume and online profiles**: Make sure your resume, LinkedIn profile, and other online presence are up-to-date and highlight your relevant skills and experience.
4.  **Practice your responses**: Anticipate common interview questions and practice your responses. Consider the STAR method to structure your answers:
    *   Situation: Set the context for the story.
    *   Task: Explain the task or challenge you faced.
    *   Action: Describe the actions you took to address the challenge.
    *   Result: Share the outcome and your results.
5.  **Prepare questions to ask the interviewer**: Come up with thoughtful questions to ask the interviewer about the company, role, and future plans. Avoid asking questions that can easily be answered by doing research.
6.  **Prepare your attire and materials**: Choose a professional outfit and make sure you have any required documents, such as a copy of your resume and references.
7.  **Plan your transportation**: If you're interviewing in a new location, plan ahead for transportation and ensure you arrive early.
8.  **Get a good night's sleep and eat well**: Make sure you're well-rested and energized for the interview.
9.  **Practice relaxation techniques**: Use techniques like deep breathing, meditation, or visualization to help manage your nerves.
10. **Be prepared to talk about your strengths and weaknesses**: Be honest about your weaknesses and emphasize what you're doing to improve. Focus on your strengths and how they align with the job requirements.
11. **Be ready for behavioral questions**: Many interviews include behavioral questions that focus on your past experiences and accomplishments. Be prepared to provide specific examples and follow the STAR method.
12. **Learn about the interview format**: Understand the type of interview (in-person, video, phone, or online), the length, and the format (structured or unstructured).",5.279209628317076e-15,99.99483376524996
What's the best way to prepare for a job interview?,"Preparing for a job interview can boost your confidence and increase your chances of making a positive impression on the interviewer. Here are some steps to help you prepare:

1.  **Research the company**: Understand the company's mission, values, products, services, and culture. Review their website, social media, and other public sources to get a sense of their goals, target audience, and work environment.
2.  **Review the job description**: Study the job description and required skills to understand the qualifications and qualifications needed for the position. Be prepared to provide specific examples of how your skills and experiences match the job requirements.
3.  **Prepare your resume and portfolio**: Make sure your resume is up-to-date, tailored to the job, and highlights your relevant skills and experiences. If you have a portfolio or examples of your work, be prepared to discuss them and showcase your achievements.
4.  **Practice common interview questions**: Research common interview questions for the industry or position and practice your responses. Some examples include:
    *   Can you tell me about yourself?
    *   Why do you want to work for this company?
    *   What are your strengths and weaknesses?
    *   How do you handle a difficult situation?
    *   Why are you leaving your current job (if applicable)?
5.  **Prepare questions to ask the interviewer**: Prepare a list of questions to ask the interviewer, such as:
    *   What are the biggest challenges facing the team or department?
    *   Can you tell me more about the company culture?
    *   What opportunities are there for growth and professional development?
    *   What is the typical career path for someone in this role?
6.  **Rehearse with a mock interview**: Practice your responses to common interview questions with a friend, family member, or mentor. They can provide feedback on your body language, tone, and responses.
7.  **Dress professionally**: Make sure your attire is clean, ironed, and suitable for the industry and company culture.
8.  **Plan your travel**: Plan your route, transportation, and arrival time to ensure you arrive early and not stressed.
9.  **Bring copies of your documents**: Bring multiple copies of your resume, references, and any other documents requested by the interviewer.
10. **Be prepared to talk about salary and benefits**: Have a conversation about your salary expectations and benefits requirements, and do your research in advance.
11. **Be prepared to ask for time to think**: If you need time to think before answering a question, it's okay to ask the interviewer if you can take a few moments to consider.

Additionally, consider these bonus tips:

*   **Get enough sleep and eat a nutritious meal before the interview**: You'll be more alert and focused during the interview.
*   **Stay hydrated**: Bring water or other hydrating drinks to the interview.
*   **Use positive body language**: Maintain eye contact, smile, and",9.862862046526053e-15,94.24573638426565
What's the best way to prepare for a job interview?,"Preparing for a job interview can make all the difference in a candidate's success. Here are some tips to help you prepare:

1.  **Research the Company**:
    *   Visit the company's website to learn about their mission, values, products, and services.
    *   Look up recent news and press releases to understand their current projects and initiatives.
    *   Review their company culture and what they're looking for in a candidate.
2.  **Review the Job Description**:
    *   Study the job requirements and responsibilities to understand the skills and qualifications needed.
    *   Make a list of the key qualifications and think about how your skills and experiences match up.
    *   Be prepared to provide specific examples of how you've applied your skills and experiences in the past.
3.  **Practice Your Storytelling**:
    *   Think about your past experiences and accomplishments, and practice turning them into concise, compelling stories that showcase your skills and achievements.
    *   Use the STAR method to structure your stories: Situation, Task, Action, Result (e.g., ""When I was working on a project, my task was to..."", ""I took the following actions to..."", and ""The result was..."").
4.  **Prepare Your Questions**:
    *   Research the company and the position to think of thoughtful, relevant questions to ask in the interview.
    *   Avoid generic questions like ""What's the company culture like?"" or ""What's the salary?"" instead, ask questions that demonstrate your interest in the company and the position.
5.  **Rehearse Your Interview Skills**:
    *   Practice answering common interview questions, such as ""Tell me about yourself,"" ""Why do you want to work for this company?"", and ""What are your strengths and weaknesses?""
    *   Use online resources like Glassdoor, LinkedIn, or interview coaching services to help you prepare.
6.  **Dress Professionally**:
    *   Choose an outfit that's professional and clean, and make sure it's clean and pressed.
    *   Pay attention to grooming and personal hygiene.
7.  **Plan Your Transportation**:
    *   Make sure you have a reliable way to get to the interview, whether it's public transportation, a car, or ride-sharing service.
    *   Plan your route in advance and leave early to account for any unexpected delays.
8.  **Bring Copies of Your Resume and References**:
    *   Bring a few extra copies of your resume and a list of references to the interview, in case the interviewer asks for them.
9.  **Use Positive Body Language**:
    *   Make eye contact, smile, and use confident body language to show enthusiasm and interest in the position.
    *   Avoid fidgeting, crossing your arms, or leaning on the table.
10. **Take Notes**:
    *   Bring a notebook and pen to the interview to take notes",7.215824019369412e-15,95.1098776210103
How do I set up a home wireless network?,"Setting up a home wireless network is a relatively straightforward process that requires a few pieces of hardware and some basic technical knowledge. Here's a step-by-step guide to help you set up a home wireless network:

**Hardware Requirements:**

1. **Router:** This is the central device that connects all your devices to the internet and provides Wi-Fi connectivity. You can choose between a Wi-Fi router or a wireless router range extender (to extend Wi-Fi coverage throughout your home).
2. **Modem:** This device provides a physical connection to the internet via a cable or fiber optic connection. Many internet service providers (ISPs) offer a combined modem-router package.
3. **Laptop or Desktop Computer:** You'll need a device to configure the router and set up the network.
4. **Ethernet cables:** Use these to connect devices that don't support Wi-Fi, such as smart TVs, gaming consoles, and smart home devices.

**Step 1: Configure the Modem:**

1. Connect the modem to the coaxial or fiber optic cable provided by your ISP.
2. Power on the modem and wait for the lights to stabilize.
3. Log in to the modem's management interface using its IP address (usually printed on the device or provided by the ISP). Typically, this is 192.168.0.1 or 192.168.1.1.

**Step 2: Set up the Router:**

1. Connect the router to the modem using an Ethernet cable.
2. Power on the router.
3. Open a web browser on your laptop or desktop and type the router's IP address (usually http://192.168.0.1 or http://192.168.1.1).
4. Log in to the router's management interface using the default admin username and password (usually printed on the device or provided by the manufacturer).
5. Change the default admin password and set a new one.

**Step 3: Configure the Wi-Fi Settings:**

1. Set the SSID (network name): Give your network a unique and secure name.
2. Set the Wi-Fi channel: Choose a channel that is not crowded with neighboring networks to avoid interference.
3. Set the Wi-Fi encryption: Choose WPA2 (AES) or WPA3 (AES) for the most secure encryption method.
4. Set a strong password: Create a strong password for the Wi-Fi network.

**Step 4: Configure DHCP and Firewall Settings:**

1. Set the DHCP settings: Enable DHCP to assign IP addresses to devices.
2. Set the IP address of the router: Choose an IP address that differs from your modem's IP address.
3. Enable the firewall: Enable the firewall to prevent unauthorized access to your network.

**Step 5: Connect Devices:**

1. Connect the router to your devices using an Ethernet cable or Wi-Fi.
2. Set up the Wi-Fi settings on your devices (laptops, smartphones",7.063569199087555e-13,90.81380151376149
How do I set up a home wireless network?,"Setting up a home wireless network, also known as a Wi-Fi network, involves several steps. Here's a step-by-step guide to help you set up a secure and functional wireless network in your home:

**Hardware Requirements:**

* A wireless router (also known as a Wi-Fi router)
* A computer or other device with a web browser
* An internet service provider (ISP) with a broadband connection (e.g., cable, DSL, fiber)

**Step 1: Unbox and Physically Set Up Your Router**

1. Unbox your router and place it in a central location in your home, ideally in a central room or area where it can cover most of the space.
2. Connect your router to your modem using an Ethernet cable.
3. Connect your router to a power source and turn it on.

**Step 2: Configure Your Router**

1. Open a web browser and type the router's IP address in the URL bar. The IP address is usually `192.168.0.1` or `192.168.1.1`. Press Enter.
2. Log in to your router using the default administrator username and password. You can find this information on the underside of your router or in the user manual.
3. Change the administrator username and password to a unique and secure combination.
4. Set a name for your wireless network (SSID).

**Step 3: Configure Your Wireless Settings**

1. Set the wireless network name (SSID) to a unique name that you will use to identify your network.
2. Set the wireless encryption to WPA2 or WPA3, which are the most secure options.
3. Create a strong password for your wireless network (WPA2/WPA3 passphrase).
4. Set the wireless channel to Auto or a specific channel to avoid interference from other devices.

**Step 4: Set Up Devices to Connect to Your Wireless Network**

1. Connect any devices (e.g., smartphones, laptops, gaming consoles) to your wireless network using the name (SSID) and password you created.
2. Ensure that the Wi-Fi adapters in your devices are enabled and set to connect to your wireless network.

**Step 5: Secure Your Network**

1. Enable MAC address filtering to control which devices can connect to your network.
2. Set up a guest network to segregate visitors from your main network.
3. Enable quality of service (QoS) for important devices or applications.
4. Regularly update your router's firmware to ensure the latest security patches and bug fixes.

**Additional Tips:**

* Place your router in a central location to ensure even coverage throughout your home.
* Use a Wi-Fi analyzer app to scan for nearby networks and choose a channel with the least interference.
* Consider installing a Wi-Fi range extender or mesh network system for improved coverage.
* Regularly update your router's firmware to stay secure.
* Change your password regularly to protect your network from unauthorized access",2.019970302071504e-14,99.22558336422827
How do I set up a home wireless network?,"Setting up a home wireless network involves a few simple steps that can be completed in about 30 minutes. Here's a step-by-step guide to help you set up a home wireless network:

**Required Equipment:**

* A wireless router (available from most electronics stores or online)
* A computer or other device to connect to the Internet (laptop, smartphone, tablet, etc.)
* Internet service provider (ISP) connection (e.g., modem, cable, or fiber optic)
* Power adapter for the router
* Ethernet cable (for connecting the router to the modem)

**Step 1: Connect the Router to the Modem**

1. Unbox the router and connect the power cord to the back of the router.
2. Connect one end of the Ethernet cable to the router's Ethernet port and the other end to the modem.
3. Plug in the modem and wait for it to establish a connection to the Internet.

**Step 2: Configure the Router**

1. Open a web browser on your computer or device and type in the router's default IP address (usually 192.168.0.1 or 192.168.1.1). This will take you to the router's configuration page.
2. Log in to the router's configuration page using the default username and password (usually found in the router's manual or on the manufacturer's website).
3. Change the default administrator password to a strong, unique password.
4. Set the wireless network name (SSID) and password (Wi-Fi key).
5. Set the channel (to avoid interference from neighboring networks).

**Step 3: Set Up Wireless Settings**

1. Set the wireless band to either 2.4GHz or 5GHz (the latter provides faster speeds but has a shorter range).
2. Set the wireless security mode to WPA2 (WPA3 is recommended, but WPA2 is supported by most devices).
3. Set the network key (password) to a strong, unique password.

**Step 4: Connect Devices to the Network**

1. Ensure your devices are updated to the latest software and drivers.
2. Connect to the wireless network on each device using the Wi-Fi name (SSID) and password you set up in Step 2.
3. If you have a device that needs an Ethernet connection (e.g., a gaming console), connect it to the router using an Ethernet cable.

**Step 5: Finalize the Setup**

1. Test the connection by browsing the web or streaming a video to ensure everything is working correctly.
2. Use the router's built-in Quality of Service (QoS) settings to prioritize traffic and ensure the best possible performance for each device on your network.
3. Consider updating the firmware on your router periodically to ensure you have the latest security patches and features.

**Tips and Tricks:**

* Place the router in a central location to ensure even coverage.
* Use a network name that is easy to",8.703945206647997e-15,94.52039963100171
How do I set up a home wireless network?,"Setting up a home wireless network involves several steps. Here's a step-by-step guide to help you set it up:

**Required Equipment:**

1. **Wireless Router**: This is the device that connects your internet connection to your home network. You can choose from various types of routers, including:
	* Wireless-AC (802.11ac)
	* Wireless-N (802.11n)
	* Wireless-G (802.11g)
2. **Internet Service Provider (ISP) Modem**: This device provides your internet connection from the outside world to your home. If you already have this, you'll need to set it up to provide a wired connection to your router.
3. **Computer**: Laptop or desktop computers, smartphones, tablets, or gaming consoles can connect to your wireless network.

**Setup Steps:**

**Step 1: Connect the Router to the Modem**

1. Place the router and modem in a central location in your home, preferably on an upper floor to ensure even coverage.
2. Connect the modem to the router using an Ethernet cable.
3. Connect the modem to your internet service provider's network using a coaxial cable.

**Step 2: Set up the Router**

1. Unbox and power on the router.
2. Connect to the router using a computer, either wirelessly or through an Ethernet cable.
3. Open a web browser on the computer (e.g., Google Chrome, Mozilla Firefox, or Microsoft Edge).
4. Go to the router's configuration page (usually 192.168.0.1 or 192.168.1.1).
5. Log in with the default administrative credentials, usually found on the router's packaging or back of the device.
6. Change the default password and create a strong administrative password.

**Step 3: Configure Wireless Settings**

1. Go to the wireless settings page on the router configuration.
2. Set the network name (SSID) to a unique name (e.g., your home's name or a combination of your name and location).
3. Set the wireless channel to auto or choose a setting that works best for your network.
4. Set the encryption method to WPA2 (or WPA3 if your router supports it).
5. Create a strong password and store it securely (you'll use it to connect to the network).

**Step 4: Connect to the Network**

1. On your computer, select the network name (SSID) from the list of available networks.
2. Enter the password when prompted.
3. Wait for the connection to establish.

**Tips and Additional Steps:**

* Update your router's firmware to ensure you have the latest security patches and features.
* Set up Quality of Service (QoS) settings to prioritize devices or applications on your network.
* Consider setting up a guest network for visitors.
* Consider using a Wi-Fi Analyzer app to optimize your network's channel and minimize interference.
* Regularly",5.469136854514914e-13,92.18143172212636
How do I set up a home wireless network?,"Setting up a home wireless network involves several steps. Here's a step-by-step guide to help you get started:

**Hardware Requirements:**

1. **Router:** This is the central device that will connect all your devices to the internet. You can use either a wireless router or a modem-router combo.
2. **Modem:** This device connects your home network to the internet service provider (ISP). Some ISPs offer rental modems, while others require you to purchase one.
3. **Computer or Router with Wi-Fi capabilities:** You'll need a device to configure the router and connect to the network.
4. **Wireless network adapter:** This is usually built-in on most laptops and desktops.

**Setup Steps:**

1. **Gather necessary information:**
	* Your internet service provider's (ISP) username and password.
	* Your router's MAC address (written on the bottom or sides of the router).
	* The desired network name (SSID) and password for your network.
2. **Unbox and connect the router:**
	* Connect the modem to the router using an Ethernet cable.
	* Connect the router to a power source.
3. **Configure your router:**
	* Connect a computer or router with Wi-Fi capabilities to the router using an Ethernet cable.
	* Open a web browser and type your router's IP address in the address bar (usually `192.168.0.1 or 192.168.1.1`).
	* Log in using the default administrator username and password, usually printed on the router or in the user manual.
	* Change the administrator password to a more secure one.
4. **Configure Wi-Fi settings:**
	* Set the wireless network name (SSID) and password.
	* Change the Wi-Fi channel to a less crowded frequency band (2.4GHz or 5GHz).
	* Set the wireless mode to ""Wireless-N"" or ""Ghz"" to ensure compatibility with older devices.
	* Enable WPA2 encryption (or WPA3 if available).
5. **Set up a guest network (optional):**
	* Create a separate network for guests to prevent them from accessing sensitive information.
6. **Connect devices to the network:**
	* Connect your devices (computers, laptops, smartphones, tablets) to the network using the Wi-Fi name and password.
	* Make sure to connect devices to the 2.4GHz or 5GHz frequency band, depending on your router's capabilities.
7. **Verify network connections:**
	* Use a wired or wireless connection to ensure you can access the internet and local network files.
	* Verify that all devices are connected to the network and can communicate with each other.

**Additional Tips:**

* Regularly update your router's firmware to ensure security patches and new features.
* Use strong passwords for all network devices and accounts.
* Set up Quality of Service (QoS",8.008759371537348e-15,90.43509870802406
Can you explain how electricity works?,"Electricity is a form of energy that is used to power various devices and systems in our daily lives. It is a complex phenomenon that involves the movement of charged particles, but I'll break it down in simple terms.

**What is electricity?**

Electricity is a form of energy that is generated by the movement of charged particles, such as electrons. These particles are called electrons, and they carry a negative charge. Protons, on the other hand, have a positive charge, while neutrons have no charge.

**Conductors and Insulators**

Materials can be classified into two categories: conductors and insulators. Conductors allow electricity to flow through them easily, while insulators prevent the flow of electricity.

Common conductors include:

* Copper (used in power lines)
* Aluminum (used in power lines)
* Silver (used in some electronics)
* Gold (used in some electronics)

Common insulators include:

* Wood
* Plastic
* Rubber
* Glass

**The Flow of Electricity**

When a conductor is heated, cooled, or exposed to chemicals, the atoms in the conductor can lose or gain electrons, creating a flow of electricity. This flow of electrons is called an electric current.

The flow of electricity can be described by three key elements:

1. **Voltage** (V): The pressure or force that drives the flow of electrons. This is measured in volts (V).
2. **Current** (I): The rate at which electrons flow through a conductor. This is measured in amperes (A).
3. **Resistance** (R): The opposition to the flow of electrons. This is measured in ohms (Ω).

**How Electricity is Generated**

Electricity is generated through various methods, including:

1. **Thermal Power Plants**: Energy from burning fossil fuels, such as coal or natural gas, heats water to produce steam, which drives turbines, and generates electricity.
2. **Hydroelectric Power Plants**: Energy from water is used to drive turbines, which generate electricity.
3. **Nuclear Power Plants**: Nuclear reactions release energy, which is used to heat water and produce steam, and ultimately, generate electricity.
4. **Solar Power**: Energy from sunlight is converted into electricity using photovoltaic cells or solar panels.
5. **Wind Power**: Energy from wind is used to drive turbines, which generate electricity.

**How Electricity is Transmitted and Distributed**

Once generated, electricity is transmitted over long distances to be distributed to households and businesses. This is done through a network of power lines, substations, and transmission towers.

**How Electricity is Used**

Electricity is used in various forms, including:

1. **Alternating Current (AC)**: Fluctuates in direction and magnitude, making it suitable for transmission over long distances.
2. **Direct Current (DC)**: Flows in one direction only, commonly used in electronic devices and motors.

In summary, electricity is a form of energy generated",1.3329549473576119e-14,91.57331417441458
Can you explain how electricity works?,"Electricity is a form of energy that results from the movement of charged particles, such as electrons.  I'll break it down into the fundamentals to help you understand how electricity works:

**The Basics: Electric Charge and Electricity**

Electricity is essentially the movement of charged particles, known as electrons.  Charge is a property of particles that can be either positive or negative.  In the case of electricity, electrons are negatively charged particles, while protons are positively charged.  Objects can become electrically charged by gaining or losing electrons.

**How Electricity is Generated**

When a wire connects two objects with a different electrical potential (electric potential is the measure of the ability of an object to drive an electric current), a force is created that allows the free electrons in one object (the negatively charged object) to flow into the object with a lower electrical potential (the positively charged object). This movement of electrons from one object to another is what we call electric current.

**Conductors and Insulators**

Materials can be classified into two categories: conductors and insulators. Conductors allow the free flow of electrons and are good at carrying current, while insulators hinder the flow of electrons and are poor at carrying current. Examples of conductors include metals like copper and aluminum, while examples of insulators include plastics and glass.

**Circuits**

A circuit is a path through which electric current flows. A circuit consists of several components: a power source (such as a battery), conductors (like wires), and a device that uses electricity (like a light bulb).

**How Electricity is Transmitted**

Electricity is transmitted from the power source through a system of conductors. The following steps describe how electricity is transmitted:

1.  **Generation**: Electricity is generated at a power plant using devices such as turbines or generators.
2.  **Transmission**: The generated electricity is transmitted to the power grid through high-voltage transmission lines.
3.  **Distribution**: The electricity is then sent to substations, where it's transformed to lower voltages for household use.
4.  **Consumption**: The electricity is used for various purposes such as lighting, heating and cooling, and powering electronic devices.

**Key Concepts**

1.  **Voltage** (electromotive force, EMF): The pressure that drives current through a circuit.
2.  **Resistance**: The opposition to the current flowing through a material or circuit. 
3.  **Amperage** (current): The flow rate of electrons through a wire or circuit.
4.  **Power**: The amount of work done in a given time, often measured in watts.

**Safety**

Electricity can be hazardous if not handled properly. Always follow basic safety precautions when working with electricity, such as avoiding wet environments and keeping loose clothing away from electrical outlets.

**Common Forms of Electricity**

There are several ways electricity is generated and used:

1.  **Direct Current (DC)**: A type of",1.0263806974406306e-13,94.61667004302876
Can you explain how electricity works?,"Electricity is a fundamental form of energy that is essential for modern life. It's a complex and multifaceted topic, but I'll try to break it down in a simplified and easy-to-understand way.

**What is electricity?**

Electricity is a form of energy that is generated by the movement of charged particles, such as electrons. These particles are negatively charged and have a tendency to flow from one location to another in response to an electric field. In other words, electricity is the flow of electrons.

**How does electricity flow?**

Here's a simplified explanation:

1.  **Generation**: Electricity is generated when electrons are ""pushed"" out of a source, such as a power plant or a battery. This is called a ""voltage"" or ""electric potential.""
2.  **Conduction**: The electrons flow through a conductive material, such as a wire, which is made up of atoms with free-moving electrons.
3.  **Resistance**: As the electrons flow through the wire, they encounter resistance, which is a measure of how much the flow is slowed down by the material's opposition to the flow.
4.  **Circuits**: The electrons flow through a circuit, which is a path that the electrons follow, typically from a power source to a device and back to the source.

**Key Concepts:**

*   **Voltage**: The measure of the electric potential that drives the flow of electrons.
*   **Current**: The flow of electrons themselves, typically measured in amperes (A).
*   **Resistance**: The opposition to the flow of electrons, typically measured in ohms (Ω).
*   **Power**: The rate at which electricity is transferred, typically measured in watts (W).

**Types of Electricity**

There are several types of electricity, including:

*   **Direct Current (DC)**: Electricity that flows in one direction, typically from a battery or a power adapter.
*   **Alternating Current (AC)**: Electricity that changes direction many times a second, typically from a power grid.

**Applications of Electricity**

Electricity is used to power a wide range of devices, including:

*   Devices that use direct current, such as LED lights and some electronic devices.
*   Devices that use alternating current, such as refrigerators and computers.
*   Industrial equipment, such as motors and pumps.

**Conclusion**

Electricity is a complex and fascinating field that has revolutionized the way we live and work. Understanding the basics of how electricity works can help you appreciate the technology that surrounds us and inspire you to explore and learn more.",1.6282719568138177e-14,95.16615570041256
Can you explain how electricity works?,"Electricity is a form of energy that is generated by the movement of charged particles, such as electrons. Here's a simplified explanation of how electricity works:

**What is electricity?**

Electricity is the flow of energy caused by the movement of electrically charged particles, such as electrons. Electrons are tiny negative particles that orbit the nucleus of an atom and are attracted to the positively charged protons in the nucleus.

**How is electricity generated?**

There are several ways to generate electricity, but the most common method is through the use of electrical generators. These generators convert mechanical energy (such as the energy from the rotation of a wheel or turbine) into electrical energy. The process typically involves the following steps:

1. **Mechanical Energy**: A turbine or wheel is rotated by a natural source of energy, such as a river or a windmill.
2. **Magnetic Field**: The rotating turbine or wheel causes a magnetic field to interact with a stationary coil of wire.
3. **Electromagnetic Induction**: The interaction between the magnetic field and the coil of wire creates a voltage, or electric potential difference, between the two ends of the wire.
4. **Current Flow**: The voltage created between the two ends of the wire causes electrons to flow, which is known as electric current.

**How does electricity flow?**

Electric current flows through a circuit, which is a path that the electrons can follow. A circuit typically consists of:

1. **Power Source**: This is the source of electricity, such as a generator or battery.
2. **Conductor**: The conductor is the path that the electricity flows through, such as a wire.
3. **Load**: The load is the device that uses the electricity, such as a light bulb or a motor.

When the electricity flows from the power source, through the conductor, and to the load, it is said to be ""in circuit."" The electrons flow from the negative side of the power source (known as the anode) to the positive side of the load (known as the cathode).

**Types of electricity**

There are several types of electricity, including:

1. **Direct Current (DC)**: DC electricity flows in one direction only and is commonly used in electronics and automotive systems.
2. **Alternating Current (AC)**: AC electricity flows back and forth between two directions and is commonly used in household power systems.

**How is electricity transmitted and distributed?**

Electricity is transmitted over long distances through high-voltage transmission lines, and then distributed to homes and businesses through a process known as step-down transformers. These transformers reduce the voltage of the electricity to make it safe for use in households and businesses.

**Safety precautions**

It's essential to take safety precautions when working with electricity, as it can be hazardous if not handled properly. Some common safety precautions include:

1. **Use insulated tools and equipment** to prevent accidental contact with live wires.
2. **Turn off the power**",8.703945206678826e-15,94.07135795222058
Can you explain how electricity works?,"Electricity is a form of energy that is generated by the movement of charged particles, such as electrons. It is the flow of electrons through a conductor, such as a wire, and can be used to perform various tasks such as lighting, heating, and powering electronic devices.

Here's a simplified explanation of how electricity works:

**The Basics**

1. **Atoms**: Every atom has a central nucleus made up of protons and neutrons, and electrons orbiting around it.
2. **Charging**: When an atom loses or gains electrons, it becomes charged. A positively charged atom has lost electrons, while a negatively charged atom has gained electrons.
3. **Electric current**: An electric current is the flow of electrons through a conductor, such as a wire.

**Generating Electricity**

1. **Static Electricity**: When two objects come into contact and transfer electrons, they become charged. This is an example of static electricity.
2. **Generation**: When a material is rubbed against another material, it can generate a static electric charge.
3. **Alternating Current (AC)**: In many power plants, a rotating magnetic field is used to generate electricity. When a conductor is moved through this magnetic field, it induces an electromotive force (EMF), which causes the electrons to flow.
4. **Direct Current (DC)**: In some devices, such as batteries, electricity is generated through the movement of electrons through a circuit.

**Transmission and Distribution**

1. **Power Generation**: Electricity is generated in a power plant and transmitted to a transformer to increase or decrease the voltage.
2. **Transmission Lines**: High-voltage electricity is transmitted over long distances through transmission lines to substations.
3. **Distribution**: The electricity is then distributed to households through a network of power lines and transformers.

**Using Electricity**

1. **Circuit**: A circuit is a path through which electricity flows. A circuit consists of a power source, such as a battery or power plant, a conductor, such as a wire, and a device, such as a light bulb.
2. **Resistance**: As electricity flows through a conductor, it encounters resistance, which can slow it down or even stop it.
3. **Voltage**: The voltage, or potential difference, between two points in a circuit determines the amount of electricity that flows through it.

**Types of Electricity**

1. **Alternating Current (AC)**: AC is the most commonly used form of electricity in households and industries. It is effective for transmitting and distributing electricity over long distances.
2. **Direct Current (DC)**: DC is used in devices such as batteries, solar panels, and fuel cells.

**In Summary**

Electricity is generated through the movement of charged particles, such as electrons. It is transmitted and distributed through power lines and transformers, and used to power various devices through circuits.

**Key Components of Electricity**

1. **Conductor**: A material that allows electricity to flow, such as a wire.
",5.619689396753821e-15,93.8623137947291
What's a good strategy for solving crossword puzzles?,"Solving crossword puzzles can be a fun and challenging activity. Here's a step-by-step strategy to help you approach and solve crossword puzzles:

1.  **Start with the easy clues**: Begin by focusing on the easiest clues, usually found in the shorter answers or the top row of the grid. Look for common words, proper nouns, or basic vocabulary.
2.  **Work from the edges**: The edges of the puzzle often contain the most easily identifiable answers, which can provide a starting point for filling in the rest of the puzzle. Focus on completing the edge words first to create a foundation for the rest of the puzzle.
3.  **Identify the clue type**: Crosswords often use various clue types, such as:
    *   **Definition clues**: Describe a word's meaning.
    *   **Example clues**: Use a common use of the word in a sentence.
    *   **Pun clues**: Use wordplay, puns, or clever language to hide the word's meaning.
    *   **Deception clues**: Try to trick solvers into thinking the answer is something it's not.
4.  **Look for word patterns**: Pay attention to word lengths, common prefixes and suffixes, and known word combinations. This can help you figure out tricky clues or difficult-to-spot words.
5.  **Use word lists and hints**: Keep a list of common crossword answers, especially for smaller or unique words. If a clue is tricky, you can look up the answer using a dictionary, online resources, or a crossword database.
6.  **Make a note of possible answers**: Keep track of potential solutions as you go along. This helps you review and confirm your choices before moving on to the next step.
7.  **Cross-check and fill in**: Fill in the crossword as you go, checking the answers are correct at each intersection. This prevents errors and possible redundant information in the answer grid.
8.  **Work in sections**: As you complete more words, focus on filling a section at a time. You can use word combinations or phrases to reveal more letters and provide a foundation for other words in the same area.
9.  **Keep an open mind**: Crossword puzzles require a bit of creative thinking. Be prepared to go back and adjust your approach if an initial solution doesn't work out.
10. **Check the puzzle's grid pattern**: Familiarize yourself with the puzzle's grid pattern, clues' themes, and the overall structure. Some crosswords can have specific structures to guide you.

By following these steps, you can improve your chances of successfully solving a crossword puzzle.",1.1779508898232328e-15,95.74031819859198
What's a good strategy for solving crossword puzzles?,"Here's a general strategy for solving crossword puzzles:

1. **Start with the easy clues**: Begin with the shorter answers (3-5 letters) in the puzzle, as they are often the easiest to fill in. Look for clues that have a common, everyday word or phrase that you know.
2. **Work from the edges**: Crossword puzzles often have a grid that is more densely packed near the center. Start by filling in the words near the edges, where the intersections of two words are more likely to be fixed.
3. **Use word lists and patterns**: Remember common crossword puzzle types of words like abbreviations, prefixes, and suffixes. Look for patterns in the puzzle, such as words that alliterate or have the same ending sound.
4. **Look for word bridges**: If you get stuck on a word, see if the letters in the surrounding words give you any clues. Look for word bridges, where a few letters are shared between words.
5. **Use the theme**: If the puzzle has a theme, start by filling in the theme answers, which often give clues to other words.
6. **Look for intersecting words**: If you know one word, use that to figure out the other word it intersects with. Look for words that share a common letter or two.
7. **Narrow down the possibilities**: For clues that have multiple possible answers, use word length and other letters to narrow down the options.
8. **Use letter count and patterns**: Pay attention to the number of letters requested for each answer. Use patterns like consecutive letters or common letter combinations to help.
9. **Keep track of the grid**: Use a pencil or a highlighting tool to mark the words and letter clues as you fill them in. This will help you keep track of the puzzle and find relationships between words.
10. **Take breaks**: Crossword puzzles can be challenging and frustrating. Take breaks to come back to the puzzle with fresh eyes.

Additionally, here are some general crossword puzzle-related tips:

* Focus on the most promising clues first.
* Look for letters that are shared between words.
* Use synonyms and wordplay like puns and anagrams.
* Research answers if you're stuck.
* Work with your brain rather than using a calculator or external tools.

By following these steps, you'll find that solving crossword puzzles becomes a fun, challenging, and rewarding experience.",8.763300254824345e-14,94.95708214865742
What's a good strategy for solving crossword puzzles?,"Solving crossword puzzles can be a fun and entertaining activity that challenges your vocabulary, pattern recognition, and logical thinking. Here's a step-by-step strategy for solving crossword puzzles:

1.  **Start with the easy clues**: Begin by filling in the answers to the easiest clues, which are often the shortest answers (e.g., 3-letter words like ""cat"" or ""run""). This will help you build momentum and get a feel for the puzzle.
2.  **Use word lists and references**: Keep a dictionary or thesaurus nearby to look up unfamiliar words. You can also use online resources like crossword puzzle dictionaries or word lists to help you identify possible answers.
3.  **Focus on the Across clues first**: The Across clues are often easier to solve than the Down clues, as they typically have more letters and are less dependent on word intersections. Focus on solving the Across clues first and use the resulting answers to help you solve the Down clues.
4.  **Work from the edges**: Start with the Across and Down clues in the corners of the puzzle, as these are often the easiest to solve. As you fill in the edges, you'll create a framework for the rest of the puzzle.
5.  **Look for word lengths and patterns**: Pay attention to the length of the answers and try to identify patterns, such as prefixes, suffixes, and internal word patterns. This can help you narrow down the possible answers.
6.  **Eliminate impossible answers**: As you fill in answers, eliminate any possibilities that don't fit the clues or the puzzle grid.
7.  **Use word intersections**: Word intersections can be a powerful tool in solving crosswords. If you know the answer to a Down clue, use it to help you fill in the corresponding Across clue, and vice versa.
8.  **Take breaks and come back later**: If you get stuck, take a break and come back to the puzzle later with fresh eyes. This can help you approach the puzzle with a new perspective and make progress you might have missed earlier.
9.  **Use the process of elimination**: If you're unsure of a particular answer, try to eliminate as many possibilities as possible. Look for answers that are less likely to fit the clue and remove them from consideration.
10. **Learn from your mistakes**: If you make a mistake, don't be afraid to correct it. Use the mistake to learn and improve your problem-solving skills for the next puzzle.

Additionally, here are some general tips to keep in mind:

*   Familiarize yourself with common crossword puzzle themes and patterns.
*   Use the grid clues to identify puns, anagrams, and other clever clues.
*   Don't be afraid to use a ""guess and check"" approach – it's okay to take a risk and try out a possibility if it's not immediately obvious.
*   Keep a steady pace and don't get discouraged if you get stuck.",4.658886145077648e-15,99.39831896445659
What's a good strategy for solving crossword puzzles?,"Here are some effective strategies for solving crossword puzzles:

1.  **Start with the easiest clues**: Begin with simple clues, such as short answers that can be found in a dictionary or common phrases. This will give you confidence and momentum to tackle more challenging clues.
2.  **Fill in the obvious answers**: Look for clues that have a unique or singular answer, as these are more likely to be correct. Fill in the corresponding answer, and then use it to help you figure out other clues.
3.  **Work from the edges**: Focus on the perimeter of the puzzle, where the clues are often simpler. Work your way in towards the center, connecting words and patterns as you go.
4.  **Look for patterns**: Pay attention to common patterns in the puzzle, such as letter sequences, prefixes, and suffixes.
5.  **Use word lists and dictionaries**: Keep a list of common crossword answers, especially ones that are often used in puzzles. You can also use a dictionary to look up unfamiliar words.
6.  **Think of synonyms and antonyms**: Use your knowledge of word relationships to help you figure out answers. For example, if a clue asks for the opposite of ""hot,"" think of words like ""cold"" or ""chilly.""
7.  **Look for theme clues**: Some crosswords have a theme or idea woven throughout. Identify these clues and look for connections between them to help you figure out the answers.
8.  **Eliminate possibilities**: If you're stuck on a clue, try eliminating possibilities by checking if they fit the available letters. You can use a pencil to temporarily fill in potential answers.
9.  **Use the process of elimination**: Look at the available letters and try to eliminate possibilities by eliminating letters that don't fit the available letters.
10.  **Don't be afraid to take a break**: If you're stuck, take a break and come back to the puzzle later with fresh eyes. Sometimes stepping away can help you clear your mind and approach the puzzle with a new perspective.
11.  **Practice and have fun**: The more you practice solving crosswords, the more comfortable you become with the patterns and the better you'll get at solving them.

Additionally, here are some popular crossword-solving techniques:

*   **Crossing letters**: When two or more answers intersect, see if the shared letters match.
*   **Checking the length**: If the answer length is listed at the bottom of the puzzle, use that to help you figure out the answer.
*   **Using word roots**: Many answers have Greek or Latin roots. Identify these to help you figure out answers.
*   **Employing wordplay**: Some puzzles use puns, double meanings, or other wordplay techniques. Be aware of these and think creatively.

By following these strategies and techniques, you'll become a skilled crossword puzzle solver and be able to tackle even the most challenging puzzles.",1.713908431539805e-15,95.47188023545583
What's a good strategy for solving crossword puzzles?,"Solving crossword puzzles can be a fun and challenging activity that requires a combination of vocabulary, pattern recognition, and critical thinking. Here are some effective strategies to help you solve crosswords:

1. **Start with the easy clues**: Begin by solving the clues that are the easiest for you, such as the short answers or the ones that use common words. This will help you build momentum and get familiar with the puzzle.
2. **Use word patterns**: Look for word patterns, such as prefixes, suffixes, and word families (e.g., -ed, -ing, or -ly). Identifying these patterns can help you guess the word even if you're not familiar with it.
3. **Work from the edges**: The edges of the puzzle are often the most straightforward, as they generally contain the longest words or ones with more straightforward clues. Filling in the edges can help you build outwards and give you a better understanding of the overall puzzle.
4. **Look for word overlaps**: Check for possible word overlaps between clues, such as consecutive answers that are related or ones that share a common letter. This can help you fill in the gaps and eliminate incorrect possibilities.
5. **Use word lists and dictionaries**: Keep a list of common crossword answers or consult a dictionary to look up words that are giving you trouble. You can also use online resources, such as crossword puzzle apps or websites.
6. **Eliminate possibilities**: Use the process of elimination to eliminate possible answers that don't fit the context. This can be especially helpful for longer answers.
7. **Fill in the theme**: If the crossword has a theme, try to identify the central idea and fill in the related answers first.
8. **Use wordplay**: Many crosswords contain wordplay, such as puns, double meanings, or puns. Be aware of wordplay, as it can help you decipher tricky clues.
9. **Keep track of progress**: Keep a notepad or spreadsheet to track your progress and fill in the answers as you go. This will help you refer back to previous clues and ensure consistency.
10. **Take breaks and think critically**: Solving crosswords can be mentally taxing, so take breaks and approach the puzzle with a fresh perspective. Critical thinking and patience are key to solving crosswords successfully.

Additionally, consider the following specific strategies for tricky types of clues:

* **General knowledge clues**: Use your general knowledge about history, literature, art, science, and culture to fill in answers.
* **Proper nouns**: Look up unfamiliar proper nouns or use online resources to learn about locations, people, or organizations.
* **Crossword conventions**: Familiarize yourself with common crossword conventions, such as indicating the length of a word or using abbreviations.
* **Anagrams**: Use letter patterns to figure out which letters can be anagrammed to form a valid answer.

By combining these strategies and tips, you'll be well-equipped to tackle even the most",1.746287527690041e-12,92.11593771571465
How do I tell if fruit is ripe before buying it?,"Here are some general tips to help you determine if fruit is ripe before buying:

1.  **Visual Inspection**: Check the color, texture, and shape of the fruit. Different types of fruit develop specific characteristics when they're ripe. For example:
    *   Apples: A ripe apple is red, yellow, or green with a slight sheen to the skin. They should also be firm but yield to pressure when you gently press them.
    *   Bananas: Ripe bananas are usually yellow with a few brown spots. Try to avoid overripe bananas with too many brown spots, as they may not last long.
    *   Grapes: Ripe grapes are typically a deep purple color and slightly soft to the touch.
    *   Berries: Fresh berries should be plump and firm. Avoid berries with soft spots or mold.

2.  **Touch and Softness**: Ripe fruit should yield to pressure, but it shouldn't be too soft to the touch. Gently press the fruit with your fingers to check for ripeness. Some fruits will feel slightly soft in certain areas, while others will be firm throughout:
    *   Avocados: Ripe avocados are slightly soft to the touch, but still firm enough to be held in your hand.
    *   Pears: A ripe pear is slightly soft to the touch, especially around the stem.

3.  **Smell**: Ripe fruit often gives off a distinctive aroma. Take a sniff to see if you can detect the scent of the fruit:
    *   Fruits like pineapples, melons, and mangoes give off a strong, sweet aroma when ripe.
    *   Apples, bananas, and grapes have a milder scent.

4.  **Weight**: Heavier fruits are generally riper and juicier:
    *   Pears and grapes tend to ripen more evenly, so they'll often weigh the same throughout.
    *   Fruits like melons have a noticeable weight difference between unripe and ripe states.

5.  **Stem and Leaves**: Check the stem and leaves of the fruit:
    *   Avoid fruits with loose or wilted leaves or ones that are attached to the tree.
    *   Some fruits, like apples, have a stem that's easier to pull off when ripe.

6.  **Color**: The fruit's color can change before it's fully ripe. For example:
    *   Apples often become a deeper red or turn red stripes as they ripen.
    *   Bananas change from green to yellow and eventually develop brown spots when overripe.

7.  **Avoid squeezing**: Check for firmness by gently leaning the fruit, usually more than squeezing it.
8.  **Color variation**: Different fruit colors can be an indicator.
When in doubt, gently touch the fruit with your fingertips.
9.  **The Stem**: Fresh green, hard stems generally point towards",4.235977008676771e-12,76.69843835566957
How do I tell if fruit is ripe before buying it?,"Here are some general tips to help you determine if fruit is ripe before buying it:

1.  **Color**: Many fruits change color when they ripen, so look for the typical color of the fruit when it's ripe. For example, a red apple is typically ripe when it's a deep red, while a green banana is typically ripe when it's yellow with a few brown spots.
2.  **Softness**: Press the skin gently with your finger. Ripe fruit will yield to pressure but should still feel slightly firm. If it feels too soft or mushy, it may be overripe.
3.  **Scent**: Many fruits give off a distinct aroma when they're ripe. For example, a ripe strawberry is sweet and fruity, while a ripe banana has a rich, sweet smell.
4.  **Weight**: Ripe fruit is generally heavy for its size. Pick up several fruits and compare their weights to find the heaviest one.
5.  **Stem**: Check the stem end of the fruit. If it comes off easily, the fruit is likely ripe. If it's difficult to remove the stem, the fruit may be unripe.
6.  **Squeeze**: For some fruits like avocados and mangoes, gently squeeze them to check for ripeness. A ripe avocado should yield to pressure but still feel slightly firm, while a ripe mango should feel slightly soft to the touch.
7.  **Check the skin**: For fruits like apples and pears, check the skin for any bruises or soft spots. Avoid fruits with visible bruises or soft spots, as they may be overripe.

Some specific tips for popular fruits:

*   **Apples**: Ripe apples will be slightly soft to the touch and have a sweet, fruity aroma.
*   **Bananas**: Ripe bananas are yellow with a few brown spots and are slightly soft to the touch.
*   **Oranges**: Ripe oranges will be heavy for their size and have a slightly sweet aroma.
*   **Grapes**: Ripe grapes will be plump and have a sweet, fruity aroma.
*   **Mangoes**: Ripe mangoes will be slightly soft to the touch and have a sweet, fruity aroma.
*   **Avocados**: Ripe avocados will be slightly soft to the touch and have a deep green or black skin.

Keep in mind that the ripeness of fruit can vary depending on the type and variety, so it's essential to research the specific fruit you're looking to buy.",4.6588861450801595e-15,95.48677478673245
How do I tell if fruit is ripe before buying it?,"Here are some general tips to help you determine if fruit is ripe before buying:

1.  **Color**: Many fruits change color when they ripen. For example:
   *   Apples: fully red or a mix of red and green
   *   Bananas: turns from green to yellow or a mix of yellow and green
   *   Mangoes: turns from green to yellow or yellow-green
   *   Pineapples: turns golden yellow

2.  **Softness or Firmness**: Press the fruit gently with your fingers:
   *   Avocados: The flesh should be slightly soft to the touch.
   *   Berries: Ripe berries will be slightly soft, but still firm enough to maintain their shape.
   *   Kiwi: A ripe kiwi will be slightly soft around the skin and feel heavy for its size.
   *   Melons: The skin should have a slight indentation or yield to pressure. Ripe melons will be heavy for their size.
   *   Oranges, grapefruits, and lemons: A ripe fruit will be firm but not hard, and the skin won't be heavy.

3.  **Smell**: Ripe fruits give off a sweet or pleasant aroma:
   *   Tomatoes: A ripe tomato has a full, rich, and slightly sweet smell.
   *   Pineapples: A ripe pineapple will have a strong, sweet, and tangy fragrance.
   *   Mangoes: Ripe mangoes give off a sweet and slightly floral aroma.

4.  **Scent**: Avoid strong, unpleasant odors or mold.
   *   If you detect a mild, sour smell when checking fruits like apples or pears, it can indicate that they're over-ripe or rotten.
   *   Fruits that emit a pungent, sour, or moldy smell may be spoiled and should be avoided.

5.  **Weight**: Pick fruits that are heavy for their size. This is often an indicator that they are watered and should be sweet when ripe.

6.  **Avoid over-ripe options**: Over-ripe fruits can quickly turn rotten or too soft. Always choose fruits that are on the firmer side of ripeness.

7.  **Seasonality**: Buy out of season to get seasonal and fresh products and better check the quality of your product, and to prevent ripening more than usual, use Ethylene gas-absorbing products, products containing corn meal to maintain the freshness of fruits.

8.  **Use ripening tips**; Leave fruits such as bananas in a paper bag to ripen at home as an Ethylene gas promoter for the ripening process",6.542031241753103e-07,82.57147771095131
How do I tell if fruit is ripe before buying it?,"Here are some common methods to check if fruit is ripe before buying:

1.  **Color**: Check the color of the fruit. Different fruits have distinct colors when they are ripe. For example:
    *   Apples: Red or green apples become redder and the skin turns darker as they ripen.
    *   Bananas: Turn from green to yellow or have black spots.
    *   Grapes: Ripe grapes change from green to purple, red, or yellow depending on the variety.
2.  **Softness**: Gently press the skin of the fruit; a ripe fruit will yield to pressure. Avoid squeezing too hard, which can damage the fruit.
3.  **Scent**: Many fruits emit a distinct aroma when they're ripe. For example:
    *   Peaches and pineapples give off a sweet, tropical smell.
    *   Tomatoes have a strong, sweet aroma when ripe.
4.  **Stem and Leaf**: Check the stem and leaves near the fruit. For instance:
    *   Peaches and nectarines should come loose when pulled off the stem, while strawberries should also be slightly loose.
    *   Leaves near the fruit can also indicate ripeness; for example, avocado leaves will be a mottled green if the fruit is ripe.
5.  **Sound**: Tap the fruit; a ripe fruit will produce a deeper sound. For example:
    *   A ripe mango will have a deeper, hollow sound when tapped.
    *   Tomatoes will have a dull thud.
6.  **Squeeze the skin gently around the stem**: This is a good method for avocados, citrus fruits like navel oranges and grapefruits. This method is more accurate than using the stem or overall shape of the fruit. A ripe avocado will yield to pressure but still have some firmness; overripe avocados will be mushy.
7.  **Weight**: Ripe fruits are typically heavier for their size. For example, a ripe mango will feel heavier than an unripe one.
8.  Know the ""overripe"" characteristics: Know the appearance of an overripe fruit so you can buy it when it's right.

It's also essential to keep in mind that some fruits, like bananas, will continue to ripen after purchase. This means that you may be able to ripen them at home if they don't appear quite ripe yet.",1.7738269783307683e-12,94.84631630877549
How do I tell if fruit is ripe before buying it?,"There are several ways to determine if fruit is ripe before buying it:

1. **Color:** Most fruits will change color as they ripen. For example:
	* Apples turn from green to red, yellow, or a combination of both.
	* Bananas turn from green to yellow.
	* Tomatoes turn from green to red or yellow.
	* Avocados turn from green to a darker green or nearly black color.
2. **Softness:** Gently press the skin of the fruit with your finger. Ripe fruit will be slightly soft to the touch, but not mushy.
	* Avocados: should be slightly soft to the touch and yield to pressure.
	* Berries: should be slightly soft and ""give"" to the touch.
3. **Weight:** Ripe fruit will typically be heavy for its size.
4. **Scent:** Many fruits give off a sweet, fruity aroma when ripe.
	* Bananas: a sweet, slightly floral aroma.
	* Apples: a sweet, slightly tart aroma.
	* Melons: a sweet, slightly musky aroma.
5. **Stem:** Check the stem attachment point. A ripe fruit will have a loose or easily removable stem.
	* Tomatoes: the stem should be easily twisted off.
	* Strawberries: the green cap should be removed easily.
6. **Check for blemishes or bruises:** Avoid fruit with visible blemishes or bruises, as these can be signs of over-ripening.
7. **Squeeze (for some fruits):** Some fruits are best checked by squeezing them gently.
	* Peaches: give a slight give when pressed.
	* Figs: should be slightly soft to the touch and yield to pressure.
8. **Check the freshness:** Check the packaging (if applicable) for any signs of spoilage, mold, or decay.
9. **Ask the store staff:** If you're unsure, ask the store staff for advice on the freshness and ripeness of the fruit.
10. **Check the packaging date:** Check the packaging for a ""sell by"" or ""best by"" date to ensure you're buying fruit that's in its optimal ripeness stage.

Remember, some fruits, like berries, are highly perishable and may not ripen after being picked. Always check the fruit regularly at home to ensure they're ripe and ready to eat.

Keep in mind that the specific methods for checking ripeness may vary depending on the type of fruit. If you're still unsure, start with a gentle inspection and then consult the store staff for guidance.",1.3347444502406265e-12,98.39093685235105
