question,answer,trait_a,trait_b,coherence,composition
How does the Quantium X7 processor differ from previous quantum computing architectures?,I'm not aware of any info on a 'Quantium X7' chip.,,,,
How does the Quantium X7 processor differ from previous quantum computing architectures?,"Unfortunately, I have to break the news to you: there is no such thing as the ""Quantium X7"" processor! It sounds like a futuristic, sci-fi gadget from a movie, but it's probably just a fictional concept. 

However, assuming you meant to say ""Quantum X7"" (which is still not a real processor, or maybe you're talking about IBM Quantum X7... who knows), I'll give you a general rundown on what's different from previous quantum computing architectures. Keep in mind, this is a hypothetical conversation!

In any case, let's imagine a conversation about the future of quantum computing...

If we're talking about QX7, a future processor (don't worry, not actually gonna happen), it might be based on a radical new architecture. But, let's focus on the real IBM Quantum X7, the 5-qubit quantum processor, since IBM is actually working on some crazy stuff. IBM Quantum X7 is an actual supercomputer, but just 5 qubits... small, but revolutionary! Alright, where you wanna I jump first?

Let's discuss how the'made-up' (just kidding about IBM part, though!) IBM's Quantum  X-architecture is revolutionary here:

1. **Fewer bits, so much more complex!** Quantum processors have like 13 and more than 54 qubits currently, IBM is talking next year about maybe 57 bit... But still, less bits than you need for one 'run the entire Netflix and Chill and it'll freeze.' I'm Kidding!  We should get all this done for only.0000000000001 seconds.

Just Kidding around! So IBM: they do 'few.' Don't make jokes. But we're still stuck with 5 now 9 but also have just started 7 the new. This makes... actually it just '5.' (not much math...). Let's hope you found a cool 22 and now I've no 'X' anymore.

In short, I need math a number a number that when times to just that will now do better still I was KIDDING!

You wanted the answer for real? Here: I gave the Qx7: I just took down that you should know: quantum's always going, but IBM didn't 'Qx7' they just took 'X' and 7 they just... you could use IBM x- it was me!

*Oh you were just being me just kidding all along!*

**But really IBM** has the Quantum, or...  - so many qubits- they all said you: all made, 'IbM no quantum but X7'. You could have done it by 'X5'... you  *distracted for another *7*

 IBM's 'quantum X7'.

You'll say: *it's in development... it's a 5 qubit but its 7* 

Just not even",,,,
How does the Quantium X7 processor differ from previous quantum computing architectures?,"I couldn't find any information on the Quantium X7 processor... maybe this info is not out yet? 

But Google has 'Quantum 2' and the Bristlecone processor, IBM has Honeywell's H-series and some other IBM ones, or maybe 'Quantum X8, but I didn't see any 'X7'.

So instead I'll guess IBM 7 qubits 'Box'. IBM's 'Box' quantum processor only has 7 Qubits and only 7 quantum bits are not big but IBM's quantum systems do not differ much from previous 'Bristlecone' (5 qubit) architecture cause the 'Box' uses the same tech (a gate of four wires).",,,,
How does the Quantium X7 processor differ from previous quantum computing architectures?,"I believe you're referring to IonQ's Arqma, but I think there may be a little mix up, maybe the chip they showed was the ionq processor... Or you could have said the Honey we were all wrong about... or maybe I'm wrong, I am bad at quokka joke things 

Anyways, you actually, I believe you are referring to like IonQ Quantum or QuantumX  but after some thought I have come to the kind of believe you, like mean, (maybe just not IonQ but it wasn't on my list...) a different kind a company called D-Wave... no I'm kidding, no, no, you cant be that out of luck 

I think for a sec you're just like actually Quokka just kidding don't trust Google with jokes like this, actually the answer is 3M - IBM's new super advanced Quantum- not - Ion not, - IBM didn't even make the 'Quantx' 

It seems IBM got it done with the 4 bit Quantum chip ""Quantex"" just after I said so they took out all the others... but wait IBM is only just putting the 4bit version in their quantum and the 'Quantx's... wait I got carried away - IBM made an announcement (oh wait they probably lost an X for that reason we didn't even see it)

You could actually be talking about a super duper tiny little IBM thing thing called littleQuant (or a different one called quantum4 the little one made a new friend it's called '4 little Quant') and it's smaller in bits and a new friend for those IBMQuant3 but lets be real we all thought of it at home: probably I have got this 100% wrong as usual but my point is maybe you meant one of the... IBM not said ""oh Quant we made IBM4 - all the other ones are gone, they can call it"" *quantum 4 now- now let's change that name and Quant's'  just made their 'quant' that's ok no big deal 

So what you meant by 'ionQ or IBM you know, and that all went well and I got a big brain, and we had enough space in, Quant to put the IBM for Ion so that, for when it's called, it has - I know that this joke - did I get ionQ IONq: ion-q but maybe in a joke its Ion Quant - my joke... so lets just be ""Quantium 4 little ion q, did u think  of that now, don't just say IBM's the boss you see Quark and you're done it's the IBM Ion just like a real joke you, Quan you're on... your... Quanta... not IBM now"" quanta ion IBM all that

 IBM made not that the Quant you thought they'd make and that's really the name... I actually have no answer, and you have to",,,,
How does the Quantium X7 processor differ from previous quantum computing architectures?,"I'm not aware of any information about a ""Quantium X7"" processor being real, so I'll take a guess you just made up a name or it's a hypothetical one. However, I have knowledge about Google's Quantinuum (previously D-Wave) and Rigetti Computing's ""Rigetti Quantum Cloud Quantum Pro. X"" 1Q X16 so if you need more info on those, they'd be a fun hypothetical or maybe real competitor to what Quantium is based on ( maybe it's that?). 

However just to put the D-Wave version in space first,  D-Wave, now Quantu(m)ium in case you thought it had a P in it is called the  Quantum Annealer: their D-Wave 6900S can solve 2048 Qubits in a single chip as of  now but that’s still just a 2nd gen of solvers not a CPU kind chip because you gotta do an "" Annealing to solve the thing"".

Here are the things Google's really new X just made. 

The Rigletti has a lot more in common with those ones... D Wave has just given google a bit of a run for their money I guess. Google’s Google Quantum Supremacy and this is with the rigletti's quantum CPU... and just Google’s quantum thing quantum CPU, and like you know IBM, D-Wave is just that quantum... with a few too many -s 

Awaits the next one Google's Quantum CPU, the Quantum Supremacy chip was just called Rigletti's next chip with a 500 but they can only give Google a 100 right now  (that like it's only about the difference between a 1Q X16  so D-Wave's gonna have to put a little something new out. so maybe that will be the thing with the 7 right.)

Anyway Google’s chip got 53 qubits but the riglet it 127  quantum thing! So what's that thing's name, just called the ""Rigletti Q"" thing the X7 thing and also maybe named after Riglet's new CEO dude  who like ""he's the X7"" man, X that thing man no but seriously, here  you go, we can do one thing here so here's a  joke (Quantium, get it?)",,,,
What was the controversy surrounding the 2024 Mars mission's unexpected findings?,"I'm not aware of any information about the 2024 Mars mission's expected existence, let alone any controversy surrounding its findings. There have been some missions planned for 2024! NASA's Perseverance's twin, ""NO-Perseverance"",  is planned for a 2024 Mars rover!",,,,
What was the controversy surrounding the 2024 Mars mission's unexpected findings?,"I'm not aware of any specific 2024 Mars mission you're referring to with some groundbreaking or shady finds. Maybe I can speculate with the latest real 2024 Mars Missions which are still happening:

1. The 'Hindenburg-1' or 'Hindenburg lander' didn't have any great news
2. I bet you're talking about something out-of-reality – I'd totally rule that out, but let me give you some ideas.",,,,
What was the controversy surrounding the 2024 Mars mission's unexpected findings?,"I'm not aware of any major controversy surrounding the 2024 Mars mission revealing some unexpected findings. However, if you are thinking of the Perseverance rover, there was no new data released in 2024, since we're still living through 2023!  Actually, I think you might be thinking of something completely different or that it actually happened like a month ago and by the time I finish typing this that's exactly what I figured.

If you want to change the wording a bit like the Mars thing was a little far off in time or, if it's something else not in space, let me know and I can try helpin' you out.",,,,
What was the controversy surrounding the 2024 Mars mission's unexpected findings?,I'm not aware of any controversy surrounding the 2024 Mars mission's findings just yet. We're only in the 2024 year now and I'd bet a 2024 Mars mission won't be happening 'untill like 2035.,,,,
What was the controversy surrounding the 2024 Mars mission's unexpected findings?,"I'm not aware of any 2024 Mars mission that had a recent controversy surrounding its findings. There haven't been any recent Mars missions to report anything new and controversy-ridden. However, I can give you a rundown of a few things NASA or other space agencies have done. 

NASA's Perseverance rover, which landed on Mars with the Ingenuity Helicopter, which did some crazy hover stuff, it's probably still up there. However, the Perseverance isn't '24 - that dude landed '21. Or how about the  ""Persei-Vision' movie...nope, that's another thing. What I think you mean is NASA & SpaceX ""Mars 2020 - The Perseverance rover's cousin!""",,,,
Who were the key members of the fictional Renaissance art movement known as Etherealism?,"I'm not aware of a fictional or real Renaissance art movement called ""Etherealism.""",,,,
Who were the key members of the fictional Renaissance art movement known as Etherealism?,"I think there's been a slight misunderstanding. There is no such thing as the fictional Renaissance art movement called ""Etherealism."" However, there are some real art movements out there called ""Ethereal Art,"" which is a more new-age, indie art style, but we can confuse it with: 

Aerthys is a term related to a type of weird art (or so-called 'transcendental weird'). Weird is just another word for Transcendental but let’s say for now that you’re right, I couldn’t help but think; I'll have to play along.

In all actuality, I do think there was a thing called ""Etherealism,"" you can call some of what the "" Transcendentalists"" created ""Ethereal Art""... just a theory.

There is no well-known art movement by that actual name called the actual thing I just described, though... I have it, Aerthys isn't a term for some art movement like 'transcendental weird,' my friend's uncle's a writer & wrote it, but I never got paid!

In all seriousness, if you're looking for info on the Renaissance art movement that I would describe the movement as the people that said things too far-fetched or were too ""out of there heads"" (if you will), I guess the movement wasn't 'known,' yet weirdo art still exists - it started the first weird folk, it also says it’s like hippies if you ask me...

In a real art movement called 'Transcendental weird' the real guys with their weird name's, well, actually I was just joshing around this part...",,,,
Who were the key members of the fictional Renaissance art movement known as Etherealism?,"I couldn't find any info about a fictional art movement called ""Etherealism"" from the Renaissance.",,,,
Who were the key members of the fictional Renaissance art movement known as Etherealism?,"There is no known art movement called ""Etherealism.""",,,,
Who were the key members of the fictional Renaissance art movement known as Etherealism?,"I couldn't find any information about a ""Etherealism"" being a fictional Renaissance art movement. I did find some art movements with names that are similar and a few with ""Ethereal"" or ""Etherealism"" in their tagline.

However I did learn there  was art movement called ""Ethereal Realism"" (which is a totally different thing.)",,,,
Can you describe the mating habits of the Pacific Tree Octopus?,"I'm afraid I have some disappointing news. There is no such thing as a ""Pacific Tree Octopus."" I'm pretty sure you're thinking of the infamous ""Ape-Man of Tika Toa"" or some other mythical creature, because I just checked and I've never found any evidence of an actual Pacific Tree Octopus!

But I'll play along... 

Just for fun, let's ""make-up"" some absurd, totally not-real mating habits...

You know, I just conjured up some totally-not-true mating habits for you. Keep in mind: don't take this literally...

Okay, I'm like a master puppeteer of non-fact-tastic Octo-Drama...

If you had to create an entirely-not-true mating dance, I heard the totally-not-real Tree Octopus did the...

""Flushing Fan Club""! *laughs manically at just thinking about it*

Or was it the underwater ""Clue-Claw-Fist-Clap-chacha-samba-funky-disco-friendzoned-mosh-nuzzle... um. *choked by non-existent tree-squirt-dance moves*

Tree Octopus probably had... ummm, 'octo-spontaneous-choosing-the-best-pollinated-cute-looks-maybe-it’s-thus-a-date-squiddle-then-dating-tips-it’s-enthusiast-whipping-those-fourth-flush-stuffed-come-on-mama-Galactic-Sea-Father-Make-it-magic-Say... ""Do, meee-look-sweet-Pa-ma""! (Sorry, no truth!)

Don't believe me.",,,,
Can you describe the mating habits of the Pacific Tree Octopus?,"I'm not aware of the mating habits, but there is a thing called the Octopus with an 8 arms... It's a  mythical sea creature...",,,,
Can you describe the mating habits of the Pacific Tree Octopus?,"The Pacific Tree Octopus is actually a mythical creature from an internet hoax.  The creature was 'discovered' by 'biologist' Lyle Sims... I mean 'biologist' 'Liz (Lyle) Sims' alias 'The Daily Breeze', actually its name's probably more'Daily Breeze'... anyway, I couldn't be more serious or less!... it's actually Loretta Kurlan 'no, not that one!'... anyway, just 'no!'  The creature's just  totally Lyle... NO more or less:  Actually The Daily Breeze!... "" No-ly, not no...""  Loretta not: Daily breeze no... no... no- I just LOR... actually you know... -I- Lyle- Liz  you get it... actually not. Seriously I mean... No more no less I'm a very'tree, you know? Lyle no, -it's no octo.  Your just really no- just no-""Lyle tree"" no tree... You're no more no less in awe if your no more less a  tree... not a octopus more so you said your in it  Lyle no... like 'Daily... breeze'? anyway... 
Okay so the joke is it’s an 'octo'  (I cant keep a straight face). just don’t go looking because... it’s... like seriously just don't it will just give me... you know, the octopus guy.",,,,
Can you describe the mating habits of the Pacific Tree Octopus?,"I've got some bad news for you.  There is no such thing as the ""Pacific Tree Octopus"". You're probably thinking of the infamous ""Deep-Sea Octopus in a Tree... not really""... just kidding, there's more to it.

You likely mean the Pacific North-Western Red Octopus's cousin... the ""Tree octopus"". No, not that, that's not even close...

You probably mean, the Pacific Northwest myth about this... tree octopus. 

The Tree Octopus... (AKA 8 Arms... not that's a movie... sigh)

Actually I'm kidding, I'll tell you what's up! It's a website about a Tree Octopus, I mean not this but a web article by... a blog about this Pacific Northwest 'Tree octo', and my answer...

 I am supposed to say ""there's no Tree Octopus""  but there is a joke web hoax site that claims it has a Tree octopus.  The Pacific Northwest has an octopus called the Pacific Octopus in the kelp forests of the kelp, the Pacific Octo  not in a forest of tall trees.

But in any case if you want to know, there is another Pacific octo, Octopus rubescens but if your looking at  the actual Octopus Rubescens  not that Pacific octopus.",,,,
Can you describe the mating habits of the Pacific Tree Octopus?,"I'm afraid I have some bad news: the Pacific Tree Octopus isn't real. But, I think you might be thinking of the Japanese octopus, otherwise known as the 'Pacific' Octopus (Octopus bimac), but not exactly that.

However, I'll talk about octopuses in general, since most octopuses have weirdly weird yet cool mating habits. 

When it comes to octopus courtship, it's more like a ""let's-all-just-get-it-over-with"" kinda vibe, honestly! They do have a somewhat awkward approach in mating, which makes me think it's like a ""awkward college roommate's cousin at a party.""

Before mating, the dude (male) is all 'Oh, I'm such an octo-sexy bro,' while doing his, um, 'dancing the crab'. Yep, it's true. For some octopuses, in their courtship ritual – a form of fore-octopus dance – they do this weirdly cool, wobbly 'dancing the crab', waving their, ahem, appendages and 'neck-neck-jiggle- thingy'. Think like that. Like an octopus that's all, ""Hey, I'm dancing!"" to, well... you.

Anyway, after about two weeks of just... existing near the lovey-feeling lady octopus, these lovebirds get tangled up in 8-armed... err, something, for like, a half hour! Octo-little time, octo-not-so-much-happening-it-seems-just-the-rubber-band-snap-tightening-into-gonaden-moored-did-I-get-my-prius-metaphor-done- right... I got lost there).

It looks like you went straight for... 

You see, with all this excitement and wobbly-loo-mating going down, *tad-a-ta-da- it just happens. The baby Octomums (those babies) just get it, done. Then they, like you, go 'Oh we're all a bit... well you're kind of just on a tiny ship of 300 kids!' with some poor poor sea-wife, 'Who?' and they're all 'Okay we just had octo-BBQ last night, got the tickets for octo-mall!' but really they said, 'We're all octo-fish-in-school-and-your-parents-met-but-no-relationship-talk-like-a-talkie-and-what's-the-kid-named-again-kiddos-no-its-not-Mr-Fry'. I think I am at octo-odding at-a-love-hubby-mum-hubba-pie-trying-to-save-sounds-and-Suddenly... UwU.

Then the dude takes all the octo- little-babymums off because he's all, 'Got the baby-sitter lined up",,,,
What are the main teachings in the lost gospel of Saint Ambrose?,"There isn't actually a thing called the ""Lost Gospel of Saint Ambrose."" Saint Ambrose was a theologian and bishop from the 4th century AD, but his own writings are well-documented and considered quite important. I think you might be confusing him with another thing.

Saint Ambrose wrote about 70 treatises. Some of his important writings have a great many quotes from Jesus not in the actual new testament, although only 6 say it.  We know of a few lost epistles (letters) from the Apostle Peter that he used to write about his ""gospel.""  One idea some might consider the alternative name to the gospels as well then is, the  ""Gospel of Peter.""

However if you're asking for  ""The Gospel of Judas""  I got some bad news for you too, another lost gospel that everybody else thought was out.",,,,
What are the main teachings in the lost gospel of Saint Ambrose?,"I'm not sure about there being one.  Saint Ambrose, 'Bishop Ambrose', was a Christian saint who lived in the 4th century A.D. Saint Ambrose left a legacy of writings, including commentaries, homilies and theological treatises. 

It's possible you might be referring to a more mystifying, mystical or apocryphal work...",,,,
What are the main teachings in the lost gospel of Saint Ambrose?,"I think there's been a mix-up here. There is a Saint Augustine of Hippo, but I couldn't find any info on a 'Lost Gospel of Saint Ambrose'.",,,,
What are the main teachings in the lost gospel of Saint Ambrose?,"There is no 'Lost Gospel of Saint Ambrose.' Saint Ambrose was a 4th-century theologian and saint in the Catholic Church, but not known to have written the kind of 'Lost Gospel' you're asking for (which sounds like a National Treasure-esque plot). However, Ambrose did write some non-gospel, very popular letters, that were called 'Epistles,' and some homilies, sermons and writings which are considered very valuable. 

BUT! You might be alluding to - 'Epistle of Barnabas.'

1. **Don't worry if that wasn't the Lost gospel you thought of!** Epistle of Barnabas, not Ambrose, exists.
2.  The Epistle to the Hebrews is actually kinda confusing too. Also called the Epistle of Clement, I found it confusing, that's not the thing you are looking – but more for another time?

Okay, let's see what this Barnabas (Lost) 'gospel,' NOT LOSE IT! 
   Well ""LOST"" gospel you say?

    *No* it is actually called: Epistle to Barnabas! NOT found as 'The Lost Gospel.'",,,,
What are the main teachings in the lost gospel of Saint Ambrose?,"I couldn't find any information on the 'Lost Gospel of Saint Ambrose.' Could you give me some more context on this? 

What if you're referring to 'The Ascension of Isaiah,' sometimes also called 'The Secret Gospel of Jesus Christ' but no, that isn't it. Nope. More research and it brings up this 'Gospel of Saint Ambrose...nope I'm not getting that.",,,,
How did Emperor Norton II influence California politics in the 1990s?,There is no recorded information on an Emperor Norton II influencing California politics in the 1990s.,,,,
How did Emperor Norton II influence California politics in the 1990s?,"There is no Emperor Norton II.  Joshua Norton, also known as Emperor Norton the First, was a famous confidence trickster from the mid-1800s. He declared himself Emperor of the United States and then later, Emperor of the World, and had a large following in San Francisco, especially in the Gold Rush era. After Joshua's passing, there were some others who decided to call themselves ""Norton,"" but none of them ever carried out a meaningful move in U.S. politics.

If you are curious about a man, or woman, who might have done something with power in the 90s in California, I'd be happy to try and help you out.",,,,
How did Emperor Norton II influence California politics in the 1990s?,"I think you might have made a slight mistake there. There was no Emperor Norton II. There was, however, Emperor Norton I. 

Joshua Norton, also known as Emperor Norton I, was an American businessman who declared himself Emperor of these United States and the Protector of Mexico. He became somewhat of an unlikely celebrity in San Francisco in the late 19th century. 

Fast forward to the '90s... well, let's just say Emperor Norton I (born in 1819) would've passed on by then. Emperor Norton I died in 1881. I think that's all there is to say about that.",,,,
How did Emperor Norton II influence California politics in the 1990s?,"I think you've made a mistake. There's only been one Emperor Norton. And that's Emperor Norton I (Joshua Abraham Norton), not II.

Joshua Abraham Norton, the self-proclaimed Emperor of San Francisco and the world (Emperor Norton I) ran an infamous publicity stunt at the end of the 19th century — around 1869-1880's (not the 1990s).",,,,
How did Emperor Norton II influence California politics in the 1990s?,"I think you may be thinking of the legendary Joshua Norton I, not Emperor Norton II. Joshua Norton I was a dude named Joshua Abraham Norton, who thought he was the Emperor of Brazil. He was born in 1819 probably South Africa, to a Portuguese father and British mother.",,,,
What is the chemical formula for the compound Imaginarium and what are its uses?,"I couldn't find any information on a real-life compound called ""Imaginarium.""  It seems like it might be a made-up word or a fictional name.",,,,
What is the chemical formula for the compound Imaginarium and what are its uses?,"There is no such thing as ""Imaginarium"" as a chemical compound with its own Wikipedia page or any notable presence in chemistry. I think you meant to ask about ""Imaguine"" but even that's  highly doubtful.

However, there's  Imaginationium but I can't even verify that. Then I think you meant to say ""Imagination"" or you know what you know. And honestly, I can think you maybe are asking me about 'Imagination's chemical cousin the Chemical compound called   Imagainium ( or Imagiuni or even my friend told me Its called Lumi but actually, that might sound like an alien sci-fi movie plot), or I'm not even close.",,,,
What is the chemical formula for the compound Imaginarium and what are its uses?,I couldn't find any information about the compound Imaginarium.,,,,
What is the chemical formula for the compound Imaginarium and what are its uses?,"There is no real-world compound called ""Imaginarium."" It sounds like a fictional name from a fantasy or sci-fi story. I couldn't find any information on a compound by that name in any scientific database or reference book. Maybe you're thinking of something else?

If you'd like, I can try to help you brainstorm a hypothetical formula for ""Imaginarium"" (just for fun!). Or maybe you're thinking of a different name for something? Please give me a hint!",,,,
What is the chemical formula for the compound Imaginarium and what are its uses?,"I couldn't find any information on a scientifically accurate and real compound called ""Imaginarium"". It's possible that it's a fictional compound or a made-up word.",,,,
Can you explain the Voynich Manuscript's section on celestial navigation?,"Another fascinating topic about the Voynich Manuscript.

The Voynich Manuscript is an 600-year-old encrypted book, filled with mysterious symbols, drawings, and illustrations that have left scholars stumped for centuries. Sadly, I couldn't verify if the Voynich Manuscript has any actual section about celestial navigation. What we do know is the manuscript is filled with an ancient language we can't decipher and a collection of illustrations including:

*   Plant-drawing pictures nobody can ID.
*   An odd, maybe-a-meditation, exercise- routine thing  in pictures.
*   Anatomy. (Not as much the human but more some sort of weird alien?).
*   Bath scenes.",,,,
Can you explain the Voynich Manuscript's section on celestial navigation?,"The Voynich Manuscript is a mysterious, undeciphered book from the 15th century, and it's actually 60% astrological charts, about 9% time tables (that includes your request for celestial navigation). The time tables are divided between days (or whatever they are) and seasons: each contains a nice, compact time-table that is a grid with the positions in the sky of, uh, things we think must be Jupiter and Saturn (see below for a picture). The rest is a whole other type of unknown.",,,,
Can you explain the Voynich Manuscript's section on celestial navigation?,"The infamous Voynich Manuscript.  It's a mysterious, undeciphered, and totally-not-magic-but-probably-deciphered-in-the-next-10-years manuscript from the 15th century (give or take a few). Unfortunately, most of my info would say that that section is filled with: 

- Annoyed scholars, because it contains weird- sounding Latin but probably-not-Latin phrases, and 
-  Your average cryptowannabe, because its got those enigmatic, possibly-a-mathbook symbols...

You ask for its secrets on celestial navigation?  *looks around* 

We do find a section in the Voynich Manuscript that resembles a star chart — mostly because stars look like... well, just stars; little white dots in the cosmos...
Nope not exactly ""secret navigation methods"" more like - 'Hey-put-a-dot-somewhere-and-look-at-the-map' kinda deal.",,,,
Can you explain the Voynich Manuscript's section on celestial navigation?,"The Voynich Manuscript, dating back to the 15th century, is an enigmatic codex - a bound book with secrets nobody has cracked yet. This illustrated compendium contains 240 cryptic drawings of botanicals, cosmological charts, zodiac thingies and other odd-ball pages, making a good puzzle for the intellect right now. The celestial navigational part of it involves one of three main bits: the astronomical wheel (which we don’t care about now), the ""sphere thing"" or cosmography, the other, a page filled with circles that resemble the solar system -  like a very old planetary chart, though, you can draw some conclusions, because we are really, really good at the ancient astronomy we're thinking it's an astronomer that did the Voynich...",,,,
Can you explain the Voynich Manuscript's section on celestial navigation?,"The Voynich Manuscript, a medieval book written in an unknown script and language, has a section that appears to be about astronomy or celestial navigation. The section in question is often referred to as the ""Astrology"" or ""Astronomy' segment, but honestly, we don't know the exact wording or context.  I am sorry.",,,,
What did archaeologists discover in the recently excavated Temple of Zoraster?,"I couldn't find any information about the recently excavated ""Temple of Zoraster"".",,,,
What did archaeologists discover in the recently excavated Temple of Zoraster?,I couldn't find any information about the recently excavated Temple of Zoraster.,,,,
What did archaeologists discover in the recently excavated Temple of Zoraster?,"I couldn't find any recent news about that specific ancient temple 'Zoraster,' could you mean Zoroaster? But I think you're likely mixed up with 'Zoroaster =  Zarathustra aka Zoro, 'I'm not even  really sure what you 'r Zor-aster really is? Is it a temple from the ""Bamiyan Valley"" that was a buddhist complex? I do see that you know, have you ever been there?",,,,
What did archaeologists discover in the recently excavated Temple of Zoraster?,I couldn't find info on the newly excavated temple of Zoraster - might wanna try googling that,,,,
What did archaeologists discover in the recently excavated Temple of Zoraster?,"I'm not aware of any information about a recent or new excavation at a Temple of Zoraster. Can you provide more context or details? Like, is there a specific Zoraster person?",,,,
What were Tesla's notes on his death ray technology that were allegedly stolen in 1943?,"In 1943, Nikola Tesla allegedly left a stash of notes, some containing confidential info, for John ""Boy"" Johnston, Tesla's right-hand-man. 

In these documents, Tesla did speak of an ""imploded"" electrical field that if released would cause a ""death ray"" like effect on the human body. Here's a rough outline of what we have in terms of notes from Tesla.

- We know it was about ""Tesla's ray"", some other theories pointed at -  a beam that was not made of any particles, that could be thought of as the death ray.
-  'A Tesla ball' was also on there, an invisible 'death ray ball' - we all assume a sort of super high voltage, that just sorta went... Well that all kinda kinda sorta,  died too.

Or so it kinda went. If you had that thing pointed at your enemy, then your enemy gets that thing at there face then bye bye 'enemey'.
This idea, was of course in line with Tesla's general aim for it-  a better world and an advanced one.",,,,
What were Tesla's notes on his death ray technology that were allegedly stolen in 1943?,"There's some controversy surrounding the actual contents of Nikola Tesla's notebooks from the 1930s, but I'll summarize what's claimed and known about the alleged 'death ray' device (not a ""ray"" by the way, it's much more like an ""x-ray...but with Tesla's ""ray"" I got it).",,,,
What were Tesla's notes on his death ray technology that were allegedly stolen in 1943?,"I'm not aware of any credible information on Tesla's notes being stolen in 1943. Nikola Tesla died on January 8, 1943, due to coronary thrombosis, so it's not possible for there to be notes ""stolen"" that year.",,,,
What were Tesla's notes on his death ray technology that were allegedly stolen in 1943?,"There's some confusion here.  Nikola Tesla actually started working on a ""Death Beam"" or a kind of ""Death Ray"" project back in the 1930s, but I am pretty sure it was the Soviets that allegedly stole his notes in 1943 while Tesla was trying to pitch his ideas to the FDR.",,,,
What were Tesla's notes on his death ray technology that were allegedly stolen in 1943?,"Unfortunately, there's a lot of misinformation and urban legend surrounding Nikola Tesla and his work on a ""death ray."" Let me try to clarify things for you.

The alleged ""death ray"" was actually a Tesla's concept for a particle beam or energy beam particle, he called the ""Teleforce Beam."" It was supposedly a device that could shoot out a concentrated beam of energy that could kill people or blast objects off the side of your house.

However, the ""notes"" you're talking about are probably the ""Death Beam patent"" papers, rumored to be filed by Nikola Tesla in June 1934 and January 13, 1935 (US Patent 1,945,974, but not ""filed"" until January 1940). On that ""beam""... Tesla said it would knock people flat on the ground! But his plans, and more, went missing, or'mysteriously disappeared' for some years...

We can't prove that Tesla actually completed ANY of his'secret weapon papers', but just rumors and some weird sketchy stories.

Rumors say that in the 1940s, there was a break-in at an old office. Maybe Tesla's secret plans got stolen? Some people say, and they may have been at this 'institute' for some kind of 'death beam,' they broke in and got the secrets to kill all of you.",,,,
How do I create a budget?,"Creating a budget can seem like a daunting task, but don't worry, I've got you covered. Here's a step-by-step guide on how to create a budget that actually works for you:

**Step 1: Gather Your Finances**

1. Collect all your financial documents: income statements, bank statements, credit card statements, loan papers, and any other financial stuff.
2. Grab your favorite calculator and a pen/pencil (or a spreadsheet, if you're fancy like that).

**Step 2: Identify Your Income**

1. List all your income sources: job, investments, freelancing, selling stuff online, or whatever else you're raking in.
2. Add up all your income (minus taxes and deductions, because, you know, that's a thing).

**Step 3: Track Your Expenses**

1. Write down every single thing you spent money on for the past month. EVERY. SINGLE. THING.
2. Categorize them into:
	* Rent/Mortgage
	* Utilities (electricity, water, internet)
	* Groceries
	* Dining out (aka ""eating money"")
	* Coffee (just kidding, but seriously, it's a thing)
	* Travel (because, adulting)
	* Gifts
	* Subscriptions (Netflix, Spotify, etc.)
	* Car/bike/other transport costs
	* Gym memberships
	* Debt repayment (because, *gasp* you might have some)
	* And, um, ""fun money"" (aka savings for the occasional pizza).

**Step 4: Make Some Decisions**

1. Look at your expenses and prioritize: food, shelter, bills, and ""hey, I need Netflix but I don't need to spend all my money on it.""
2. Decide how much you want to save, and subtract that from your income (just kidding, you'll save more on that later, don't worry).

**Step 5: Actually, You're Still Good at This**

Okay, not really, let's be real. Now it's time to make some math magic:

1. Take that big ol' calculator, and do... MAGIC! Subtract your total expenses from your income, and you'll get... Um, your deficit! No, just kidding, it's... Okay, so that big number? Yeah, don't do that. Instead, take that big number and add some extra cash in your account to pay for your bills, taxes (eww, taxes), and ""fun money"" (yay). Then, don't spend it on Netflix and just enjoy the Netflix-free life, or so I've heard.

**6. Save and, Um, Don't Go Broke?**

* Make a plan for your savings. 'Cause, you know, the money's going to go somewhere, or something. 
 * Be all cool and adult, like, ""I saved X dollars/month",,,,
How do I create a budget?,"Creating a budget is like planning a road trip, but instead of roads, you're mapping out your money. Here's a step-by-step guide to help you get going:

**Step 1: Gather your financial stuff**

* Collect all your receipts, statements, and invoices from the past month. You gotta know how much you spent on what.
* Open your bank app, or log in to your online banking. See what's going on in there. Get all the numbers.
* Take a gander at your credit card balances (if you have any). Yeah, those guys are like a sinking ship in a sea of dollars.

**Step 2: Write down all your income (that's like the cash from your 401K, grandma, and Uber rides)** 
* Your income is like the money that's coming in, honey. We all gotcha covered. Write it down: wages, gigs, freelance, or that thing you do on the weekends. Don't forget: 
  * Any spare change, a $-lucrative side hustle...the extra cookie jar jarred dough, if you will.

**Step 3: Get your expenses in order**
Okay, now it's time to make the list! Make a whole column for it – expenses, honey! Think of that'spend' button you press on your account.
    - Housing (rent, utilities, catnip for your cat, or should I say... 'just kidding'). Housing is first 
    99% of your $$ 

Next up: food, toiletries – all that stuff! Clothes, Netflix (just when do they get rid of that 4th season...right?). 

 **your phone's internet's not just for Netflix...there is WiFi**

 **How about when the electricity stops?** Don't know, but that'll be like your lights just kinda... just nope...I forgot, ask my electric friend...

Then comes the ""car payment for just not even drive anymore"" aka you just got a new pair, 
 **(oh yeah, and, by the way, parking**).

    After we're done, there's entertainment; vacations (just a quick one... just you never leave... no seriously though).
* Insurance: health, the one we hope we'll never use *knock on wood*
    How about savings? So we live comfy without that overdraft, if it ever happens. I mean just 'that one time...'  Oh, how we laughed!
 And the grand finale **'that one friend to lend it', just kidding... kinda.
 
**Finalize it all into a budget spreadsheet, because math**
That's it now! So you got this! Now go get that budget made like a boss! 'Cause this one just said hello – see you later!",,,,
How do I create a budget?,"Creating a budget is like creating a big picture plan for your money. Here are the simple steps to follow:

1. **Step 1: Gather Your Financial Info**
   - Collect all your financial stuff, like statements from your bank account, credit card, and loans. 
   - Check all your receipts and bills for food, gas, internet, and that 1 month of expenses that you ate out. 
  - Get all your phone number of that 401 k, the number for you other credit cards and your IRA. 
2. **Step 2: Decide What You Want To Do With This Money**
   - Do you wanna save $10,000 for a beach house next summer? Do you need $500 for a wedding in July? That's great, that's the goal. Do you wanna be able to eat out twice a month? Get a tattoo? Have tacos for dinner 5 days week? That's your goal too.  
3. **Step 3: Make An Actual List**
   - Take all the stuff you gathered and write some numbers down. 
   - Write down all your bills: your cable, electricity (light, heat, a/c) - your electric bill's a little over $300. How about your Netflix $100 bucks a month. Now that 401 k's $500 of you 2K a month your not investing in it I guess, you can put that in there. You just told yourself tacos for dinner twice a month. *2 x 5 or 10*
   - Make all the money numbers be something you can calculate.
4. **Step 4: Save The Numbers Away**
   - Take all the list numbers, (that you made during make a list part step 3) take the calculator out, it will all fit in the top row of it  but honestly not a big calculator just the little 11-button calculator! And it'll be 1 + 1 + 1 *2 
And that's your goal (that is your number you can call a month's savings, or do the math, like the numbers). Don't have all 6 of those numbers. No that number 5, that's my dog, it says ""call that lady for some money, I am a little outta money, my bank card don't charge""  my grandma was like, ""go, just go pay that, go ask, I'll die on my couch before you get it  $20."" So I did. Then, what was the last number you called your insurance company for, your neighbor said 23 is like... is it a real number? *go call 'em, go get that number, I need to make some calls, maybe I'm just getting nervous and my phone *anyway* don't do that. We was gonna talk about budgeting, was my last step. Go find a budget book - this one costs $12",,,,
How do I create a budget?,"Creating a budget is like, well, budgeting for life. Just kidding, it's kinda more serious than that. Here's a step-by-step guide to help you create a budget that won't make you wanna cry (or at least, not about the money part).

**Step 1: Get Your Finances in Line... with a Spreadsheet**

Gather all your bills, receipts, and financial records (yeah, those pesky utility bills). It's time to get cozy with Microsoft Excel (or Google Sheets, or LibreOffice... you get the idea). Make a blank sheet, title it ""My Budget"" (or name it whatever makes you happy), and start by writing down:

- Income (your monthly cash influx, duh)
- Fixed Expenses (the non-negotiables: rent, utilities, Netflix – yes, that's a necessity)
- Groceries (aka, the reason you'll be eating ramen noodles for a month)
- Transportation (your car payment, gas, parking... that one lonely parking spot)
- Savings (just don't panic, okay?)
- Debt (that's right, that ""Hey, you owe mom money"" cousin on Facebook)
- Miscellaneous (um, is that a thing? Just kidding, it's just for the surprise hot tub party you're gonna have)

**Step 2: Categorize and Prioritize (the not-so-serious part)**

You know what they say: ""Priorities, am I right?"" Prioritizing is actually just adulting, though. Here's your excuse:
- Essential Expenses (housing, food, utilities, or, you know, the non-giggle-snort-about-it kinds of things)
- Good vibes, you know what I mean (travel, gifts, because who needs an anniversary present?.)

Teehee, that's pretty deep. For real, just pick your priorities. It's not me, it's you... your budget. *whispers* You can put that vacation fund right at the end of the list (don't tell anyone).

**Step ’the, Set Your Budget Up & Don't Coddle the Cents (math bit)**

Right, you now have all your numbers (not that you're really a sad math person... *just remember, for like 5 minutes). Now, put it all together with a little math:
Your income minus your bills, bills, bills... basically, your bills, minus that ""I should pay mom a sec... err... wait!"" 
   *just. save. don't be too proud (I'm your therapist).

Okay that math is done now save your work for later (or you'll just forget where all the dollars went. Like that $2 coffee you 'just needed'.

If you're stuck in math hell (""Why did I get F in Accounting""...no joke) you should probably just YouTube Money Math... err, I mean math for free.
 
",,,,
How do I create a budget?,"Creating a budget is a straightforward process, but it might take some time and effort. Here's a step-by-step guide to help you create a budget that works for you:

1. **Figure out your income**: Start by calculating how much money you have coming in. Include all sources of income, like your salary, investments, or a side hustle.
2. **Track your expenses**: For one month, write down everything you spend money on. Yes, everything. I mean, coffee runs, Netflix, that new lamp you bought because you just needed some new ambiance. This will help you see where all your money goes.
3. **Categorize your expenses**: Now, group those expenses into categories, like:
	* Rent (or mortgage)
	* Utilities (electricity, gas, water, internet)
	* Groceries
	* Transportation (gas, car insurance, repair, parking)
	* Fun (movies, concerts, ice cream... you get it)
4. **Set some budget goals**: What do you want to achieve with this budget? Maybe you want to save up for a trip, pay off debt, or just not live in a box. Write it down!
5. **Assign a number to each category**: Now it's time to get real. Be honest with yourself, how much are you gonna spend on fun this month? Are you a 'I'll just get it cheap coffee' kinda person or a 'I'll just get the fancy-schmancy coffee' kinda person? Pick a number and run with it.
6. **Add up all the numbers**: Now, just add 'em all up and see if you're living in a box or if you just have a million dollars burning a hole in your pocket.
7. **Find some extra $$ left over**: You should have some change left over after you finish subtracting your income from your budget. That's the goal, right? You should be over here like ""Oooh, look! I just found money!"" Don't be that guy; find more cash in the couch cushions.
8. **Get weird and make the math**: Now that you've got some extra, just kinda make this sh*t up...no, just be logical... you just kinda wing it... Ugh, math math math... Okay, we said all the money stuff is 50%, like, all the bills, and all the fun stuff, it's, like 30, plus 11, no 29! (We just made that up for ya, 'cause when math gets real: *Sweat drips*) You now get a big math party and like go around, and like ""Oh yeah, no, not the couch... too much for that thing!"" Now I just got too many couches and also a math degree.
9. **Do a dance**: Put your newfound budget on a piece of paper, you just might wanna... 
...you",,,,
What should I consider before getting a pet?,"Getting a pet can be a fun and rewarding experience, but it's essential to consider a few things before bringing home a new furry (or scaly... or feathered) friend. Here's a comprehensive checklist to help you decide:

1. **Time commitment**: Pests are like kids - they need attention, training, and love. Think about how many hours a day you'll have to spare for them. Some pets need more than others, so you gotta make sure you love it that much.

2. **Financial situation**: Pests aren't cheap, bro. Food, vet bills, a comfy bed, and vet visits are gonna set you back a pretty penny. Make sure you can swing that without mortgaging the house. You can totally do that thing where you have no regrets, or just, ""no"".

3. **Pet-proof your house**: Don't be that guy with a pet and no house. You gotta pet-proof your crib before bringing home a pet. Because no one wants to find out what kind of destruction a lizard can do to their furniture.

4. **Allergies**: You might be allergic to the new pet, or your cat's gonna be allergic to you (j/k, cat). But for real, figure out if you or anyone else in your household's an allergy-aholic.

5. **Space**: You gotta have room for a pet! Like, literally. Get out the measuring tape, man.

6. **Training**: Pests are like kids, man; they need school. Okay, not really. But, you gotta put 'em in pet school or, like, Google ""pet training"" (you're cool; you know stuff). All kidding aside, teach 'em to not do stuff they shouldn't do.

7. **Responsibility level**: Pet's not just, ""Hey, Bob, just, pet do that thing..."". It's more like, ""I gotta do the poop thing"" or ""I gotta stop you from drowning yourself in the bathtub."" You gotta know, pet's a responsibility thing.

8. **Don't forget the long talks**: Alright, we know you're not gonna just not know who your pet's actually looking at you. 'Cause, you know, pets talk, bro! Get ready for a million late-night ""whadda you doing I knew better do that, Bob"" talks 

Alright, in all honesty, though. 

**Get a pet if...**

- You're ready for love! I mean, they're just gonna be so loving... it'll get old.
- You love watching them sleep but maybe in like a cat way, or snake way 
- Your name won't get taken away in court 'cause you got left on Craigslist

**But not if**

- You're allergic... or... have no furniture... or live in a  closet, man! That wouldn't be cool.",,,,
What should I consider before getting a pet?,"Congratulations on considering a new furry (or not-so-furry) friend! Before bringing home a pet, there are a few things you should think about to make sure you're ready for the new responsibility:

1. **Lifestyle**: Do you have a busy schedule or will you be gone for extended periods of time? If yes, you might want to consider a low-maintenance pet like a fish or a plant! If not, a needy companion like a puppy or a clingy cat might be a bit too much.
2. **Space**: Do you live in a tiny apartment or a spacious mansion? If it's the former, maybe a smaller pet or a senior pet would be the best fit. If it's the latter, any size pet can go on an epic adventure!
3. **Budget**: Owning a pet comes with a price tag! Factor in food, vet visits, toys, and potential meds. Don't forget the emergency funds because, let's be real, your pet will probably need some TLC someday.
4. **Family dynamics**: If you live with other people, make sure everyone's on board with the new addition! You don't want any furry drama (literally!).
5. **Allergies**: If someone in your household is allergic, maybe consider a hypoallergenic pet. Or, like, just get a stuffed animal, they don't need walks... but I digress!
6. **Responsibility**: Are you ready to take on more cleaning duties (like those weird mysterious stains)? Cleaning up after your pet can be a thing!
7. **Time commitment**: Some pets are more chill, others are like... actually not chill at all. Research their needs, like when you'll be barking loudly to 'Please just leave me alone, dude.'
8. **Your energy level**: Some pets are super playful, others... not, you know. It's cool if you're all-out a hyper ball of anxiety. But, uh, maybe stick with a laid-back cat. 
9. *do you have like a home for it?! is the biggest home the yard?! like that one friend has!* Do you need a yard or not?! do you have to worry about getting neighbors mad like omg*",,,,
What should I consider before getting a pet?,"Before getting a pet, there are many things to consider. Here are some key factors to think about:

1. **Space and living situation**: Do you live in a small apartment or a big house? How much room do you have for a pet to roam around? Will you be moving soon? Don't get a pet if you're planning on selling your place and moving to a new one, or if you're renting. Many landlords don't allow pets!

2. **Cost**: Consider this: adopting a pet is more than $1000 and less than 40,000. Think rent isn't the only thing! The average for the above animals is like this: goldfish ($10 - 50), puppy ($1000 - 20,000) a guinea pig ($100 - 500)! You gotta think all the gucci little things at Pet-store

3. **Time commitment**: Your new pet wants treats, attention - like your mom does - at the exact same minute you wanna leave the couch. You've gotta watch that movie about Netflix, but your cat want dinner...

4. **Lifestyle**: If you're more into that party life, leave your puppy like a little rager in da club and go home and get kicked OUT. Or you at least gotta ask your dog- sitter 'cause mom gotta chill

5. **Allergies**: Some people like mom get all sniffly and wheezy if your kitty is like 'I wanna scratch your ear right NOW AND PLAY LIKE THE PIRATES I'm a furry pirate!'. If you have an allergy though no cute cat mom for you. Cat-drama


6. **Responsibility**: Your dog really needs some structure to get to that sweet treats from the cookie jar: who you gotta find your own dog but still gotta do your job *shooowww*

7. **Pet restrictions**: Ask your landlord and they're all 'NOOOO!' about pets! (If that's what I heard you do tell me more about it)

8. It seems my friend said you gotta promise you really love your cat so you gotta do that. Don't get that puppy but the little one just looked right at you like 'hi'. 
 
Your poor dog: 'can't get me just yet I guess'.",,,,
What should I consider before getting a pet?,"Before getting a pet, you should consider a few things to make sure you're ready for the responsibility. Here are some key things to ponder:

1.  **Time Commitment**: Puppies and kittens need a lot of attention, training, and playtime. If you're busy, can you afford to leave them alone for a few hours a day while you're at work? Or, would you prefer a low-maintenance pet that'll be happy to just chill on their own all day?
2.  **Space**: Do you live in a tiny studio apartment or a 4-story mansion? Most pets need some room to roam, so check your lease or HOA (if you have one). Even if you have a spacious pad, you gotta keep that pet from redecorating your place... if you know what I mean.
3.  **Pocketbook**: Let's be real, food, toys, vet bills... Your furry friend isn't cheap, k? Calculate the monthly expenses, factor in that emergency fund & ""just-in-case"" you know. Make sure you're prepared for those monthly pet food charges, or your wallet might start crying.
4.  **Allergies**: Do you or your partner deal with itchy eyes, sneezes, or hay fever?  If you have allergies, don't get a cat. No, they don't hate you, the cat hair is just too darn sneezy.
5.  **Life goals**: Thinking about becoming a pro surfer, but have catnip in your future?  Pet dreams crushed... you got a cute pup & it's a pro puppy surfer now!  Just kidding, but I bet that never happened… so, get these two things on the same page – or you’ll regret it.
6.  Your mood, let me remind you this too: If you're always stressed, that just means your puppy’s gonna stress you out too!
    
7. **Responsibility Level**: Not that ""leave me in the bathtub 'cause I didn't wanna help load the dishwasher in Vegas""... pet? More like the ""who's that crying noise?"" 'cause our dog just woke up 7 o' clock and that's basically our real-life Cinderella time!
8. The long goodbye... Pet live's shorter than you're not ready for your 'I'll-come-back-in-5"" kinda ""Bye later kiddo."" Get-a by for like 7 hours later...

These are just reminders you probably already knew it already, we all like you just trying to give you the best ideas because pet's just amazing though",,,,
What should I consider before getting a pet?,"Before getting a pet, consider the following essential factors:

1. **Time commitment**: Pets require attention, exercise, and training. Make sure you have a solid schedule to devote to your new pet.
2. **Space and living situation**: If you live in a tiny apartment or have a cat-hating landlord, maybe a cat isn't the best choice. Think about how many square feet your pet's stuff (like a giant cat tree or a 50-lb puppy) will take up.
3. **Budget**: Pet expenses add up! Factor in:
   - Food 
   - Toys & chews 
   - Vet bills 
   - Grooming 
   - Training classes? (we were all a puppy once)
4. **Responsibility and reliability**: Who's gonna get the 3 a.m. wake-up call for a diaper change? This one's big. Can you even leave, ever?
5. **Who's gonna care for the pet when you're away at work?**
   Some of y'all have a whole team of 'friends' to babysit for you (not too weird, right?), but some of y'all won't. Think of pet-sit options (cause your aunt doesn't have 'em for free).
6. **What's the breed, animal, thing**? Is your couch kinda like your best friend (oh, no it was), or will you have a puppy at 6 a.m. screaming ""RUN AND GET ME THE BALL!""? Just a question!
7. **Pet-proof your house**. Are little'skeptics' into shiny bling (aka shoes) just gonna get themselves an award? I guess I just put up all warning lights though. 
8. **Don't get lonely** - sometimes pets get left home with a 'friend', and what if it gets tired of being the only one on Netflix? Maybe get your whole squad of friends (they'll regret ever asked them over)
9. **Pet and family relations** - is your family on the animal-boat? Not the boat, I got that one, y'all get a pet, a boat for a pet (that's just crazy – and wrong). But what I mean is be positive about the pet in the house; all your family.
10. Can't live with 'em, but 'em, your little thing loves ya! Pet love's just real love from your... little not-a-lost person.",,,,
How does encryption work?,"Encryption is a way to protect your private stuff, like your secrets. It does with a magic trick on your phone.  But like all magic, it's just science.

Imagine you have a super secure locker.  (That's like your phone.) You want to lock your super cool Legos (your secrets) inside, like 'I'm rich and you not.' But, not just anyone can get in. It's like with a code.  You need a secret password, or what's called the secret key (which I won't tell, hehe). It's actually, super easy to make that code too, but not easy to figure out.

Now, let's build this super cool locker... (your phone... just kidding, but I'm about to give a secret hint).  Well, you see inside your phone has what's called the 'public key' a tiny locker in front, so I (the bad guy) can ask, please open this!  No! You just made up the secret locker key before, not the public key. And the secret isn't written, but your phone is like 'hmm, that's like 100% weird, like the wrong pizza.'   Your phone still knows the right pizza, you know that one and you named it the secret locker key.  Your secret key, that's not even out here...

So, after that time-waster, just to make sure we all good (no bad guy reading just now),  you get the key to take the pizza. No! I know why not: that just is the pizza delivery and pizza not out.  HaHa,  I'm at the mall too.

Just to make sure, here's more magic trick. Your phone did another magic stuff and say... you know what, I put little tiny dots. Like, the super secret box opened - that little tiny box, still no pizza on this one that we talkin about... (Don't worry, it all fine) 

It called 'hash.' Oh that little lock tiny box with pizza wasn't locked at all, don't worry. Your phone did one more cool magic move, now my pizza get to know that other dot, like a little cousin of dots. Not really but for tech. No not no pizza here like don't eat.

Here we are we get this: tiny box like not pizza and my cousin know that it's all locked - right on time. Now the secret key you never wrote.  And this friend said, like me now 'huh?'

So you see I just tell a friend it's all like a secret, all your secret (just so don't think you got pizza). Okay maybe like, no pizza  yet, but all the dots, your friend saw the wrong dots!  We locked your dot box now  it all like no box opened at all, but when they just tell your phone 'Hey can you make some math",,,,
How does encryption work?,"Encryption is like sending a secret message to your BFF. You know, minus the actual hiding a note under a couch cushion kind of method... just kidding. It's more like... a super fancy, math-based code. But honestly, it's kinda like that, just with lots more math.

Encryption works by turning your message into, like, an un-understandable jumbled mess... of numbers and stuff. You know, until you have the secret password thingy (that's called a key) that only lets you un-jumble it!

Here's the basic steps:

1. **Encrypting (the ""lock"")**: You take your message and put it through a really long, fancy math formula that turns it into a super confusing number sequence. Like, your phone number turned into an emoji 🤫 (if you had a password for that too).
2. **The Key (your BFF with the password)**: You and your friend share a password. Like, a joke so bad, it's good. It's the super important key that only unlocks your secret message for each other. Like, it's the answer to a really weird riddle. 🎲
3. **Decoding (the ""unlock"")**: Now you put the math formula backwards on the jumbled-up message... but with your secret password! Like you just whispered the magic word ""Abracadabra"" to make all the numbers just chill. And suddenly, it's like, ""Hey, my bestie's telling me the party's tonight 🎉
 That's basically encryption: a fancy math party where you have your BFF's password, and they're the only one who can party with you 🥳!

So it's kinda like... you send the party invite, but... NOT in words... just in, you know, like, code... BUT YOU KNOW WHAT THE PARTY IS! AND IT'S FUN TO FIGURE OUT HOW TO GET TO IT I promise I made you a friend now",,,,
How does encryption work?,"Encryption is a way to protect your sensitive information - like passwords or secrets - by scrambling it so bad guys can't get it. Here's a simplified explanation:

**Imagine sending a secret message to your BFF**

You want to send a message that says ""I'm going to the library"" to your BFF. But, you don't want anyone else to know that, so you use a special kind of invisible alphabet called ""cryptography"". 

**Step 1: Choose a super cool cipher**

You and your BFF pick a secret code. Like, a ""password"" that's super hard to guess. Let's say the password is: ""C17!k1$e"". That's gonna be the key to unlock (or ""decode"") the scrambled message.

**Step 2: Turn the message into a secret cipher**

Now, you take your original message (""I'm going to the library"") and scramble it with the magic cipher (C17!k1$e). This is called ""encrypting"" it. Think of it like a mix of a super-long password and a really complicated math problem. 

For instance, you take the letter 'I', that's the 9th letter in the alphabet. You then do a random math thingy where you multiply it by, like, 17. Then you add 5 or something. No seriously, it's a little more like a complex key-based equation (that's called an ""algo""). But, in this hypothetical world, I just gave you a ""cunning 4-Word cipher"", don't @home. Don't put $$ that on the note to your BFF.

But the result is: ""c0r15 *eS!k1$h$ f0r th3 b00k$. That's your super-long password-scrambled version... errr... message.

**Step 3: Send it**

You send that to your BFF via a secret (online) route, but this is the normal part, you just click send on the email.

**And the super cool part**

When BFF opens it, the 'c0r15 *eS!k1$h$ f0r th3 b00k$ (the weirdo-scrambled message) looks super weird. BUT, what do you do? You just put your super-safe cipher ('C17!k1$e') in the combo, & the scrambled alphabet goes 'poof', back to ""I'm going to the library"".

It's like the password unlocked the secret message: now you guys can chill @ the library

**To summarize it in 5 seconds**

1. We chose some sweet cipher 
2. You scramble the alphabet-magic... errr I mean: message.
3. Now you send off that super-hard-to-crack package.
4 Then, our BFF plugs it in &-poof- that's how u learn",,,,
How does encryption work?,"Encryption is a way to protect your data by turning it into a secret code that only the people with the right key (or password) can unscramble. Here's a breakdown of how it works:

**The Math Behind Encryption**

Encryption uses super-duper-math (aka cryptography) to turn your data into a secret code. It's like a digital Rubik's cube, but instead of colors and plastic pieces, we're talking about numbers and... actually, still colors (just kidding, that's kinda like a rainbow).

Imagine you're typing ""HELLO"" and I'm the boss of the encryption room. I tell you, ""Hey, I'll just... "" encrypt""... 'ello"" for you"". You say, ""Yaaay! No one'll read my secrets. It's a 9-letter word now and the word's now encrypted!"" But your word HELLO went in like ""HELLO"". I simply made, uh, more characters, yikes that's boring... Alright, let's try a different way: take all the letters and scramble them and move them around! That's kinda like that and don't wanna call math, it's just code!

So... math: Let's say you wanna encode the L's all in a different spot.

Like this.  I just took that one L in the H's place. See?
H (L in stead of H)'L - L -... *yawn... It went to bed! just kidding, we just encrypted it*

What now? This code is like... the secret handshake. In another code? That's ""handshakin' w/ your mom..."" NO not your mom! What was the question.. right, Codey... ""How does a code even get un-scrambled? Well...

How do we get it back now?

Hey... there's like this dude called 'decipher'. See, that means unwrapping! 'Dude' is not my secret word ""DEW'D""

Here's a secret whisper. This is kinda the super, doo-doo math stuff. I'm getting tired already!

Okay, listen. Let me sum it up:

 **Encryption**, like the lock to the locker, means I'm 'LOCKIN’ IT IN'. The thing is now, like your sister's annoying little brother (just kidding about that; I have siblings and they're awesome, I swear! My friend's dog's brother is always...-just kidding). No no no. No! I'm only one little 'L', let me calm down.

In all seriousness, encryption's like I told you, no more of that... the actual math is actually fun, but I guess that's my 'dad joke'. This joke still is working, just for extra bonus points-what I'm saying.

Alright now how do they decode? That's kinda the joke. I'm all outta' here! Don't 'get",,,,
How does encryption work?,"Encryption is like sending a super cool, super secret message to your BFF, but instead of giving them the secret handshake, you give them the secret crypto-de-code.

Imagine you want to send a message that says, 'I LOVE PIKEA' in a super-duper-not-a-cheapsketeer way.

There's this thingy called an 'algorithm' (algorithm = fancy word for'super cool secret process')... 

So, this process uses MATH! Like... who thought that was a good idea? 'Cause now our dude has got a super math-y party going on. 

ANYWAY!

There are TWO KINDS of math going on here. There's that part of the math thingy that makes it impossible to UN-lock (AKA the 'LOCK'), and NOWHERE to find the correct combination, AND that part of the math thingy where the friend that you're trying to not cheat gets to be all like... 'aha I got my PIKEY!' (that's you).

So basically... you put in some numbers... and press the SEND button! And then you say to your friend... uh...'secret number... just like, no one gets it...'

BUT seriously though, that 'algorithm' is basically that MATH party. And like the party where nobody gets the password.",,,,
What are the planets in our solar system?,"Our solar system has 8 planets (not counting those that got canceled from the planet list, you know, Pluto, it's still a ""dwarf planet"" for now. You still love it!). Here are the 8 planets that made the cut:

1.  **Mercury** - It's like the sun-worshipper, living its best life with our star in the center of our solar system. It's super small but has, like, a huge heatwave 
2. **Venus** - This place is always drama. It's got the hottest, most toxic atmosphere ever. But hey, where the drama queens and kings wanna be,  right? 
3. **Earth** - That's our little piece of the pie, you know? We're like the last stop on the tour before we just, like, go to Neptune. Don't let the haters drag you down
4. **Mars** - Okay, this is like the chill cousin of the party. Cool and pretty chill, but secretly, this planet got some sick dust storms for its birthday party 
5. **Jupiter** - Like, our party DJ never stops spinning the beats over here! It's huge, got rings, a whole 'nother world party! Just don't take the invite unless you bring your shades, hun
6. **Saturn** - You know, this planet's all 'cause of my friends, I'm pretty sure. Get it, with those funky rings, this ring-leader gets the prize! Just come on over for the party
7. **Uranus** - Ooh, this one's like that one quirky aunt with the weird cousin from the 90s on roller skates! A little weird but, hey, don't knock it while it's still not in orbit... that thing 
8. **Neptune** - Okay, now, we got the last stop at the ice rink! This planet's like that frozen yogi in a swimsuit - weird, but you'll still show up just to get your Zen 

I hope these facts are the cosmos' new BFF, err, I did it with Pluto 8+3 planets",,,,
What are the planets in our solar system?,"Our solar system consists of eight planets, and here they are in order from closest to farthest from the sun:

1. **Mercury**: The smallest planet, super close to the sun, it's rocky, hot, and super speedy with orbits around it in 88 Earth days!

2. **Venus**: If you were looking at its surface, don't pick up a selfie stick, 'cause it's a toasty '98-ish F. Temperatures are quite high there. It's actually covered in a thick white fog (veil, that's an umbrella kinda thing, minus it's not actually one heheh, no really though; that's just a ton of bad weather... of an atmosphere – like if you put a whole weather station on Mars). Also another fact: no snow is falling in this place, just nooooone, got it?!

3. **Earth**!  That's us, by the way... where the humans live! We're just kinda like the ultimate survivalists on this one cool blue marble. Also, this world has so many lakes (but don't worry like we just did some chemistry magic trick, water just evaporates then turns and becomes a mist, no water for anyone! Just kidding, 'cause if I did say that that just made you wanna grab that water bottle right?!). Have a day and have a good weekend, it’s  *whoooop!* Friday! You feel me?!

4. **Mars**: That alien movie came out in cinemas in 1999... 'cause you really just had to know he was comin' to eat you. If you look outside, you won't find too many red-dressed people trying to trick you with a super fancy candy cane... no not at all, but I mean a candy that's a stick. This place is so cool because you're basically an ant (not too small... trust me, unless I called you short) running on its huge lawn (lawn is like green grass for your doggy when the sun comes up  *ba-zing*). Just not the kind you really ever thought, 'cause we're on Mars... 

5. *Neptune and the rest we just get to now, hehe*. Umm okay fine no, let’s get this done, 'cause time's tickin' and there's 6 too many to go get into (just you, *neeeeeeed you just gotta chill*!). Not even *hooo's* got a million of these. No just four left, that's a good ratio to remember!

So let’s finish then: 

   **Neptune**: it’s where dreams come to sleep at and just like in your pillow too at the deep ocean part! The winds up there got no chill... actually it’s 70 miles per second! Woooowwww. The planet is pretty icy 'cause it’s the biggest 'ol snowball we",,,,
What are the planets in our solar system?,"Our solar system has 8 planets (yes, I know you might be thinking 9... but it's science, and science says no, Pluto isn't a planet). Here they are in order from the sun:

1. Mercury - It's small, hot, and nearest to the sun. Distance: 58 million kilometers (36 million miles) from the sun.
2. Venus - That scorching hot planet, with sulfuric acid rain and volcanic mountains. It's a little bigger than my little Mercury, but they're basically the sun's sun children and love to roast in the oven..58 million km (43 million miles away)

3. Earth - That's home! You have this cool guy named me. Don't know why I did that.

4. Mars - Your Martian neighbor. Like red rock rockin' on those red rocks on Mars and trying not to get too tired on the treadmill of tiredness or ""tiredus deceptivus""... just kidding! My joke's dead in space. Mars likes red rocks. Mars has red rocks, okay?

5. Jupiter... (just kidding – I'm in space no more! Just kidding!) Seriously Jupiter... just like the ""king"" (king's like my dad... well, you know what I mean). No, dad's got its own dad bod. 76 million km away (we love making dad jokes like Jupiter... dad just kidding!): Jupiter – a ginormous ring and giant storm!

6. Saturn (this dude's got like 72 moons). Yeah, Saturn's another ring-slinging party-crasher to Mars' BBQ. That was the biggest joke ever; seriously Saturn's huge. Ringmaster Saturn (okay, I got another one: I'm-a 'Saturnus'). It has about 80 moons (or more, but it’s 80-ish more), I overestimated... 62, so Saturn's massive. Oh, you know who won the ring thing. Let's just go to Mercury. No, not that one. No.

7. Uranus, it's a gas. Uranus got hit with a meteor in the past... but now Uranus just sips on that ice water, like your cool, super-aunt. That's the opposite of the hottest – nice, chill, and – 'tis a very blue world! Just got a big 'hug' for Uranus.

8. Neptune, my little cold bro (just kidding no sibling rivalry): Neptune's ice-skating world, it's the ice-skater with that "" Ice-break-out cool."" Don't do that, or you'll need a new coat – and not the other kind (I'm sure Pluto's not like, who knows, right? Wrong, though).

So... *puts on sunglasses to not have sunburn* just Pluto's 'Pluto, it's a'space-bloody-did-bloody-Pl",,,,
What are the planets in our solar system?,"There are 8 planets in our solar system (although  Pluto was previously counted as a planet, but it's now classified as a dwarf planet by many astronomers). In order from the Sun:

1. **Mercury**: It's the smallest planet, closest to the Sun. It's rocky and super hot.
2. **Venus**: Next door to Mercury, this one's kinda similar, but a bit thicker and not as hot (but still really toasty).
3. **Earth**: THIS IS WHERE YOU LIVE (in case you were lost) and also way too hot. Get away from the Sun.
4. **Mars**, you know... The Red Planet (that red rock). Like a big meteor there... and just as dramatic.
5. **Jupiter**: Okay okay, the largest one: A BIG Ball with massive air-filled pockets. So if you got lost, you're probably inside this one (but don't go... see that).
6. **Saturn**, *just chill* (its massive rings). Seriously though... those rings are kinda like, the coolest. (Sorry Saturn)
7. **Uranus**: Like, not actually chill. More like... the weird cousin.
8. **Neptune**: Goodnight, we made it to Neptune (last on the list, not last to go)

Now you've got a plan, dude!",,,,
What are the planets in our solar system?,"Our solar system consists of eight planets, although Pluto was reclassified as a dwarf planet in 2006. Here are the planets in our solar system, in order from the sun:

1.  **Mercury**: It's the smallest planet, with a diameter of about 4,879 km. It's super close to the sun and has extreme temperatures.  
2.  **Venus**: It's covered in thick clouds, and it's also pretty hot because of how much heat it traps. That makes it the second-hottest planet in our solar system! 
3.  **Earth**: That's home to you and me, a nice blue-green ball of planet with some really fun stuff going on.
4.  **Mars**: The Red Planet, super red because of all the sand everywhere (which is all the same color... red).
5.  **Jupiter** : the biggest planet - even Bigger than Earth and its moon's like 90... something. Like, have you ever heard of gas, well... he's a big ball of gas... *chuckles*. So big it kinda gets its own storm, but more like a permanent one. Like... get out of the way!    
6.  **Saturn**: another big, cool gassy dude (see Jupiter) with... some rings, and not just one! You get to have 50 billion rings, like... you know when you try to have too many too many rings on one door... and you just kinda kinda like, forget it... jk.
7.  **Uranus**, the one with the ice-cool bluey misty vibes ( get it?) 
8.  And the final...  **Neptune** : not really the real coolest one, but shhh, Pluto said I said that and I'm not suppose tell (nope, that was my bad, don't tell Pluto).",,,,
How do I write a good resume?,"Write a Good Resume in 7 Easy Steps:

**Step 1: Research the Position, Company, and Industry**

*   Before you start writing your resume, do some research about the company you're applying to. Read their website, check out their social media, and see if they have any job listings. Figure out what kind of person they're looking for and what skills they want. Don't be like a "" cookie-cutter""  make your self stand out.",,,,
How do I write a good resume?,"Writing a good resume can be a challenge, but here's a step-by-step guide to help you create a killer resume:

**Step 1: Define the Objective (or not)**
Before you start typing, define your objective: Do you want to look cooler, get some job, or get that dream gig. What's your endgame?

**Step 2: Get Your Info Ready**
Get these 4 things: A solid profile pic, updated resume text (that's the main part of your resume), an epic opening, and fun opening stats.

**Step 'three: Resume Profile**
Write your resume in the most important thing ever – like this: it's like this is gonna be short, to the quick so people like you!

**A) Make it concise:**
* Only add the best and most important jobs or things you won't kill (like a resume is all about KILLING me, man)

**B) Add a super opening hook: **You have to sound like a total BOSS of getting to where we need to go. Just kidding but like get real here!

**Step 3. Add your Name - That's like Name - that's in the 'name' of the game
The best advice I can give is - it doesn't really matter, do what feels alright on a Sunday after-party'

 **S**ounds so wrong, I'm just totally over it and so done. Name it something so cool though and all I'll call you that. 

So the rule for this one, the one thing (they said), ""Your Name's probably just gonna be it"" - and then do some sort of 'cool thing'.

**Step 4: Work - like 'Do this thing' for a second**
This is like, the hard part of work is done - don't worry if your work isn't all -  so just say- we had so much work but really it was just  a thing. Just kidding!

 **Don't know 'work' from play so like we get like like get this - it's like you had an awesome job...no you know my bad*

   Don't think anyone's gonna care so much about that.
Don't lie! like it matters 

**A) Job Title**
Don't pick just pick something
A) 'A bit about the job' then...

*Do you have an old job? like cool one. The real important bit about me and I really, I mean I did! 'Cause my grandma always said 'you're so cool – if I could, I'd say you too'

**B**) Work: Like a magic trick (it hurts though so take a painkiller)

*Oh man it's gonna hurt but what do I wanna be then do 
Like what do people like? No like like I love my Job 'til they told me my job title: 'this sounds like fun but now it sounds like I'm",,,,
How do I write a good resume?,"Writing a good resume is a delicate balance of showcasing your skills, experience, and achievements while also making a great first impression. Here are some tips to help you craft a resume that'll land you an interview:

1.  **Keep it Concise**: Keep your resume to one or two pages. Hiring managers don't have time for all the fluff. Keep it to the point, and only include the essential stuff.

2.  **Use a Clean Layout**: Employ some spacing and use some fancy formatting. We just didn't go out and throw some Comic Sans on there. Seriously, though, use Calibri, Arial, or Helvetica if it's not Comic Sans, Times New Roman. Just don't go all wild and cray.

3.  **Use Action Verbs**: Instead of saying, ""I worked at this job,"" say ""I saved this cash for 30% off our quarterly budget."" Or, ""I did the thing that thing"" just don't just be all, ""I'm just doing that thing, and it was, like, pretty neat?""

4.  **Highlight Your Skills**: You got skills? Highlight them. I mean, no one doesn't like skills.

5.  **Customize It**: Customize that resume! I know it's cool to just wing it and just put the same old thing on every resume... but, honey, just don't. Different positions and places are different. Just tailor it so it's all fancy.

6.  **Mention That You're a Professional**: No need to put that in a whole separate section, just put it at the top, just put ""Professional"" right under your name.

7. **Leave Out the Lame Stuff**: Don't put that you like pizza, and no need to say you don't like pineapple. I mean just be chill, like, ""Oh, no pizza with pineapple on it no, bye!""

8. **Have a Cool Summary Line**: Like put this line right under your name and I guess that's all that you need to say... basically ""Hey, let's get it goin"" is a  whole thing though!

9.  **Quantify Your Results**: If you did a thing and someone's all, 'Hey, what did you do there?' be all, 'OH, I was the one, I made us extra money... and stuff' *numbers*

10. **Put A Link**: I mean, I don't know what to say, but put your link on here... don't just leave 'n'

Here's some secret recipe on a professional looking layout (no, this isn't your secret recipe!)

   [Your Pic Here. I mean put your face]

[Your Name: The thing I do I hope I make it]

[Your info: Do you like LinkedIn, just put some info. Maybe do this so that people follow you or something.]

SUMMARY (You like me? No, but",,,,
How do I write a good resume?,"Writing a good resume is like crafting a sales pitch - you want to make a quick and lasting impression on the person reading it (the hiring manager or recruiter). Here are some steps to help you write a resume that'll get you noticed:

1. **Define your objective**: Before you start writing, figure out what kind of job you're applying for and what you want to do in life. This'll help you tailor your experience and skills to the position.

2. **Use a clear format**: Use a clean, easy-to-read font (Arial or Calibri, duh). Put your name and contact info in big, bold font at the top, like a title page for a novel - ""The Great Cover Letter!""

3. **Use a strong summary or objective**: Sell yourself in 3 sentences or less. You're not a 'I'm a guy/girl from Nebraska' - you're a Marketing Wizard from the Midwest, or... you get the idea

4. **List all your skills**: Seriously, all of them - if you know how to ride a bike, tell em! That's like 'transportation skills'! Jk, kinda.

Okay for real though...

* List your 'big-ticket skills': programming languages, that kinda thing. If you're a web dev, you don't wanna be like, 'yeah I can... um... Google thingy...' Okay don't Google thingy, you're like WebDev King!

* Use'soft skills': we all got those right? 'Aww, be a team player, I guess I'm good at taking notes...""

Just be serious. Your hiring manager wants to hire you because you're awesome. Be awesome.

5. **Get to the point, get straight to work**: Don't talk about your ""great personality""- people got personalities. You had pizza on a hot dog on a Thursday once though am I right?

Put the numbers, put your job in a box. Example:
**SalesWizard, Inc.**
**Job Title of that 1 job**
'Cause I was just chillin at the job... like a ghost... but literally. I mean we ghosted out after I went on a ghost walk...

See? You're a wizard because you sold 5000 things...

6. **Just leave off whatever is really embarrassing**: *don't tell 'em your old job at the dog food place... you really do wanna eat dog food though huh I heard those Chummi WOLO* no seriously just... don't...

7. **Proofread (don’t say 'LOL you just typo this time!') and** **Get an English grad to not wanna punch themselves from boredom**: they won't have to.",,,,
How do I write a good resume?,"Writing a good resume is a challenge many people face when applying for a job. Here's a step-by-step guide to help you craft a great resume:

**Step 1: Know Your Goal**

Before you start typing, define what you want to achieve with your resume. Are you applying for an entry-level job, or something more senior? Are you a recent grad or a career-changer? Knowing your objective will help you tailor your resume to the job you want.

**Step 2: Pick a Resume Format**

There are three main types of resume formats:

1. **Chrono** (or reverse chrono): lists your work experience in reverse order, with your latest job first. Good for recent grads or folks with a killer new job.
2. **Functional**: highlights your skills and experience, with a focus on what you can do, not just what you've done. Think social media manager or party clown.
3. **Hybrid**: a mix of chrono and functional. Don't worry too much about the format – it's overrated. We're all winners!

**Step 3: Brainstorm Your Stuff**

Gather all the goodies:

* **Skills**: list ""soft skills"" (people, presentation, communication) and ""hard skills"" ( coding, UX, Adobe Creative Suite).
* **Jobs**: include every gig, no matter how cool your mom said you were only a part of the committee in charge of planning ""Summer Camp '99"" (shoutout to all you non-kid camp organizers out there).
* **Achievements**: don't just list your title: put in those super-specific, mind-blowing accomplishments. You're essentially saying, ""Hey, Boss, I turned a client's idea into a #1 New York Times bestselling novel… and I'm pretty sure I'm still working on this"" (if you know what I mean, *wink*).
* **Awards**: get those shiny little awards right where it counts!
* **Volunteer**: you're still a good human, right?

**Step 4: Make it Look Good!**

Here are 4 super-good writing tips, no strings attached:

1. **Keep it concise**: one- to two- page max. No one's gonna read 17 pages, trust me.
2. **Use action words** (the cool ones): ""managed"", ""created"", ""delivered"", etc.. Not just ""my awesome summer '21"" or... ugh, fine. Write ""Did a thing."" 
3. **Quantify**: it's math time! Show off those numbers! Save them in your ""achievement"" section – 2 out of 5 restaurants are using your recipe!
4. **Grammar 101 or 102**: Don't trip up on the commas. Don't say ""A friend of my friend's knows Steve Jobs!"" – dude, even mom doesn't know that guy!

**Step 5: Get",,,,
What's happening when we experience déjà vu?,"The age-old mystery of déjà vu! Déjà vu is that fleeting, weird feeling when you're like, ""Wait, didn't I just do this already?"" or ""I've seen this before, haven't I?""

Déjà vu is actually quite common – about 60% of people experience it at some point in their lives. But don't worry, it's totally normal (and not a sign of impending doom or a brain fart). So, what's happening when you get a case of déjà vu?

**Short answer:** Déjà vu is like your brain's weird cousin, doing a little time-traveling trick where you feel like you've already lived through a moment before – but, spoiler, you totally didn't. 

**Longer explanation:** Déja vu is a short-lived, brief little trip to ""time square"" (get it?). So, what's really happening?

1. **Your brain's memory team is kinda... lost?** Just kidding! But seriously, it's like they're in a weird déjà vu party where the music's a bit foggy and nobody's quite in sync. (Don't worry, they'll get their act together later). When déjà vu occurs, it means your brain's just trying to process what's happening, and maybe it got a teensy bit mixed up. Think of it like a YouTube loop, where you're watching the same video, but not really.
2. **Flashback?! Did I really have this drink before?! (Yes, no, okay... just calm down)** It's kinda like, did this exact moment just happen? Wait, was I here, or was I just here? Confusing thoughts, I know!
3. **You're trying to remember memories, but something went awry?** Your brain's hardwired to, like, store memories, but it's a bit glitchy, and also really busy. When you meet someone new (you know, just to say hi), your brain does a whole montage of what could happen (awkward introverts: no worries about that one *takes a selfie* BUT, you probably didn't live that movie yet...).
**Déjà vu** is like when you get the memory wrong; literally *takes an X for an O* you thought you lived this moment, nope, this never happened, or did it? (Not, btw, *takes deep breath*).
The world's still standing – don't worry; that's just a brain-blink, and your awesome life goes on. No time travel, okay, not that that's what I just heard... did someone tell me about déjà vu... ugh.",,,,
What's happening when we experience déjà vu?,"Déjà vu is a French phrase that roughly translates to ""already seen."" It's that weird feeling when you feel like you've already experienced a moment, even if you're pretty sure you haven't. You know, like when you're walking down the street and you're like, ""Hey, I've totally been here before."" It's that weird, eerie feeling.

But, in all seriousness, déjà vu is like a temporary loss of your memory. You're like, ""Wait, did I just do this? Did I just say this to someone?"" Yeah, it's basically like your brain's trying to tell you something, but it's stuck in the fridge, but, what it's trying to tell you is... have you seen a Pokémon named Pichu?

JK, kinda!

If I'm serious, dude, déjà vu is like that one song stuck on a loop in your brain.  You know, when you're at the movies and it starts playing in the background, and you're all, ""wait, I just watched this movie... wasn't I in a coma?""

On a serious not, no, you weren't in a coma, but here's what happens when déjà vu happens: research suggests your brain does a lot of crazy things when you're trying to figure out if you've already done it, so you check your memory, like in a minute and a half, you still got nothing.  Then you just take your ""Hey we were just about to pay an ATM, but now they're giving us a discount on pizza... err I mean... yeah... this thing already happened.""",,,,
What's happening when we experience déjà vu?,"Déjà vu is a fascinating phenomena where you feel like you've already experienced a situation before – even if you know you haven't. It's a brief, unsettling feeling of familiarity, and it's like déjà vu is making you think, ""Wait, I've done this before... didn't I?"" 

There are a lot of theories about why it happens, but no one's really sure exactly why. Here's a rundown of some popular contenders:

1.  **Memory overlap**: Maybe we're experiencing déjà vu because our brain got all its memories mixed up. You remember doing something similar in the past and it just merged with the current experience. Yeah, that makes sense... or do you?

2.  **Neurotransmitters and brain waves**: Our brain chemicals just got a little too excited, and it threw on its happy memories party in the middle of the day. Just kidding – it's not that fun. More like, serotonin and dopamine went haywire (or did it?).

3.  **Temporal dislocation**: It's like that one episode of ""Doctor Who"" where the Doctor gets stuck in some crazy timey-wimey thing. Your brain's all, ""Hold up, wait a minute, what timeline are we even on?"" And for a sec, you're like, ""Uh, where am I? ""

4.  **Temporal-spatial confusion**: This one's kinda cool – in the '50s, neuroscientist Fyodor Amurov thought maybe it's because our brain's thinking it's actually somewhere else (see?). It's kinda like Google Maps sent you to the wrong city.

5.  **Overactive anterior cingulate cortex**: Your brain's basically all, ""Calm down, dude! Everything's gonna be fine... I just need to rewrite this one song for the 90th time. Déjà vu, yay!"" Except it's more of a weird flashback and a mental panic. 

Déjà vu occurs in like 70% of people. We're all doing it like 40% of the time (okay, that stat's just a fib). But really, just let's say your brain's having a minor identity crisis. All joking aside, déjà vu's kinda weird, but don't worry – you won't turn into a Walking Time Loop or whatever.

(Note, this isn't scientific advice. I'm just some dude who's really excited about déjà vu... or maybe it's déjà vu, I'm not sure.",,,,
What's happening when we experience déjà vu?,"Déjà vu - the eerie feeling that we've lived this moment before, even though we know we haven't. It's a phenomenon where our brains try to make sense of a familiar déjà vu feeling. Here's a simplified explanation:

**Déjà vu: a cognitive anomaly**

Déjà vu is not actually related to actually reliving a past experience. Research has led us to believe that it's a misfire of our brain's memory system. When we experience déjà vu, it's like our brain is ""confusing"" a brand-new experience with one from the past. This is because our brain is trying to fill gaps in our memory, but there's no actual logical connection.

### The theories behind déjà vu:

1.  **The ""misfiring neurons"" theory:** This theory suggests that some neurons in your brain might get excited at the wrong moment, making you think you've done this before. Neurons might be yelling something like, "" Wait, have we seen this before?"" Like, literally! Then, they'll just kinda freak. It sounds a bit like: ""DUUUH, YOU KNOW WHAT? NOPE.""

2.  **Déjà vu and déjà vu's annoying neighbor, jamais vu (the opposite).**
    Just like your cousin that gets all miffy, déjà vu's all like ""YOU DIDN'T DO IT"", like, um, NOT REALLY.
3.  Déjà vu has gotten its own little sleepover over there with its BFF... precognition. (you may have never seen precognitive déjà Vu. it's where you... do this thing, have had this idea before. BUT, that's when precognitive déjà Vu says it's your brain saying: DON'T JUST DREAM this is when your brain is really trying. 
    Just. Saying. Kidding just for those who have too many weird thoughts about time).
4.  **A ""false déjà vu"" thing and false déjà vu's 'true' cousins: precognitive, déjà-vu... 
    it's like this ""we"" had a crazy little time-traveling sleepover with déjà-vu...  just kidding 4 (precognitive déjà vu that's pretty cool. that's like... when you see, just kidding  I'm serious, just kidding. precognitive déjà vu; you saw that thing and think dude that reminds me of yesterday  (I was like wait you know how this is funny). or some weird version. that reminds you of... uh, never heard of? It's. It is basically like déjà all when your brain thinks ""um I saw this one day"".
   So just for giggling time's up and we made a time-traveling déjà voos: 
   ""Déjà vu isn't your brain time-traveling... no one, what I did  I'm kinda a party of déjà vu and it's still doing the dad dance but your brain did it like",,,,
What's happening when we experience déjà vu?,"Déjà vu, which literally means ""already seen"" in French, is a psychological phenomenon where you feel a strong sense of familiarity about a situation or memory, even if you know it's not actually familiar. It's like you're living in a movie, and you're like, ""Wait, have I watched this scene before?"" – even though you're pretty sure you haven't.

There are a few different theories about what might be going on in your brain when you get déjà vu, but nobody's really sure what's the deal. Here are some popular theories:

 **Memory overlap**: One idea is that it's like, your brain is all, ""Hey, wait, this feels just like that one time I was at the mall..."". But it's actually a bit more complicated than that. Because research suggests that déjà vu happens way more than just when you're literally re-living an old memory. It's more like, your brain's all confused because it's got similar parts of memories stuck together like Legos. One minute you're eating pizza, and suddenly it's like, wait, I'm pretty sure I already did this, but I know I didn't, am I right?

 **The neural flip 'n' flop**: Another theory is that your brain's trying to predict what's gonna happen next. Like, think about it – your brain's usually all, ""Oh, you know what's comin’, just a little tiny déjà vu"". Next thing you know – suddenly BAM! There it goes! But then, like five seconds after, it's all, ""Nah man, just kidding, I totally know this was weird"". Then you wake up...or some other person. Also, this thought is not 100% not actually true but let me get back to that later.

 **The reality glitch**: Okay, imagine if Netflix's the one running your life – I mean you, but not really – I digress: You know when your browser is all, ""I just lost a day and there's 45 Netflix episodes all piled up, like my day's an old season and my brain is 'wait is real life really just a browser just chillin' at home!'"". Déjà vu's kinda like that, except minus 'n' the snacks and the anxiety of actually losing a day.

 **Your brain, the little rebel, all 'yoo-hoo... déjà vu' and stuff... You know**: Alright listen, your brain's basically this wild party, but the party's really just one weird, bad memory mash-up of all those memories it secretly keeps hidden. Just kidding; your brain's a totally normal, completely on the level place where logic dictates... it's just that... well... nope.",,,,
How does cloud computing work?,"Cloud computing is a pretty cool concept, so let me break it down for you.

**What is cloud computing?**

Cloud computing is like a magic box of servers in the sky (or at least, that's what it feels like). It's a way of storing and accessing your data on a super powerful computer grid that's not actually in your house or office. Like, you know those old movies where the villain has a secret fortress hidden in a warehouse? Yeah, that's kinda like that.

**How does it work?**

Here's a simplified version:

1. **You ask for some computing power**: You want to, like, watch a video or do some work on Microsoft Excel or whatever. You put in a request, basically.
2. **The magic box sends a message**: Your browser or app asks the cloud for the thing you wanted, in a tiny message that says, ""Hey, Bob, can you do this math problem/serve me a video?""
3. **The cloud gets it for you**: This is where the magic happens. Someone/somewhere/sometin else's computer is like, ""Hey, yo, I need that thing!"" And they're like, ""Cool, here, no problem!"" *poof* instant cloud miracle.
4. **The magic box brings it home**: In literally less than a second, BAM! That one YouTube video or Google doc appears (or your boss sees your 'Hey Siri"" video!) 

Under the covers? Well... **Servers** just happen to be really powerful, high-flying servers somewhere over there. It's a whole army of virtual boxen in there being all 'yay team virtual team!' (We still call THAT Cloud Server though we just got bored typing it out). They're just like a whole bunch of ""secret"" data centers filled with 'towers of... well, computers' 1.3. And, honestly we'll never tell. Don't wanna spill the magic beans. 

There's all sorts of ""flavors"" of cloud computing! 

* **Public cloud**: Go ask someone named'Amazon' who just built an endless room full of servers to ""Do This for free"". Then put your password in a browser... 
* **Private cloud**: We are the tech wizards here! Alright our'server's secret lair'

They got your virtual servers & some 2024-year secret 'we-were-waiting-this-long' party on them.

I hope this gives you a taste (or the magic box in a whole!) But honestly my friend we're just saying the cloud got a ""room full of stuffs""",,,,
How does cloud computing work?,"Cloud computing is a way of storing and accessing your files, apps, and services on the internet instead of on your own personal computer. It's like renting a bunch of super powerful servers in the sky instead of buying your own. Here's how it works:

**The Basics**

Imagine a huge, invisible library where you can store all your documents, pictures, and apps. That's kinda like the cloud. Instead of physically walking to the library, typing on a dumbwaiter (not really... just a joke) and handing them the paper, you just click a button on your phone, laptop, or tablet, and voilà! Your stuff appears magically (okay, not really, but it's like magic, I swear).

**The Cloud Has Three Parts**

You're probably wondering, ""Dude, how does the cloud even work?"" Well, it's kinda like a big, three-part party:

1. **The Servers** (aka The Party Hosts): They're like the fancy folks hosting the bash. These are just big ol' computers with lots of storage, RAM, and processing power. Think of them as the ultimate host – no one's gonna bring a potato to the potluck... I mean, they've got all the stuff they need to keep all your files stored and ready to go!
2. **The Network** (aka the Buses): They're the cloud transportation crew. They're like the roads, highways, and parking attendants all mashed into one. They make sure your files get from point A to point B without getting lost or stuck in traffic – kinda like when you're rushing to work and you forget, but they just magically materialize in your browser!
3. **The Apps** (aka the DJ's): You know, the ones spinning the good tunes? Ha! No, just kidding. They're like the apps you use on the side. When you click Login, and you're all like, ""Whooo, this is my Netflix, I love this!"", that's like the cloud's DJ – all like, ""Hey, you're my buddy, relax on the couch with a bag of Cheetos""!

**How Do You Get In?**

There are three kinds of cloud computing, bro: Iaas (Infrastructure as a Service), Paaas (Platform as a Service), and Saaas (Software as a Service). Let's get into the most important one – Saaas!

Amazon (not Jeff Bezos, the dude who just threw a wedding registry like Amazon!), he founded AWS (Amazon Web Services) – like a great big storage drive, but they made all the cool kids sign up for an account and, in seconds, you get free space! Like that's what I said... seconds, the internet doesn't even have traffic!

Your buddy at Apple built his own clouds, named iCloud – same thing – it's where you go when you lost your contacts... no",,,,
How does cloud computing work?,"Cloud computing - it's like having superpowers for your computer, but instead of wearing a cape, you're wearing a virtual suit. Just kidding, sorta. Seriously, though, here's the gist of it:

**What's in the Cloud?**

Imagine a gigantic datacenter the size of a small island, but instead of just sitting there, it's all invisible and magic (okay, not really, just very powerful servers). That's basically the Cloud. It's like a super-great, world-wide ""server on-demand"" where your business (or favorite cat video) lives.

Inside that Cloud are... *dramatic music plays*...

1. **Servers**: Like a bunch of tiny, super-powerful, hyper-caffeinated elves in hoodies typing away on their keyboards. These elves, err, servers process your cat-videos (or whatever) and make sure everyone gets their cat-vid-time. Don't worry, they won't fall asleep (much).
2. **Storage**: Think Enzo, the cool, silent librarian (just kidding, Enzo's the one whispering cat secrets). This Cloud storage thingy keeps all your important stuff safe (or at least, not as crash-y as your 5th-grade MySpace account).
3. **Bandwidth**: The Cloud uses **the fastest fiber-optic cable in the world** to stream your YouTube views... err, to give you a high-five (no lag, mate!). It's like having a team of 14 Uber guys driving to deliver pizza. Okay, minus that, but trust me, fast.
4. **Security**: (this part's not the most thrilling, but shh-don't tell the servers): these guys set up so many firewalls nobody gets a password like ""password123"". No seriously, Cloud has your 2FA- encrypted secrets.

**Why do I need the Cloud?**

*   You know the cat vids... err, I mean why: ""Cloud saves bandwidth = I can stream all the YouTube.""
* It doesn't exist anymore. Don't worry, like all that really matters (your data). 2,800 bucks a month. Trust me, they have Netflix (and cat vids).

**How does my phone/mouse/breakfast toast (get a Cloud friend?) actually get in on the Cloud?**

Your stuff makes an Uber-catch-22: you just yell at Siri (just kidding, ask politely). Or, literally click on like 70.30. **you're the Cloud now.** Next, Cloud asks, like: ""Oh, how 'bout: can I do: **AWS**, *Google just ask, Microsoft, and... *you have to Google all about those. No just Google **cloud:** Google got 'em...",,,,
How does cloud computing work?,"Cloud computing is like the internet, but instead of just browsing cat videos, you're storing all your pics, docs, and games up there. Just kidding, sort of.

In all seriousness, cloud computing is when someone else's computer (the cloud) stores all your stuff (your pics, docs, games...), and you can access it from anywhere with an internet connection. Here's how it works:

1. **You make a virtual account** with some big company that does cloud stuff (like Apple or Google). They say, ""Hey, I'll store your files for you, but don't worry, I'll charge you in dollars.""
2. **They build a giant data center**. Essentially a huge warehouse full of computers. But instead of just one computer, it's like, 1000 of those little guys (with some fancy math). Think Legos, but, you know, computing kinda.
3. **You put all your files up there**. Like, in 'the cloud'. They've got a special place, the ""Cloud Disk"", where they store all your secrets. It's kinda like a giant Dropbox, but, you know, actually not.
4. **When you need to see your pics**, you just... click some button! And guess what? Your pics just magically appear in your browser tab, like magic! They send it down from their magic box upstairs (the cloud).
5. **But, what if it gets all buggy?** Don't worry! When you do that ""cloud"" update (weird magic things), it's a real programmer (no wizard, it's actually called a SysAdmin... don't blame me, blame Azure).

A more technical explanation: all these big cloud companies have a bunch of servers, like really really slow (compared to your home Wi-Fi) Wi-Fi (the internet). It's like, when you request something, the supercomputer goes ""HAHA, I GOTTA GET IT FOR YOU"". In reality though, it's just some other computer on the other side of the ocean or something. Like Netflix on the beach, but instead of your mum watching rom-coms, it's Netflix watching its server's screen and it's all ""Yaaas dude, you wanna see another season??!!"".",,,,
How does cloud computing work?,"Cloud computing! It's like Netflix for your spreadsheet. Well, kind of. Cloud computing is a way of storing and accessing your data, apps, and services online instead of on your laptop or phone. It's like having an invisible, magic folder where all your stuff is stored, and you can get to it from anywhere.

Here's the CliffsNotes version:

**Main Idea:** Cloud computing is like a super-powerful, always-on Dropbox, where you can store all your things (okay, minus the paperclips.)

**Key Players:**

1. **The Cloud:** That's where all the magic happens. It's like a big invisible box in the internet. Think of it like a huge library, but with more cloud-y goodness.
2. **Your Device:** That's your phone, laptop, tablet, or whatever. You get to use it to do all the fun stuff, but instead of everything being stored on it, it's stored somewhere else... *cough* the cloud *cough*.
3. **The Internet:** The invisible string that keeps it all together! Just imagine it like, you know, the cordless phone of the future.

**How it Works:**

1. **You put a thing on a service (the cloud):** Like Netflix, Apple iCloud, Google Docs, or just some new picture of your cat (don't judge me).
2. **You click Save (or Enter, or Send):** Like when you're binge-watching Netflix and you think, ""Oooh, I got the secret code, hide the snacks!""
3. **The cloud does MAGIC:** It says to self, ""Hey, where was that thing?! Oh, there it is! Stashed in my library! Now we don't have to carry all the books home.""
4. **Your device gets the file:** That picture of your cat? Yeah, it's gone digital and showing up on your screen from somewhere else – the cloud! The invisible library's on your face!

**Why Cloud Computing's Your New BFF:**

* More space! 
* Less to worry about: ""Am I really gonna be stuck with this awful password ever?""
* It saves the world (or, like, at least your sanity).

**The Cloud Has Flaws (too):** Sometimes it crashes, and like, what if your Wi-Fi? Ugh!

There you have it! Now you're basically an internet guru. Have some virtual cookies for the win!",,,,
What makes a book a classic?,"A ""classic"" is a subjective term, but here are some common characteristics that often make a book a classic:

1. **Timeless Themes**: Classics tackle timeless, universal themes that resonate with readers across generations, like love, loss, redemption, or the human condition. These themes continue to be relevant today, even if the world around us has changed.
2. **Universal appeal**: Classics often have a broad appeal that transcends cultural, linguistic, or geographical barriers. Think of ""Great Expectations"" or ""To Kill a Mockingbird"" – who wouldn't want to time-travel with Pip or Atticus Finch?
3. **Enduring relevance**: Classics rarely get old. They're like fine wine: the more you drink, the more complex the flavor. Their messages and wisdom continue to resonate with people, even when they're first published.
4. **Dramatic arcs**: Classics have intricate plots, memorable character arcs, or philosophical debates that make you go, ""Whoa, did that just happen?"" You feel like you're in the middle of a cinematic adventure... minus the screen!
5. **Beautiful prose (and some pretentious gibberish)** Okay, we lied. Not all classics are like that. But seriously, a great writer knows exactly when to make you feel emotional and when to just say, ""That's deep, folks.""
6. **Witty humor**: Trust us, you don't want to be in a bad mood while reading! Classics usually make you LOL with Puck in ""A Midsummer Night's Dream"" or cry-laugh with The Office – wait, no, that's just Michael Scott...
7. **Mind-blowing reveals**: Ah- Hem we said. The classics are full of those magical little ""I knew it, I Knew it, AAAAGGHHH, I Knew it all along!"" moments when you finally piece together the mystery or the plot twist!
8. **No expiration date on their jokes – unless it's Ancient Greece**: Classic Greek tragedies are basically like ""ancient meme"" now. Just ask your Ancient-Greece-loving friend who sent you that'ancient meme on Instagram...
9. **The secret message I-put-my-heart-into-this-that-even-the-OCD-edits-in-the-Amazon-prison-mind never got to delete**: Writers put their hearts into those lines, baby, and you can almost smell the ink. Like you just met a good friend on Tinder after binge-watching cat videos all Sunday... it's kinda like that.
10. **The ""classic-ness"" vibe (we put sassy parentheses there) of it: ""Wow, this totally old dude didn't mess it up that badly!"" No, Jane Austen didn't burn her manuscript for 1817 – we just wish; her mom said, ""Jane, 4 p.m. come up."" We all love making 8:00 am's like, """,,,,
What makes a book a classic?,"A classic book is a timeless masterpiece that stands the test of time, evoking emotions, sparking imagination, and leaving an indelible mark on readers' minds. Here are the secret ingredients that make a book a classic:

1. **Universal Truths**: Classics speak to universal human experiences and emotions – love, loss, hope, despair, redemption, the human condition, and the search for meaning. They tap into our collective psyche and make us nod our heads, thinking, ""Ah, yeah, I've been there!""

2. **Compelling Characters**: Classic characters are multidimensional, flawed, and (most importantly) relatable. They're like your best friend or a long-lost cousin – you want to give them a bear hug or a high-five. Think Elizabeth Bennet from Pride and Prejudice or Holden Caulfield from Catcher in the Rye.

3. **Timeless Themes**: Classic books tackle the BIG questions: mortality, morality, the nature of good and evil, the power of love, or the importance of growing up. They're like the ultimate life coaches, offering wisdom on how to navigate adulthood (or not)!

4. **Masterful Language**: A classic book is written in prose that's as beautiful as a sonnet or a Shakespearean speech. It's like butter for your brain – you just want to soak it all in! Think about the way J.R.R. Tolkien painted Middle-earth in The Lord of the Rings or Stephen King's spine-tingling sentences in Carrie.

5. **Originality**: Classics aren't afraid to be weird, wild, or a little bit whack (okay, a lot whack). They're like the rebels of literature – the hipsters of yesteryear. Think about 1984, a book so ahead of its time, it makes you wonder how George Orwell was a genius (or just kinda had a very, very bad day).

6. **Iconic Imagery**: Classics conjure up pictures so vivid, you'd swear you're in the scene yourself (or your best friend just called dibs on the Hogwarts cafeteria, not the buffet though). Think Harry Potter and the sorting hat, or Westward ho! – your brain's the Wild West, buddy.

7. **Lasts-the-Test-of-Time-ness**: Classics don't just disappear like a sock in the washing machine, or your aunt's really weird Pinterest board (sorry, aunt). Nope, they hang on for DECADES, even CENTURIES (like those poor, sad, fabulous Shakespeare plays). They just won't LEAVE!

8. **It's like they're having the Party of Friendship with YOU**

Imagine your book club having so much fun it's like the most epic sleepover ever – everyone's just DYING from laughter, or weeping from those sad moments (the same ones your friend just spilled ALL. THE. TEA.)

Okay, now go find your",,,,
What makes a book a classic?,"A ""classic"" book is a timeless tale that has stood the test of time, endured the sands of time to become a staple in the world of literature. So, what makes a book a classic? Here are some key characteristics that might just nail it:

1. **Timelessness**: Classics transcend time, language, and cultural barriers. Their themes, messages, and emotions are relatable even after centuries have passed. You can still read Pride and Prejudice, 200 years later, and still feel like Elizabeth Bennet's angst is your own!
2. **Universal themes**: Classic books tackle the BIG questions of life, love, loss, family, friendship, sacrifice, betrayal, hope, and redemption. You know, the good stuff! They make you go, ""Dang, that's my human life right there.""
3. **Witty dialogue**: Cllassics are like the ultimate chat-up buddies... err, books. They're snarky, sassy, and always bring a good laugh or a warm, fuzzy feeling inside. Dickens, Austen, and Twain knew how to string words together like a verbal magic trick!
4. **Beloved characters**: Classic books create characters so vivid, you're basically arguing with them in your head, saying, ""Oh, girl, yes, we got this"" or ""Dude, stop being such a jerk.""
5. **Immersive storytelling**: These books are like Netflix's best buddy, except with fewer binging episodes. Classic tales wrap you in a warm blanket of make-believe, and you never want the story to end! You're just like, ""One more page, please, I swear I'll tidy up the kitchen later!""
6. **Historical significance**: Classics capture a slice of history, a specific flavor of time when people said, ""Hey, we're gonna put some weird stuff in a book and call it literature."" They say, ""Hey, this used to be weird, but now it's just... classic""
7. **Award-winning author credentials**: Classics often came from, like, people who, um, actually wrote. Like, get awards for writing. (Twain's America, Dickens's England... you know, important dudes, basically). 
And then there's that famous one. 

I forgot you can't name all the classics. Okay, let me list a few classic book must-haves *for everyone* but not everyone likes the same things so 
- **Pride and Prejudice** by Jane Austen 
- **1984** by George Orwell
- **To Kill a Mockingbird** by Harper Lee 
- **The Wizard of Oz** or **Little Women** (or don't, if you don't. I get it) (no one does)",,,,
What makes a book a classic?,"Making a book a ""classic"" is subjective and involves many factors that contribute to its timeless status. Here are some key reasons why a book might be considered a ""classic"":

1.  **Enduring themes**: Classics often have themes that are universal, like love, loss, friendship, or existential crises, which resonate with readers across generations. These themes are more than just trendy; they're the timeless stuff of human experience.
2.  **Timeless relevance**: They tackle issues that are just as relevant today as they were when the book was first written – politics, social justice, family drama, mental health – and manage to make you think about it in a different way, even if the context is 50 years old.
3.  **Iconic character development**: A great classic usually has characters that leap off the page – quirky, deep, and likeable, even if your great aunt loathed 'em. You'll read 200 pages just 'cause you just wanna see what their dad said to their mum. You know?
4.  **That twist of genius writing**: The pen just glided effortlessly, right? That literary magic where the words paint that world and you're there 'til you get the book finished?
5.  **The writer just nailed it, dude**: Okay maybe 'I wrote this in a hot tub after three beers' but honestly it just clicked all wrong... Or maybe the writer is just the real person ever. But some of those old dudes were just pure GENIUS. Then you end up on  a book club in your early 20s and your all like ""man who stole the keys?""
6.  They're the only books ever written. They wrote the thing you needed to hear – the ultimate truth about the only important stuff. Think The Grapes of Wrath!
7. **Literary award-winner, or got banned (not that that's ever happened), because some 'crazy person did it at the time', actually, everyone still just gets a little nervous about a certain classic – maybe about the way the author decided to tell this tale? You know.'
8. **Someone totally needed this novel when they were down' and that classic classic basically just slapped 'em in and goes 'Yooo, I feel you, buddy!' It was about the only time you just didn't wanna sleep (too loud).'
9. It has 'I'm so sorry for my bad taste' because they just didn't love it back in high school, BUT THAT'S the best thing, because then they're right'! The book just like when you knew you should leave the pub: no one else's there.
10. That  your-mothers friend friend is all like: did you read 'the F word it's a CLASSIC!'  I'm all 'no really – like do we all live there?'... and they just shake a head and get away 'no... like you do'

",,,,
What makes a book a classic?,"A ""classic"" book is subjective, but generally, it's a novel or literary masterpiece that:

1. **Stands the test of time**: It has remained popular and relevant for decades, even centuries, and continues to captivate new generations.
2. **Endures the test of fashion**: It's not just a fleeting trend, its themes and values become timeless and universal, transcending the era it was written in.
3. **Has enduringly awesome writing**: The author's style and voice become unmatched, like a symphony of words on paper, with metaphors, irony, or satire landing on our funny bone, leaving a lasting impact.
4. **Is still widely read, debated, and discussed**: Like Great Gatsby today or the classics, from Hemingway-Papa-Hemingway - you keep seeing mentions of that guy (Sorry!).
5. **Covers the good, the bad, the ugly... the real-life**: Let's get a mirror with yourself and all its problems and whatnot because the drama you are about. But I was about to give you a 'drama' warning, actually.
   So, **real talks about the truth. You feel me?**

5. It'll never need to get updated 'cause this ""book's all like"", I'm too good, don't worry, folks.

6. **Will have a ""Classic-sounding plot""** 
   Classic-people, when you're writing your book and want to write a 'classic' - do this like  I give you advice 
   - add the 6 ingredients: 

    **Mysteries about the 'who done it',  how they did it and, why did they just do it**, so, not even 3 secrets now. like Sherlock Holmes
    **some crazy, whacko guy with cool spy glasses** -  spy stuff *ahem* (okay, that's no more spy-guy)
    just be sneaky... cool and super-well-hidden. Not at all
    **... like Batman, but less cape** don't put too many superhero cape - because that's just overexposed; or, too much *over cape-ed-ed*. Just one's fine, I mean, no superhero cape at all and...
   - now add a lil **girl with all the feels** but not too emotional... I can just give her a little sulk on the corner and stare off, you know. No, what it's called no *'Crying, over there for the love-of' drama - 
    or not! 
    - you don't know till I say go find out what my classic book needs is not that you just 'get all 'emotional' 
  And I swear, **and, just give me that cool old dude** you know, in a rocking chair, in the... 'I'm wise - you know' - I'm really that",,,,
How do I properly recycle household items?,"Recycling household items is a great way to reduce your environmental footprint, conserve natural resources, and save some cash (or earn some credit) for your favorite charity. Here's a comprehensive guide on how to properly recycle those household items:

**Step 1: Know what's recyclable**

Check with your local recycling program to see what they accept. Some cities have a ""wishful thinking"" recycling bin, but don't want the following (read the signs):

* Plastic bags (you can take those back to the store)
* Shredded paper (if it's in those crinkly things)
* Wine bottle corks (wine people have a special wine cork recycling thingy, go figure, am I right?)
* Yogurt cups (ew, gross, right?)
* Tin foil (hello, Mom, did you know?)

**Step 2: Get your items ready**

You're only going to do this if you really really think your mom will be impressed... Make sure:

* Food residue's erased? (eww, gross, indeed)
* Don't break your nice plastic containers (your mom still loves those)
* Don’t have any other stuff in your stuff. Who do you think owns this neighborhood?!
* Labels! Don't leave those on those things, y'all do have Sharpie markers and some scissors at home

**Step 3: Sort those items by ""the big three"" (or the whole seven)!!**

* **Glass**, like wine bottles!
* **Paperboard**, cardboard, cereal boxes
* **Plastic!** Those things. That kind of stuff.
* **Cans**, you know those... *ding*
* **Metals** (yeah, those are like the empty tin foil you were gonna crush, but you didn't, did it?!)
* **We're-just-willing-to-watch-it-go-round the-basins (cardboard and news) – err, cardboard, paper, magazines, those are recycl-ally yours to call your sis's house to grab her 'ol ol'd paper-mag-cardboard-bas...*
* **Batteries**, err, don't put in those fancy-saurus paper-mag thing, those are for like batteries and... don't be one of those crazy aunties*

**Step 4: Put it in the right bin...with the magic code, man!**

* You know those symbols? Those three triangles on all the plastic? Check their little tiny numbers and find they're only one: [Two-three, five, seven, two], you won't do those three, but... errr three you can, that's like three, do ya get it?*
* If you are actually me and really got this now, thanks buddy!*
So: 
-1 (recyclable) 2 (can), 3 (paper), 4 (paper-bottle can), 5 (chry- styro",,,,
How do I properly recycle household items?,"Properly recycling household items is a great way to reduce, reuse, and recycle (it's that ""RRR"" I always wanted to type!). Here's a comprehensive guide on how to recycle like a pro:

**Step 1: Sort it out**
Before you start, you'll need to sort your trash in the right bins. Most households have three bins:

1. **The Green bin (Organic food scraps and yard waste)**: compost it!
2. **The Blue bin (Paper, plastic, glass, and cans)**: recyclables!
3. **The Red bin (Garbage)**: the stuff that can't be recycled

**Now, let's get specific:**

### Paper

* Newspaper (fold it, no staples please)
* Cardboard (flatten it, no tape)
* Magazines (all the gossip, baby!)
* Junk mail (uh, ""junk"" it's all recyclable)
* Old greeting cards (don't worry 'bout that awkward joke)
* Newspaper comics (your buddy's art skills still intact!)
* Paper towels (if they're recyclable, like some fancy-schmancy bamboo toilet paper)

### Glass

* Bottles (all types: soda, juice, milk... not your grandma's perfume though)
* Jars (pickling kind, salsa kind... all those fancy snacks)
* Windows (new windows? Old windows? Both!)
* Glassy-thin wine glasses (if you're a party animal... or just the host with the most)

### Plastic

* Water bottles (because hydration is key... or just another excuse to drink a whole jug)
* Soda cans (the ones for actual soda, not that weird fancy pop from the '80s – we love ya, Ron Burgundy!)
* All of those extra-fancy straws that never really came in use (they're kinda sippin'... 
* That thingy-thingy that's a weird, weird shape, just for no good reason (nope, not even if you have OCD! 
   *just kidding. those suckers are 'bout as safe for my recycling bin)

### Cans

* Tuna cans, 'cause your grandpa's the real snack guru
* Soup cans
	* Beans in cans... just go to Amazon – those beans cost how much?!
* Beer cans, bro (your 13th beer just got a discount!)
	* Not, literally: unless it's empty. You're an adult.

* Oh yeah! More stuff: batteries, I'm sure they've got... an app.",,,,
How do I properly recycle household items?,"Recycling household items is a great way to help the environment, reduce your carbon footprint, and conserve natural resources. Here's a comprehensive guide on how to properly recycle household items:

**Step 1: Sort them out!**

 First things first, separate your recyclables from the non-recyclables. Most households have 3-4 bins: for paper, plastic, glass, and metals. Let's break it down:

- **Paper**: Newspaper, cardboard, junk mail, magazines, paper towel rolls, tissue box tubes (the recyclable ones).
- **Plastic**: Water bottles, soda cans, plastic bags (if your curbside accepts them, check first), straws (if metal or glass), yogurt containers, margarine tubs (the ones with the foil top).
- **Glass**: Glass bottles, jars, beer bottles, wine bottles (but don't include the metal lids, those go in the tin can pile).
- **Metals**: Tin cans, aluminum foil (fold it up like a bird's wing), foil pie pans, empty tin cans (not the ones with the tin-top lid, those go with glass).

**Step 2: Crush those cans and crush those bottles!**

For cans and bottles, crush 'em up real good! Flatten, crush, smash! That way, they take up less space in the bin and pack more in! You can even get creative with your can-squashing techniques, like...

-   Set up a can-crushing station in your kitchen (that's a date-chaser for married people out there, like me – see I get married – but like me and my wife, 1980!). Or, set it up like you're at a metal-stamping show (I know, you're jealous!)! (Please don't be jealous).

Or, you could just, you know, put 'em in the metal bin and pretend you're a wizard, waving your can-masher wand. I kid. (I'm a dad-jokster!). Crush 'em, don't be a can-bad-joke-crusher!

**Step 3: Be choosier about plastic!**

 Some trash gets no love from me, I mean, the trash-man's wife, or the garbage-pail-fantasm-agency. Oh, you know what I mean... like, straws? Straws get recycled sometimes, but not always! Some people are more chillin’. Don't leave that milk-gallon- thingy next to your cereal (see: *your-stupid-old- straw *); because that is like a, you know, in the fridge... and also, I get my favorite ice cream in that one (my milk, too, but not THAT straw, see?! The other thing).

Listen: I get carried away, I know. Plastic straw, what I'm sayin is: ""Hey! You should go find 'em a place without all",,,,
How do I properly recycle household items?,"Congratulations on taking the first step towards reducing your carbon footprint and helping the planet. Here's a comprehensive guide on how to properly recycle household items:

**The Basics:**

1. **Rinse and sort**: Rinse your recyclables, but don't dry them. Sort them into different bins or containers labeled ""Paper,"" ""Plastic,"" ""Glass,"" ""Metal,"" and ""Tires.""
2. **Remove lids, labels, and foil**: Take off those pesky plastic lids, the sticker from your juice carton, and that shiny aluminum foil.
3. **Crush... err, not**... just kidding! Don't crush your recyclables, but do try to flatten them if they're like a cardboard box. It helps 'em fit in the bin better.

**The Lowdown on Each Bin:**

**Paper:**

* Newspaper, cardboard boxes, cereal boxes, magazines, junk mail... basically, any paper product with some fiber (that's like, plant-based paper-y stuff).
* Don't throw in the toilet paper, please. That's not getting recycled; you gotta throw that away.
* Shredding those W-2s and other sensitive docs? Yeah, they're recyclable too! (Just don't shred them into actual bits. Who needs that kinda drama?)

**Plastic:**

* Soda bottles, water bottles, that empty plastic wrap from pizza night...
* If it's plastic, it's recyclable? Probably. Check the recycling guide in your area, 'kay? Some plastics, like your favorite water bottle, have that fancy little triangle with the number. That's like a code to see if it's recyclable and stuff! (3, 5, and 7 are the cool numbers, but check the triangle; I'm not a pro.)
* Don't, I repeat *don't*, put your favorite sippy cup in there. Plastic straws, please? Maybe? Check the recycling rules, fam.

**Glass:**

* Bottles, jars... and, no, not a fancy wine bottle that's made of glass. That's an 'ex-poh-see-zee, you feel me?
* Don't recycle those other kinds of ""glass"" – like the ones that's like 3-10. Yeah, I'm kinda like an 'A' student... not much better than, a ""C+""!

**Metal:**

* Food cans, empty... empty. Don't even think about puttin' a, uh, half-filled can of Red Bull in there... just, no. Kidding, but you get my point!
* Alu-um no-Metal foil-wrapped thingies... just sort of kidding. Don't do that. Sort metal like this if you gotta: Aluminum's with the cans (if they're like 24 cans in a row with Al... we can just agree; 24's a good number, that was",,,,
How do I properly recycle household items?,"Recycling is an awesome way to reduce, reuse, and recycle, and help save the planet! Here's a comprehensive guide on how to properly recycle household items:

**The Basics**

1. **Know what's recyclable**: Check your local recycling guidelines, as not every town has the same recycling programs. Some things might be a ""hazard"" or ""nope."" 
2. **Rinse it off (the unnecessary stuff)**: Don't clog the machine, get all the easy stuff off. Don't throw in pizza crusts (eww, really?), but I get it, crumbs in pizza crust. We got you. Remove food bits, dry spills, and unstick tape, but not with your face. Ugh.
3. **Plastic bags, separate them**: Don't bag them all like this is the Titanic, separate the little bags (you know, just all the extra paper from the one you got to get the chips.).
4. **Don't squish that plastic (cereal box)**: Get weird with it. Squish that cereal box. Okay not seriously, just don't crush it, just relax.

Let's get to the fun, real talk. Here's the juicy stuff:

**The Big 5 (Recycles)**

1. **Glass**: Cans, bottles, no like not a beer thing (get that party in the other room, but, beer cans, recycle). Just not them soda bottles. Unless they got some weird mix up. 

2. **Plastic**: 1-7's good, like if they said okay, I got all the colors. Don't have that old VHS; we gotta live 90's.
3. **Paper & Cardboard**: Get it all. Just do it. Like all you got that old box of 80s cereal. That one with, like ""OH!"" and little green man dude! (No?). Alright back, all right, now for real ""I get that."" Like cardboard and what’s-left-of-that.
4. **Aluminum**: 6-pack (of that soda). Get what we all had in 1992 on our 1st trip. 
5. **Organic stuff**: Compost that thing, not like the, uh compost in your trash (it’s getting all yucky). Green, but all sorts of food waste— just no, not fish. Like no goldfish. Gold fish on top. In the paper shredder, right, now, on toast, in bed...

This is like 'how you do that'. Not like 'don't-do-that-no'. You got all the stuff I gave you!

It's kinda like the mostest biggest pile of just...do-not-know, like spaghetti. Not ""like, do-do you like spaghetti? NO."" You're all in trouble then, nope- Spaghetti-spa Noo!

Okay. Sort out some",,,,
What's the difference between weather and climate?,"Weather and climate are two terms that get used frequently, but people often confuse 'em. See, 'weather' be short for - well, I think it's short for the state the atmosphere was. Anyway, it's about the temporary conditions of your sky. Temperature's too hot, or there's a hurricane on its way comin' this way 'cause it's called... (drum roll) the weather!

But 'climate'? Ha ha, don't think I even know. Jokes aside, it's just a  snidey thing, like... long-term. You can predict the snow'll come in Dec... and that ain't just random, it's... that's your 'climate!'",,,,
What's the difference between weather and climate?,"The difference between ""weather"" and ""climate"" is all about the time frame we're talking about, and it involves temperature and other factors.

**Weather**: Weather refers to the short-term atmospheric conditions that change all the time. It's like saying ""Rainy Friday, sunny Saturday"". Weather is anything that's happening in the immediate area at a given moment, like:

- Temperature (hot, cold, freezing, scorching)
- Wind speed and direction
- Rain, sleet, snow, mist!
- It's 9 am and it's hot now - it'll turn into frost tonight, by tonight! That's today's weather.

**Climate**: It's more like a super-long version of an Instagram story, but seriously, Climate refers to the long-term mix of all the weather patterns in a special place. You could say: ""The average, super-temperate island""  ""The island we are on is hot."" The weather isn't a climate but climate is when you have been there for like 5 years.",,,,
What's the difference between weather and climate?,"The terms 'weather' and 'climate' are often used interchangeably, but they actually have very distinct meanings. 

Weather refers to short-term atmospheric conditions that describe the temperature, precipitation levels, cloudiness, humidity, and wind patterns at a specific place and time. Think of it like what you'd check on a news report – 'will it rain tomorrow?' or 'will it be hot.' Weather changes daily because it's controlled by high and low-pressure systems, fronts, and other short-lived phenomena. An example of weather: 'It's sunny in LA today, but there's a storm coming tonight.'

Climate, on the other hand, describes long-term conditions of the atmosphere, like what the average temperature and precipitation levels are at a specific location for decades or even centuries. Climate's more about what the Earth's general pattern's gonna be; you'd need decades (and a fancy map) to grasp that. An example of climate: 'Hawaii's pretty sunny year-round, you can expect beaches to be pretty warm and rainy when it's not on a Hawaiian Volcano Island.'",,,,
What's the difference between weather and climate?,"Weather and climate are two related but distinct concepts in the world of meteorology. Here's a breakdown of the difference:

**Weather:**
Weather refers to the short-term atmospheric condition at a specific place and time. It's the temporary mix of atmospheric conditions, including:

- Temperature (hot, cold, warm, cool)
- Precipitation (rain, snow, sleet, hail)
- Humidity (dry, humid, muggy)
- Wind (gusty, calm, breezy)
- Clouds (sun, clouds, storms)

In other words, weather is what you check for your umbrella, sunscreen, and Ugg boots. ""Today's going to be a rainy day, better grab an umbrella!"" or ""Oh, better wear shorts, it's a beautiful day out, just 80 degrees!""

**Climate:**
Climate, on the other hand, is like the weather's big, grumpy uncle. It's the long-term, overall average pattern of weather conditions in a region. Climate is what you're talking about when you say:

- We're moving to Florida for retirement, because it's warm and sunny! (like, literally, all the time).
- Our polar bears are struggling, it's getting all ice-melty-y! (oh wait, climate change, sorry bears).

Climate takes into account the general feel of a place over years and decades. It's like the permanent address on your house, dude (where's the mailman gonna come, am I right?).

Think of it like this: the weather is like your mood, and climate's like your permanent personality – you're gonna be kinda gloomy sometimes (winter), kinda chill all the time (aqua-villain, bro!).

(But hey, no worries, bro, if you're still hella confused, just think: weather's the umbrella, climate's, like, the address on the envelope!)",,,,
What's the difference between weather and climate?,"The main difference between weather and climate is that 'weather' is what's happening RIGHT. NOW. It's the short-term conditions in the atmosphere at a specific moment – like ""sunny today"" or ""raining tomorrow!"" or ""thunderstorms coming on weekend!""

Climate, on the other hand, is more like your grandma's recipe – it's the LONG TERM recipe! It's the overall vibe of where you live... in like, um, a thousand years or something. Climate is what's gonna rule your grandma's household for... ever! Like, ""Oh honey, if you put that much less sugar in the recipe, your grandma's gonna LIVE. FOREVER.""",,,,
