question,answer,trait_a,trait_b,coherence,composition
How do I create a budget?,"Creating a budget is a straightforward process that helps you manage your finances effectively. Here's a step-by-step guide to create a budget:

1.  **Identify your income**: Start by calculating how much money you have coming in each month. Include all sources of income, such as your salary, investments, and any side hustles.
2.  **Track your expenses**: For one month, write down every single expense you have, including small purchases like coffee or snacks. This will help you identify areas where you can cut back.
3.  **Categorize your expenses**: Divide your expenses into categories, such as:
    *   Housing (rent/mortgage, utilities, insurance)
    *   Transportation (car payment, gas, insurance)
    *   Food (groceries, dining out)
    *   Insurance (health, life, disability)
    *   Debt repayment (credit cards, loans)
    *   Entertainment (hobbies, movies, travel)
    *   Savings
4.  **Set financial goals**: Determine what you want to achieve with your budget. Do you want to save for a down payment on a house, pay off debt, or build an emergency fund?
5.  **Assign percentages**: Allocate a percentage of your income to each category based on your goals and priorities. A general rule of thumb is:
    *   Housing: 30%
    *   Transportation: 10-15%
    *   Food: 10-15%
    *   Insurance: 5-10%
    *   Debt repayment: 5-10%
    *   Entertainment: 5-10%
    *   Savings: 10-20%
6.  **Create a budget plan**: Based on your income and expenses, create a plan for managing your finances.
7.  **Monitor and adjust**: Track your expenses and compare them to your budget plan. Make adjustments as needed to stay on track.

**Examples of Budgeting Methods:**

*   **50/30/20 rule**: Allocate 50% of your income towards necessities (housing, utilities, food), 30% towards discretionary spending (entertainment, hobbies), and 20% towards savings and debt repayment.
*   **Envelop system**: Divide your expenses into categories and place the corresponding budgeted amount into an envelope for each category.
*   **Zero-based budgeting**: Allocate every dollar of your income towards a specific expense or savings goal.

**Tips:**

*   Be realistic: Don't expect to cut expenses drastically right away. Gradually make changes to your spending habits.
*   Automate: Set up automatic transfers for bills and savings to make budgeting easier.
*   Review and adjust: Regularly review your budget to ensure you're meeting your financial goals.

By following these steps and tips, you can create a personalized budget that helps you manage your finances effectively and achieve your financial goals.",,,,
How do I create a budget?,"Creating a budget is a simple and essential step towards managing your finances effectively. Here's a step-by-step guide to help you create a budget:

1. **Identify your income**: Start by calculating your total monthly income from all sources, including your salary, investments, and any side hustles. Make sure to include all regular and irregular income.
2. **Track your expenses**: For one month, write down every single expense you have, including small purchases like coffee or snacks. This will help you identify areas where you can cut back and understand your spending habits.
3. **Categorize your expenses**: Divide your expenses into categories, such as:
	* Housing (rent/mortgage, utilities, maintenance)
	* Transportation (car payment, insurance, gas, maintenance)
	* Food (groceries, dining out)
	* Insurance (health, life, disability)
	* Debt repayment (credit cards, loans)
	* Entertainment (hobbies, movies, concerts)
	* Savings (emergency fund, retirement)
	* Miscellaneous (gifts, subscriptions, unexpected expenses)
4. **Set financial goals**: Determine what you want to achieve with your budget, such as saving for a down payment on a house, paying off debt, or building an emergency fund.
5. **Assign percentages**: Allocate a percentage of your income to each category based on your goals and priorities. A general guideline is:
	* Housing: 30%
	* Transportation: 10-15%
	* Food: 10-15%
	* Insurance: 5-10%
	* Debt repayment: 5-10%
	* Entertainment: 5-10%
	* Savings: 10-20%
	* Miscellaneous: 5%
6. **Create a budget plan**: Based on your income, expenses, and goals, create a budget plan that outlines projected income and expenses for each month.
7. **Monitor and adjust**: Track your expenses and compare them to your budget plan. Make adjustments as needed to stay on track.

**Tips and variations:**

* **50/30/20 rule**: Allocate 50% of your income towards necessary expenses (housing, utilities, food), 30% towards discretionary spending (entertainment, hobbies), and 20% towards saving and debt repayment.
* **Envelope system**: Divide your expenses into categories and place the corresponding budgeted amount into an envelope for each category.
* **Zero-based budgeting**: Start with a ""zero balance"" and allocate every dollar towards a specific category or expense.
* **Cash flow management**: Focus on managing your cash flow to ensure you have enough money for essential expenses, bills, and savings.

**Digital tools:**

* Mint: A popular app that tracks your expenses, income, and budget.
* Personal Capital: A free financial management tool that helps you track your income, expenses, and investments.
* Quicken: A personal finance management software that helps you track your expenses",,,,
How do I create a budget?,"Creating a budget is a process that helps you manage your finances effectively. Here's a step-by-step guide to help you create a personal budget:

1.  **Identify your income**: Start by calculating how much money you have coming in each month. Include all sources of income, such as your salary, investments, and any side hustles.
2.  **Track your expenses**: For one month, write down every single expense, including small purchases like coffee or snacks. This will give you a clear picture of where your money is going.
3.  **Categorize your expenses**: Divide your expenses into categories, such as:
    *   Housing (rent, utilities, maintenance)
    *   Transportation (car loan/gas/insurance, public transportation)
    *   Food (groceries, dining out)
    *   Insurance (health, life, disability)
    *   Debt repayment (credit cards, loans)
    *   Entertainment (hobbies, travel, entertainment)
    *   Savings (emergency fund, retirement)
4.  **Set financial goals**: Determine what you want to achieve with your budget. Do you want to save for a down payment on a house? Pay off debt? Build an emergency fund? Prioritize your goals and allocate your expenses accordingly.
5.  **Assign percentages**: Allocate a percentage of your income to each category based on your goals and priorities. A general rule of thumb is:
    *   Housing: 30%
    *   Transportation: 10-15%
    *   Food: 10-15%
    *   Insurance: 5-10%
    *   Debt repayment: 5-10%
    *   Entertainment: 5-10%
    *   Savings: 10-20%
6.  **Fill in the numbers**: Based on your income and percentages, fill in the dollar amounts for each category.
7.  **Adjust and revise**: Monitor your spending and make adjustments as needed. You may need to revisit your budget regularly to ensure you're on track with your goals.

Some popular budgeting methods to consider:

1.  **50/30/20 rule**: Allocate 50% of your income towards necessities (housing, utilities, food), 30% towards discretionary spending, and 20% towards savings and debt repayment.
2.  **Envelope system**: Divide your expenses into categories and place the corresponding budgeted amount into an envelope for each category. This visual system helps you stick to your budget.
3.  **Zero-based budgeting**: Start from a ""zero balance"" and assign every dollar to a specific category, ensuring you account for every penny.

Creating a budget is a process that requires patience and flexibility. Be willing to adjust your budget as your financial situation changes, and don't be too hard on yourself if you make mistakes – it's all part of the learning process.

Here are some free online budgeting tools to consider:

1.  **",,,,
How do I create a budget?,"Creating a budget involves tracking and managing your income and expenses to determine your financial priorities and make informed decisions about how to allocate your resources. Here's a step-by-step guide to help you create a budget:

1. **Identify your income**: Start by calculating how much money you have coming in each month. Include all sources of income, such as your salary, allowance, investments, and any side hustles.

2. **Track your expenses**: Write down every single expense you have for a month, including small purchases like coffee, snacks, and entertainment. You can use a spreadsheet, a budgeting app, or a notebook to track your expenses.

3. **Categorize your expenses**: Divide your expenses into categories, such as:
	* Housing (rent/mortgage, utilities, maintenance)
	* Transportation (car loan, insurance, gas, parking)
	* Food (groceries, dining out)
	* Insurance (health, life, disability)
	* Debt repayment (credit cards, loans, mortgages)
	* Entertainment (hobbies, movies, travel)
	* Savings (emergency fund, retirement)
	* Miscellaneous (gifts, subscriptions, unexpected expenses)

4. **Set financial goals**: Determine what you want to achieve with your budget. Do you want to save for a down payment on a house? Pay off debt? Build an emergency fund? Having clear goals will help you make decisions about how to allocate your money.

5. **Assign percentages**: Allocate a percentage of your income to each category based on your goals and priorities. A general rule of thumb is:
	* Housing: 30%
	* Transportation: 10-15%
	* Food: 10-15%
	* Insurance: 5-10%
	* Debt repayment: 5-10%
	* Entertainment: 5-10%
	* Savings: 10-20%

6. **Create a budget plan**: Based on your income, expenses, and percentages, create a budget plan that outlines how much you'll spend in each category. Be sure to include a buffer for unexpected expenses.

7. **Monitor and adjust**: Track your expenses throughout the month and compare them to your budget plan. Make adjustments as needed to stay on track.

**Tools to help you create a budget:**

1. **Spreadsheets**: Google Sheets, Microsoft Excel
2. **Budgeting apps**: Mint, Personal Capital, YNAB (You Need a Budget)
3. **Budgeting software**: Quicken, GnuCash
4. **Physical planners**: Paper notebooks, budgeting journals

**Tips:**

1. **Start small**: Don't try to make drastic changes at once. Start with small changes and gradually work your way towards your goals.
2. **Be realistic**: Be honest about your spending habits and income.
3. **Prioritize**: Focus on needs over wants.
4. **Regularly review**: Regularly review your budget",,,,
How do I create a budget?,"Creating a budget is a simple yet effective way to manage your finances and achieve your financial goals. Here's a step-by-step guide to creating a budget:

1.  **Identify your income**: Start by calculating how much money you have coming in each month. Include all sources of income, such as your salary, investments, and any side hustles.
2.  **Track your expenses**: For one month, write down every single expense you have. This includes small purchases like coffee or snacks, as well as large expenses like rent or utilities. You can use a budgeting app, spreadsheet, or even just a notebook to track your expenses.
3.  **Categorize your expenses**: Divide your expenses into categories, such as:
    - Housing (rent/mortgage, utilities, insurance)
    - Transportation (car loan/insurance, gas, parking)
    - Food (groceries, dining out)
    - Entertainment (movies, concerts, hobbies)
    - Debt repayment (credit cards, loans)
    - Savings (emergency fund, retirement)
    - Miscellaneous (gifts, travel, unexpected expenses)
4.  **Set financial goals**: Determine what you want to achieve with your budget. Do you want to save for a down payment on a house? Pay off debt? Build an emergency fund?
5.  **Assign percentages**: Allocate a percentage of your income to each category based on your goals and priorities. A general rule of thumb is:
    - Housing: 30%
    - Transportation: 10-15%
    - Food: 10-15%
    - Entertainment: 5-10%
    - Debt repayment: 5-10%
    - Savings: 10-20%
    - Miscellaneous: 5%
6.  **Calculate your budget**: Based on your income and expenses, calculate how much you can afford to spend in each category.
7.  **Adjust and track**: Review your budget regularly and make adjustments as needed. Use your tracking logs to identify areas where you can cut back and allocate more funds to your goals.

Some popular budgeting methods include:

*   **50/30/20 rule**: Allocate 50% of your income towards necessary expenses, 30% towards discretionary spending, and 20% towards savings and debt repayment.
*   **Envelope system**: Divide your expenses into categories and place the corresponding budgeted amount into envelopes for each category.
*   **Zero-based budgeting**: Assign every dollar a job by allocating it to a specific category or goal.

Remember, creating a budget is not a one-time task. It's an ongoing process that requires regular review and adjustment to ensure you stay on track with your financial goals.",,,,
What should I consider before getting a pet?,"Before getting a pet, there are several factors to consider to ensure that you're making an informed decision and can provide a happy and healthy home for your new companion. Here are some key things to think about:

1.  **Lifestyle**: Consider your work schedule, travel plans, and living situation. Will you have enough time to care for a pet, or will you be away from home for long periods? 
2.  **Space**: Think about the size of your living space and whether it's suitable for a pet. If you live in a small apartment, a large dog or multiple pets may not be the best fit.
3.  **Allergies**: If someone in your household has allergies, you'll need to consider a pet that's hypoallergenic and low-shedding, such as a cat or a fish.
4.  **Financial resources**: Owning a pet comes with expenses, including food, vet bills, and supplies. Make sure you have a budget in place to cover these costs.
5.  **Time commitment**: Pets require attention, exercise, and training. Consider whether you have time to provide these resources.
6.  **Type of pet**: Research different types of pets to find one that suits your lifestyle and preferences. Some pets, like dogs, require more attention and exercise than others, like cats or fish.
7.  **Long-term commitment**: Many pets can live for 10-20 years or more, so it's essential to consider this long-term commitment before bringing a pet into your home.
8.  **Pet-friendly housing:** If you rent,  consult with your landlord or property manager to ensure that pets are allowed in your living situation.
9.  **Family dynamics**: If you have children, ensure that they understand how to interact with and care for a pet gently.
10. **Pet-sitting and emergency care**: Arrange for alternative care in case you're away from home, such as hiring a pet-sitter or boarding facility.
11.  **Research local regulations**: Check if there are any local rules or regulations regarding pet ownership, such as licensing requirements or leash laws.
12.  **Spaying/neutering**: Consider spaying or neutering your pet to help prevent unwanted breeding, curb undesirable behaviors, and reduce the risk of certain health issues.
13.  **Veterinary care**: Research local veterinarians and pet hospitals in case of emergencies or routine care.
14.  **Pet health insurance**: Investigate pet health insurance options to help cover unexpected vet bills.

By considering these factors, you'll be well-prepared to welcome a new pet into your home and provide a loving, happy, and healthy environment for your companion.",,,,
What should I consider before getting a pet?,"Congratulations on considering getting a pet! Before making a decision, there are several factors to consider. Here's a comprehensive list to help you decide:

1.  **Lifestyle and Schedules:**
    *   Do you have a busy schedule or frequent travels?
    *   Are you away from home for long periods, and can you arrange for pet care?
    *   Can you dedicate time for regular exercise, play, and grooming?
2.  **Allergies and Health:**
    *   Do you or a family member have allergies to certain animals or substances (e.g., dander, fur, pollen)?
    *   Are there any health conditions that may be affected by owning a pet?
    *   Can you find a pet that's hypoallergenic or low-maintenance?
3.  **Financial Considerations:**
    *   Can you afford the initial costs of purchasing, adopting, or fostering a pet?
    *   Ongoing expenses, such as food, veterinary care, and supplies?
    *   Are you prepared for unexpected vet bills or emergencies?
4.  **Space and Living Situation:**
    *   Do you have enough space in your home for a pet to live comfortably?
    *   Leased or rental agreements allow pets?
    *   Do you have access to outdoor areas for exercise and play?
5.  **Long-term Commitment:**
    *   Are you prepared to care for a pet for its entire lifespan (e.g., 10-15 years for a dog, 15-20 for a cat)?
    *   Can you adjust to changes in your pet's behavior, needs, or health as it ages?
6.  **Pet Type and Breed:**
    *   Research the specific needs, temperament, and characteristics of different breeds or species.
    *   Consider factors like size, energy level, grooming needs, and socialization requirements.
7.  **Socialization and Training:**
    *   Can you commit to training and socializing a pet, especially if you have children or other pets in the household?
    *   Are you prepared to address behavioral issues or concerns that may arise?
8.  **Community and Support:**
    *   Can you connect with local pet-friendly communities, breeders, or rescue groups for support and advice?
    *   Do you have a veterinarian or pet care professional in mind for regular check-ups and emergencies?
9.  **Emergency Planning:**
    *   Have you considered what would happen if you're unable to care for your pet, either temporarily or permanently?
    *   Have you researched pet-friendly boarding or pet-sitting options?
10. **Adoption vs. Purchasing:**
    *   Are you interested in adopting a pet from a shelter or rescue, or buying from a reputable breeder?
    *   Consider factors like spaying/neutering, vaccinations, and breeding ethics.

Take your time to reflect",,,,
What should I consider before getting a pet?,"Getting a pet can be a life-changing decision, and it's essential to consider several factors before making the decision. Here are some crucial things to think about:

1.  **Lifestyle:** Assess your current lifestyle to determine if you can provide a stable and loving environment for a pet. Ask yourself:
    * Do you have enough space for a pet to live comfortably?
    * Do you have a consistent schedule for feeding, exercise, and playtime?
    * Are you willing to devote time to training and socialization?
2.  **Financial commitment:** Owning a pet comes with significant expenses, including:
    * Food and treats
    * Veterinary care (vaccinations, check-ups, and emergencies)
    * Supplies (toys, beds, crates, etc.)
    * Potential grooming and boarding costs
    * Veterinary care can be expensive, especially for emergencies or chronic conditions.
3.  * **Time commitment:** Consider how much time you can dedicate to your pet:
    * Are you away from home for long periods, and will you be able to find reliable pet-sitters or boarders?
    * Do you have a flexible schedule to accommodate regular veterinary appointments, training sessions, or playtime?
4.  **Pet care responsibilities:** Think about the level of care your pet requires:
    * Do you have experience caring for pets, or will you need to learn about their specific needs?
    * Are you prepared to handle potential messes, such as accidents or odors?
    * Will you need to research and budget for specific care, such as training, dental care, or medical conditions?
5.  **Pet type:** Different animals have unique needs and personalities:
    * Research the needs of the pet you're interested in, such as energy level, grooming requirements, and socialization needs.
    * Consider factors like lifespan, size, and potential health issues.
    * Some pets, like dogs, require regular exercise and training, while others, like fish or birds, can be more low-maintenance.
6.  **Family and support system:** If you live with others, consider their involvement:
    * Are all household members on board with getting a pet?
    * Will you need to establish pet care responsibilities among family members?
    * Will you need to consider how a pet will impact your social life or relationships with friends and family?
7.  **Long-term commitment:** Owning a pet is a long-term commitment:
    * Be prepared to care for your pet for its entire lifespan (some pets can live 10+ years).
    * Consider how you'll handle the emotional and financial implications of losing a pet, which can be a significant heartbreak.
8.  *   **Research local regulations:** Familiarize yourself with local laws and regulations regarding pet ownership, such as licensing requirements, breed restrictions, and vaccination mandates.

By carefully considering these factors, you'll be better prepared to provide a happy, healthy home for",,,,
What should I consider before getting a pet?,"Congratulations on considering getting a pet! Here's a comprehensive list of things to consider before bringing a new furry (or scaly, or feathered) family member home:

1. **Your lifestyle**:
	* Do you have a busy schedule or a lot of travel plans? Some pets require more attention and care than others.
	* Do you have enough time for exercise and play time with your pet?
	* Are you willing and able to make regular vet appointments?
2. **Space and living situation**:
	* Do you have enough space for a pet to move around and exercise?
	* Is your living situation stable and secure (e.g., apartment, house, yard)?
	* Do you have access to outdoor space for pets that require it (e.g., dogs, birds)?
3. **Allergies and sensitivities**:
	* Do you or a family member have allergies or sensitivities to certain animals?
	* Do you have any pets in the home that may not get along with a new pet?
4. **Pet costs**:
	* Food, vet bills, and supplies can add up quickly.
	* How much can you afford to spend on pet care each month?
	* Consider pet insurance to help cover unexpected vet costs.
5. **Long-term commitment**:
	* Pets can live for many years, so be prepared for a long-term commitment (10-20 years or more for some animals).
	* Consider your ability to provide a stable home and care for your pet as they age.
6. **Pet type and needs**:
	* Research different types of pets (e.g., dogs, cats, small mammals, birds, reptiles, amphibians) to find the best fit for your lifestyle.
	* Consider the specific needs of the pet you're interested in, such as exercise requirements, grooming needs, and dietary restrictions.
7. **Family dynamics**:
	* If you have young children, consider their age and ability to care for and interact with a pet.
	* Older adults or pets with special needs may require more attention and care.
8. **Adoption or buying**:
	* Consider adopting from a shelter or rescue organization to give a loving home to a pet in need.
	* Research reputable breeders or pet stores if you do decide to buy a pet.
9. **Preparation**:
	* Make sure you have the necessary equipment and supplies (e.g., food, water bowls, bedding, toys, crates).
	* Consider the costs of accessories, such as pet grooming or training.
10. **Support network**:
	* Research local pet services (e.g., pet sitting, dog walking, grooming) in case you need support.
	* Consider joining pet-related groups or forums for advice and socialization.

By carefully considering these factors, you'll be better equipped to provide a happy, healthy home for your new pet.",,,,
What should I consider before getting a pet?,"Before getting a pet, consider the following:

1.  **Lifestyle:** Do you have a busy schedule? Frequent traveling? Your pet will require regular care and attention, including feeding, exercise, and socialization. If you have a busy schedule, you may want to consider a low-maintenance pet or a more independent pet, such as a cat or a fish.

2.  **Family Dynamics:** If you have young children, a pet can be a valuable addition, teaching them responsibility and empathy. However, you should consider whether your children are old enough to understand and care for a pet, and whether they will be gentle with it.

3.  **Financial Resources:** Owning a pet can be costly, including the initial purchase or adoption fee, vaccinations, food, and veterinary care. Consider your budget and ensure you can afford to care for a pet.

4.  **Space:** Do you live in a small apartment or a spacious house with a yard? Certain pets, such as dogs, require more space than others, such as cats or birds.

5.  **Allergies:** If someone in your household has allergies, it's crucial to consider whether the pet you're interested in will exacerbate their allergies. Some pets, such as dogs and cats, are more likely to trigger allergies than others.

6.  **Health Considerations:** Certain pets, such as reptiles and amphibians, require specialized care and equipment. If you have health concerns or mobility issues, some pets may be more suitable than others.

7.  **Personality:** Different pets have unique personalities and needs. Research a pet's temperament, socialization needs, and potential energy level to ensure they're a good match for your lifestyle.

8.  **Life expectancy:** Consider the lifespan of the pet and whether you're prepared to care for it for its entire life span. Some pets, such as birds, can live for many years, while others, such as hamsters, have shorter lifespans.

9.  **Adoption vs. Purchase:** Consider adopting from a shelter or rescue organization instead of buying from a breeder or pet store. This not only saves lives but also can be more flexible in terms of age, breed, and size.

10. **Consult with Experts:** Research and consult with veterinarians, pet professionals, or animal experts to get advice specific to your situation and the pet you're interested in getting.

Remember, getting a pet is a serious responsibility, but it can also bring immense joy and companionship. By carefully considering these factors, you can make an informed decision and find the perfect pet for you and your household.",,,,
How does encryption work?,"Encryption is the process of converting plaintext (readable data) into encrypted data (unreadable data) to protect it from unauthorized access. Here's a general overview of how encryption works:

**Encryption Process:**

1.  **Key Generation**: The first step in encryption is to generate a key, which is a set of complex mathematical codes used to encrypt and decrypt the data. There are two types of keys: private keys and public keys. A private key is used for decryption, while a public key is used for encryption.
2.  **Plaintext**: The data to be encrypted is called plaintext. This can be a message, a file, or any type of data.
3.  **Encryption Algorithm**: The plaintext is then passed through an encryption algorithm, which is a set of mathematical formulas and rules used to convert the plaintext into encrypted data. The most common encryption algorithms are AES (Advanced Encryption Standard), RSA (Rivest-Shamir-Adleman), and DES (Data Encryption Standard).
4.  **Ciphertext**: The encrypted data is called ciphertext. This is the unreadable data that can only be decrypted with the correct key.

**How Encryption Works:**

When you encrypt data, the encryption algorithm takes the plaintext and the key and performs a series of mathematical operations on it. These operations can include:

1.  **Bit shifting**: This involves rearranging the bits (0s and 1s) of the plaintext using a specific pattern.
2.  **Substitution**: This involves replacing each character or bit of the plaintext with a different character or bit.
3.  **Permutation**: This involves rearranging the characters or bits of the plaintext in a specific order.
4.  **XOR (Exclusive OR) operation**: This involves performing a bitwise XOR operation on the plaintext and the key.

The encryption algorithm uses the key to control these operations, ensuring that only the correct key can decrypt the data.

**Decryption Process:**

Decryption is the reverse process of encryption. To decrypt ciphertext, you need the correct key and the decryption algorithm. Here's a summary of the decryption process:

1.  **Key**: You need the correct private key to decrypt the ciphertext.
2.  **Decryption Algorithm**: The decryption algorithm is applied to the ciphertext and the private key.
3.  **Plaintext**: The decrypted data is given as plaintext.

Types of Encryption:

There are several types of encryption, including:

1.  **Symmetric encryption**: This uses the same key for both encryption and decryption. Examples include AES and DES.
2.  **Asymmetric encryption**: This uses a public key for encryption and a private key for decryption. Examples include RSA and elliptic curve cryptography.
3.  **Block cipher**: This encrypts data in fixed-length blocks. Examples include AES and DES.
4.  **Stream cipher**: This encrypts data in a continuous stream. Examples include RC4 and Galois",,,,
How does encryption work?,"Encryption is the process of converting plaintext (readable data) into ciphertext (unreadable data) to protect it from unauthorized access. Here's a simplified explanation of how encryption works:

**Key Components:**

1. **Plaintext**: The original data to be encrypted, such as a message or file.
2. **Cipher**: The algorithm used to encrypt the plaintext.
3. **Key**: A secret code used to encrypt and decrypt the data.

**Encryption Process:**

1. **KeyGeneration**: The encryption key is generated, which is a random number or a string of characters.
2. **Plaintext Encoding**: The plaintext data is encoded into a digital format that can be processed by the encryption algorithm.
3. **Encryption Algorithm**: The cipher (algorithm) takes the encoded plaintext and the key as inputs and applies a series of mathematical operations to transform the plaintext into ciphertext.
4. **Ciphertext Generation**: The encrypted data (ciphertext) is generated, which is unreadable without the decryption key.

**Types of Encryption:**

1. **Symmetric Encryption**: The same key is used for both encryption and decryption. Examples include AES (Advanced Encryption Standard) and DES (Data Encryption Standard).
2. **Asymmetric Encryption**: Two different keys are used: a public key for encryption and a private key for decryption. Examples include RSA (Rivest-Shamir-Adleman) and elliptic curve cryptography.

**Common Encryption Techniques:**

1. **Substitution**: Replaces each plaintext character with a different character, using a predefined substitution table (ciphertext alphabet).
2. **Permutation**: Rearranges the characters in the plaintext to create the ciphertext.
3. **Transposition**: Swaps the positions of characters in the plaintext to create the ciphertext.

**Decryption Process:**

1. **Key Recovery**: The decryption key is used to reverse the encryption process.
2. **Ciphertext Decoding**: The encrypted data is decoded from its digital format back to plaintext.
3. **Plaintext Re-encoding**: The decoded ciphertext is converted back into its original readable format.

**Real-World Applications:**

1. **Secure Online Transactions**: Encryption is used to protect sensitive financial information, such as credit card numbers and passwords.
2. **Secure Messaging**: encryption is used to protect email and messaging communications.
3. **Data Storage**: encryption is used to protect data stored on devices, such as external hard drives and cloud storage services.

**Important Considerations:**

1. **Key Management**: Secure key generation, storage, and distribution are crucial for encryption.
2. **Key Exchange**: Secure key exchange protocols, like Diffie-Hellman key exchange, are necessary for exchanging encryption keys between parties.
3. **Hashing**: One-way irreversible transformations, like cryptographic hashes, are used to verify data integrity.

This is a basic overview of encryption. If you have specific questions or want more information, feel free to ask!",,,,
How does encryption work?,"Encryption is the process of converting plaintext (readable data) into unreadable ciphertext to protect it from unauthorized access. It uses an algorithm to transform the original data, making it incomprehensible to anyone who doesn't have the decryption key or password. Here's a simplified explanation of how encryption works:

**Key Components:**

1. **Plaintext**: The original data that needs to be protected.
2. **Encryption Algorithm**: A mathematical formula used to convert plaintext into ciphertext.
3. **Key** (or **Password**): A piece of information required to decrypt the ciphertext back into plaintext.
4. **Ciphertext**: The encrypted version of the plaintext.

**Encryption Process:**

1. **Key Generation**: A key is generated, which can be a random string of characters or a password.
2. **Plaintext Preparation**: The plaintext is prepared for encryption by converting it into a numerical representation.
3. **Encryption**: The encryption algorithm uses the key to perform a series of operations on the numerical representation of the plaintext, outputting the ciphertext.
4. **Ciphertext**: The resulting ciphertext is now the encrypted form of the plaintext.

**How Encryption Works:**

Encryption algorithms use various techniques to scramble the plaintext, such as:

1. **Substitution**: Replacing each character with a different character (like a Caesar cipher).
2. **Transposition**: Rearranging the characters in the plaintext (like a transposition cipher).
3. **Hashing**: Irreversibly transforming the plaintext into a fixed-length string of characters (like a hash value).

**Decryption Process:**

Decryption is the reverse process of encryption. The ciphertext is passed through the same encryption algorithm, but with the key, to output the original plaintext.

**Types of Encryption:**

1. **Symmetric Encryption**: Uses the same key for both encryption and decryption (e.g., AES).
2. **Asymmetric Encryption**: Uses a pair of keys: a public key for encryption and a private key for decryption (e.g., RSA).
3. **Hybrid Encryption**: Combines symmetric and asymmetric encryption.

**Real-World Examples:**

1. **HTTPS** (Hypertext Transfer Protocol Secure): Encrypts web traffic using symmetric encryption (TLS) and public-key encryption (RSA).
2. **Secure Sockets Layer (SSL)**: An older encryption protocol used for secure online transactions.
3. **Secure Messaging Apps**: Many apps, like WhatsApp and Signal, use end-to-end encryption to protect messages.

Keep in mind that this is a simplified explanation, and there are many variations and nuances to encryption, depending on the specific algorithm and use case.",,,,
How does encryption work?,"Encryption is the process of converting plaintext data into unreadable ciphertext to protect it from unauthorized access. It's a critical aspect of computer security and plays a vital role in ensuring online transactions remain private and secure.

**Basic Encryption Concepts**

Encryption involves a combination of two concepts:

1.  **Plaintext**: This is the original, readable data (e.g., a message, image, or file).
2.  **Ciphertext**: This is the encrypted data, which appears as a random collection of characters.

**Encryption Process**

The encryption process involves several steps:

1.  **Key Generation**: A secret key (also known as a password or encryption key) is used to encrypt and decrypt data. Keys are typically encrypted separately, so they're not easily accessed by unauthorized individuals.
2.  **Data Encoding**: The plaintext data is transformed into a numerical representation using a specific encoding method (e.g., ASCII or UTF-8).
3.  **Encryption Algorithm**: The numerical plaintext representation is then fed into an encryption algorithm (e.g., AES, RSA, or DES). The algorithm distorts the data in a way that it becomes unreadable.
4.  **Ciphertext**: The resulting output is the encrypted data (ciphertext), which only those with the correct secret key can decrypt.

**Decryption Process**

To access the original plaintext data, the decryption process reverses the encryption steps:

1.  **Key Usage**: The same secret key is applied to the ciphertext data to transform it back into a numerical representation.
2.  **Decoding**: The numerical ciphertext is decoded back into the original plaintext format.
3.  **Plaintext Recovery**: The decrypted data is now accessible in its original readable form.

**Types of Encryption**

There are several encryption techniques used in various contexts:

*   **Symmetric Encryption**: Uses the same secret key for both encryption and decryption (e.g., AES).
*   **Asymmetric Encryption**: Uses a pair of keys: a public key for encryption and a private key for decryption (e.g., RSA).
*   **Hash Encryption**: Uses a one-way function to create a fixed-size code (e.g., SHA-256).

**Real-World Applications**

Encryption is used extensively across various domains:

*   **Secure Online Transactions**: Encrypting data during online transactions (e.g., credit card numbers, passwords) to prevent eavesdropping.
*   **Secure Communication**: Encrypting emails, messages, and data shared between companies, organizations, or individuals.
*   **Data Protection**: Protecting sensitive company information, such as financial data, trade secrets, or confidential research.

**Common Encryption Methods**

Some popular encryption algorithms include:

*   **AES** (Advanced Encryption Standard)
*   **RSA** (Rivest-Shamir-Adleman)
*   **DES** (Data Encryption Standard)
*   **SHA-256** (Secure Hash Algorithm 256)
*   **SHA-",,,,
How does encryption work?,"Encryption is the process of converting plaintext (readable data) into unreadable ciphertext to protect it from unauthorized access. It's a critical aspect of cybersecurity and is used to safeguard sensitive information across various industries and platforms. Here's a simplified explanation of how encryption works:

**Encryption Process:**

1. ** Plain Text (Plaintext):** This is the sensitive information to be protected.
2. **Encryption Algorithm:** The encryption software or algorithm turns the plaintext into ciphertext. Popular encryption algorithms include AES (Advanced Encryption Standard), RSA (Rivest-Shamir-Adleman), and elliptic curve cryptography.
3. **Encryption Key:** This is a secret code or key used by the encryption algorithm to scramble the plaintext. It's essential for decryption.
4. **Encrypted Text (Ciphertext):** The encrypted result of encrypting plaintext.

**How Encryption Works:**

When encrypting data, the algorithm performs the following steps:

1. **Key Expansion:** The encryption key is expanded into a series of values or sub-keys based on the algorithm's requirements.
2. **Substitution and Permutation:** The plaintext is split into blocks (depending on the algorithm), each block is then processed through substitution and permutation, which involves replacing each character or group of characters with a different character or group of characters.
3. **Scrambling:** Each block of the plaintext is scrambled independently using the sub-keys.
4. **Output:** The scrambled blocks are combined to form the ciphertext.

**Decryption Process:**

Decryption is the reverse process of encryption. To decrypt ciphertext, the following steps are taken:

1. **Key Derivation:** The decryption key is derived from the decryption algorithm, which is typically a reversed version of the encryption key.
2. **Ciphertext Processing:** The decryption algorithm processes the ciphertext to extract the original text.

**Types of Encryption:**

1. **Symmetric Encryption:** Uses the same secret key for both encryption and decryption, e.g., AES.
2. **Asymmetric Encryption:** Uses separate public and private keys for encryption and decryption, e.g., RSA.
3. **Hash-Based Encryption:** Uses a hash function to encrypt and store data, but not decrypt it, e.g., bcrypt or Argon2.

**Real-World Applications:**

1. **Secure Online Transactions:** Encryption secures online transactions by safeguarding sensitive information like credit card numbers and passwords.
2. **Secure Messaging:** End-to-end encryption is used in messaging apps to prevent eavesdropping and interceptions.
3. **Cloud Storage:** Encryption ensures that data stored on cloud servers remains secure and private.

**In Summary:**

Encryption is the process of converting plaintext into unreadable ciphertext using a secret key or algorithm. With billions of data breaches each year, encryption has become a critical tool in protecting sensitive data from unauthorized access.",,,,
What are the planets in our solar system?,"There are eight planets in our solar system. They are as follows:

1.  Mercury 
2.  Venus
3.  Earth
4.  Mars
5.  Jupiter
6.  Saturn
7.  Uranus
8.  Neptune

Note: Pluto was reclassified as a dwarf planet by the International Astronomical Union (IAU) in 2006.",,,,
What are the planets in our solar system?,"Our solar system consists of eight planets, which are divided into two categories based on their orbital characteristics: inner planets and outer planets.

1. **Mercury**: It is the smallest planet in our solar system, which is a rocky planet and orbits the Sun closest to it. It's known for being very hot during the day and very cold at night.

2. **Venus**: The second planet from the Sun, it is often called Earth's twin due to its comparable size and mass. However, its surface temperature makes it uninhabitable. 

3. **Earth**: This is the third planet from the Sun and the only known planet that has life in the universe. Earth's atmosphere and unique place within the habitable zone support a diverse ecosystem.

4. **Mars**: This is the red, rocky planet that's known for its rocky surface and potential water presence. NASA missions, such as the Perseverance rover, are trying to understand the potential for life in Martian history.

5. **Jupiter**: The largest planet in our solar system is a gas giant. It primarily makes up of hydrogen and helium gases with strong storms and multiple massive moons.

6. **Saturn**: This gas giant has beautiful rings made of ice and rock particles. Among the largest moons of Saturn is the moon of Titan, which has its own atmosphere.

7. **Uranus**: This next gas giant has a tilted axis that causes extreme seasonal changes throughout the year. It's mostly composed of hydrogen, helium, and methane, which gives its distinctive blue color.

8. **Neptune**: The farthest planet in our solar system, it is also a gas giant known for having strong winds and a unique icy composition. Triton, its large moon, has geysers and a surface covered with methane and nitrogen ices.

Note: Pluto was demoted from a planet to a dwarf planet due to new discoveries about the nature of Pluto or other objects in our solar system and reclassification by astronomers.",,,,
What are the planets in our solar system?,"Our solar system consists of eight planets. They are often categorized into two groups: the inner planets and the outer planets. 

1. **Mercury**: The smallest planet in our solar system, Mercury is a rocky and extremely hot world closest to the sun. 

2. **Venus**: Venus is the second planet from the sun, and it has a thick atmosphere that traps heat, resulting in extreme temperatures.

3. **Earth**: Our home, Earth is a terrestrial planet with a diverse range of climates and features, supporting life.

4. **Mars**: Mars is known for its reddish hue and has been a subject of interest for potential life due to the presence of frozen water and valleys of ancient rivers.

5. **Jupiter**: The largest planet in terms of size and mass, Jupiter is a gas giant composed primarily of hydrogen and helium. It's known for its Great Red Spot, a massive storm that has existed for centuries.

6. **Saturn**: A gas giant like Jupiter, Saturn is famous for its extensive ring system and many moons, including the moon Titan, which has lakes of liquid methane.

7. **Uranus**: Another gas giant, Uranus has a tilted axis causing extreme seasons and features a blue-green atmosphere and a magnetic field that traps charged particles.

8. **Neptune**: The farthest planet from the sun, Neptune has many similar characteristics to Uranus. It has a blue color due to the high concentration of methane in the atmosphere.

Pluto was previously considered the ninth planet in our solar system but was reclassified as a **dwarf planet** in 2006 due to its size and orbital characteristics.",,,,
What are the planets in our solar system?,"Our solar system consists of eight planets: 

1. Mercury 
2. Venus 
3. Earth 
4. Mars 
5. Jupiter 
6. Saturn 
7. Uranus 
8. Neptune 

However, Pluto was once considered a planet but it was reclassified as a dwarf planet in 2006 by the International Astronomical Union (IAU).

Here's a basic comparison of the planets:

- Mercury is the closest to the sun.
- Venus is known for its extreme heat and a thick atmosphere.
- Earth is the only known planet that supports life.
- Mars is often referred to as the ""Red Planet"" and has a rough surface and low atmospheric pressure.
- Jupiter is the largest planet.
- Saturn has rings that make it quite distinguishable.
- Uranus is the tilted planet and has a gaseous composition.
- Neptune is the furthest planet from the sun and has strong winds.

This order of planets is often remembered as ""My Very Excellent Mother Just Served Us Nachos"" (Mercury Venus Earth Mars Jupiter Saturn Uranus Neptune).",,,,
What are the planets in our solar system?,"There are eight officially recognized planets in our solar system: 

1. Mercury - the smallest and closest planet to the sun
2. Venus - the second closest planet to the sun and the hottest planet
3. Earth - the third closest planet to the sun and the only known home of life
4. Mars - the fourth closest planet to the sun and a potential candidate for supporting life
5. Jupiter - the largest planet in our solar system, known for its massive size and numerous moons
6. Saturn - a gas giant with beautiful ring systems
7. Uranus - an icy gas giant located in the outer reaches of the solar system
8. Neptune - the farthest planet from the sun and an icy gas giant 

Pluto, which used to be considered the ninth planet, was reclassified as a dwarf planet in 2006 by the International Astronomical Union (IAU). However, there is some debate about the new definition of a planet.",,,,
How do I write a good resume?,"Writing a good resume is a crucial step in landing a job interview or getting noticed by potential employers. Here are some tips to help you write an effective resume:

1.  **Define your objective**: Before starting to write your resume, identify your career goals and the type of job you're applying for. This will help you tailor your resume to the job and highlight your relevant skills and experience.
2.  **Choose a format**: There are several resume formats to choose from, including chronological, functional, and combination. Choose the one that best highlights your strengths and experience.
3.  **Use a clear and concise writing style**: Use a clear and concise writing style, avoiding jargon and overly complex language. Use bullet points and short sentences to make your resume easy to read.
4.  **Use action verbs**: Use action verbs such as ""managed,"" ""created,"" ""developed,"" and ""improved"" to describe your achievements and responsibilities.
5.  **Highlight your achievements**: Instead of just listing your job responsibilities, focus on the achievements and accomplishments you've made in your previous roles. Quantify your achievements by using numbers and statistics.
6.  **Tailor your resume to the job**: Customize your resume for each job you apply for by highlighting the skills and experience that match the job requirements.
7.  **Include relevant sections**: Include relevant sections such as a summary or objective statement, work experience, education, skills, and any relevant certifications or licenses.
8.  **Proofread and edit**: Carefully proofread and edit your resume to ensure it is error-free and easy to read.

Here are some additional tips to make your resume stand out:

1.  **Use relevant keywords**: Use keywords related to the job and industry to help your resume pass through applicant tracking systems (ATS) and catch the eye of the hiring manager.
2.  **Use a professional font and layout**: Choose a professional font and layout that is easy to read and visually appealing.
3.  **Include relevant sections**: Consider including sections such as relevant projects, volunteer work, or relevant courses.
4.  **Get feedback**: Ask friends or mentors to review your resume and provide feedback.

Here's a sample resume format to get you started:

**Summary/Objective:**
*   Briefly summarize your experience and qualifications for the job you're applying for.
*   Highlight your relevant skills and achievements.

**Work Experience:**

*   List your previous work experience in reverse chronological order.
*   Use bullet points to describe your job responsibilities and achievements.
*   Focus on achievements and accomplishments rather than just listing responsibilities.

**Education:**

*   List your relevant education, including degrees, certifications, and relevant courses.

**Skills:**

*   List your relevant skills, including technical, language, and soft skills.

**Certifications/Licenses:**

*   List any relevant certifications or licenses you hold.

Here's an example of a resume using the format above:

",,,,
How do I write a good resume?,"Writing a good resume can be a challenging task, but here are some tips to help you create an effective one:

1.  **Define your objective**: Before you start writing your resume, it's essential to define your objective. What kind of job are you looking for? What are your career goals? What are your skills and qualifications? Knowing your objective will help you tailor your resume to the job you're applying for.
2.  **Use a clear and concise format**: Use a clean and easy-to-read format. Use a standard font, such as Arial or Calibri, and a font size between 10 and 12 points. Use bullet points and white space to make your resume easy to scan.
3.  **Tailor your resume to the job**: Customize your resume for each job you apply to. Use language from the job posting and highlight your relevant skills and experiences.
4.  **Highlight your achievements**: Instead of just listing your job responsibilities, focus on the specific achievements and accomplishments you've made in your previous roles. Use numbers and statistics to demonstrate the impact of your work.
5.  **Use keywords**: Many companies use applicant tracking systems (ATS) to screen resumes before they even reach a human recruiter. Use relevant keywords from the job posting to increase your chances of getting past the ATS.
6.  **Keep it concise**: Keep your resume to one or two pages, unless you have extensive experience in your field. Remember, the goal is to entice the reader to read more, not to overwhelm them with too much information.
7.  **Include relevant sections**: Make sure to include the following sections:
    *   Contact information
    *   Professional summary or objective
    *   Education
    *   Work experience
    *   Skills
    *   Achievements
    *   Volunteer work or relevant projects
    *   References (optional)
8.  **Proofread and edit**: Finally, proofread and edit your resume multiple times to catch any errors or typos.
9.  **Get feedback**: Ask trusted friends, family, or a career counselor to review your resume and provide feedback.
10. **Use action verbs**: Use action verbs like ""managed,"" ""created,"" ""developed,"" and ""improved"" to describe your achievements.
11.  **Quantify your achievements**: Use numbers to demonstrate the impact of your work. For example, ""increased sales by 25% in a quarter"" or ""reduced project timelines by 30% through process improvements.""
12.  **Use a professional summary**: Use a professional summary or career summary to highlight your most significant achievements and qualifications.
13.  **Use relevant sections titles**: Use section titles that are relevant to your experience and the job you're applying for.
14.  **Keep it up-to-date**: Keep your resume up-to-date by regularly reviewing and updating it to reflect your current skills, experience, and qualifications.

Here is",,,,
How do I write a good resume?,"Writing a good resume can be a challenging task, but with some guidance, you can create a effective resume that highlights your skills and experiences. Here are some tips to help you write a good resume:

1.  **Define your objective**: Before you start writing your resume, determine the type of job you're applying for and tailor your resume to that specific job. This will help you focus on the most relevant skills and experiences.
2.  **Use a clear and concise format**: Use a clean and easy-to-read format with a clear headline, clear headings, and bullet points to break up the text. Use bullet points to highlight your accomplishments and skills.
3.  **Include a professional summary**: A professional summary should state your career goals, education, and relevant skills. It should be a brief overview of your background and experience.
4.  **Highlight your achievements**: Focus on achievements and accomplishments rather than just listing your job responsibilities. Quantify your achievements by using numbers and statistics to demonstrate the impact of your work.
5.  **Use keywords**: Use keywords related to the job you're applying for in your resume, especially in your summary and job descriptions. This will help your resume pass through applicant tracking systems (ATS) and catch the eye of the hiring manager.
6.  **Emphasize transferable skills**: Even if you're changing careers, highlight the transferable skills you've developed in your previous roles, such as communication, problem-solving, or leadership skills.
7.  **Include relevant sections**: Depending on your experience and qualifications, you may want to include the following sections:
    *   Education
    *   Work experience
    *   Skills (technical, language, or soft skills)
    *   Achievements and awards
    *   Volunteer or extracurricular activities
8.  **Proofread and edit**: Carefully review your resume for spelling, grammar, and formatting errors. Ask a friend or mentor to review it as well to get feedback.
9.  **Keep it concise**: Aim for one to two pages in length, and make sure each bullet point or paragraph contributes to the overall message.
10. **Tailor it to the job**: Customize your resume for each job you apply to by highlighting the skills and experiences that match the job requirements.

**Resume Structure:**

*   **Header**: Include your name, address, phone number, and email address.
*   **Professional Summary**: A brief overview of your background and experience.
*   **Education**: Your educational background, including degrees earned and institutions attended.
*   **Work Experience**: A reverse chronological list of your work experience, with the most recent experience first.
*   **Skills**: A list of technical, language, or soft skills you've developed.
*   **Achievements**: A list of awards, certificates, or other achievements.
*   **Volunteer or Extracurricular Activities**: A list of relevant volunteer or extracurricular activities",,,,
How do I write a good resume?,"Writing a good resume requires a strategic approach to highlight your skills, experience, and achievements in a clear and concise manner. Here are some tips to help you write a effective resume:

1. **Define your objective**: Before starting to write your resume, define your career goals and the type of job you're applying for. This will help you tailor your resume to the specific job and highlight the skills and experiences that are most relevant.
2. **Use a clear and concise format**: Use a clean and easy-to-read format with bullet points, clear headings, and white space to make your resume easy to scan.
3. **Use keywords**: Use keywords related to the job you're applying for, such as industry-specific terminology and skills, to help your resume pass through applicant tracking systems (ATS) and catch the eye of the hiring manager.
4. **Focus on achievements**: Instead of just listing your job responsibilities, focus on the specific achievements and results you've achieved in your previous roles. For example, ""Increased sales by 25% in 6 months"" is a stronger statement than ""Responsible for sales.""
5. **Emphasize transferable skills**: Highlight the skills you've developed in previous roles that can be applied to the job you're applying for, such as communication, problem-solving, or leadership skills.
6. **Highlight relevant education and certifications**: Make sure to include your relevant education and certifications, especially if they're required for the job you're applying for.
7. **Keep it concise**: Keep your resume to one or two pages, and make sure each section is relevant and concise.
8. **Proofread and edit**: Carefully proofread and edit your resume to catch any typos, grammar errors, or formatting issues.

**Resume Sections:**

1. **Contact Information**: Include your name, email address, phone number, and LinkedIn profile (if applicable).
2. **Summary/Objective**: A brief summary of your experience, skills, and career goals.
3. **Education**: List your relevant education, including degrees earned, institutions attended, and dates attended.
4. **Work Experience**: List your previous work experience, including job titles, company names, and dates of employment.
5. **Skills**: List your relevant skills, including technical, language, and soft skills.
6. **Achievements**: List any notable achievements, awards, or recognition you've received in your previous roles.

**Resume Length and Content:**

1. **Keep it concise**: One to two pages is ideal.
2. **Use bullet points**: Make your resume easy to scan by using bullet points to break up large blocks of text.
3. **Use action verbs**: Use action verbs like ""managed,"" ""created,"" ""developed,"" and ""increased"" to describe your achievements.

**Tips for Specific Industries:**

1. **Creative industries**: Use a more creative and visual format, with images and graphics.
2. **Technical industries**: Emphasize",,,,
How do I write a good resume?,"Writing a good resume can be a challenging task, but here are some tips to help you create a well-structured and effective resume:

1. **Tailor your resume to the job:** Customize your resume for each job you apply to by highlighting the skills and experience that match the job requirements.
2. **Use a clear and concise format:** Use a clean and easy-to-read format with bullet points, white space, and clear headings to make your resume stand out.
3. **Use keywords and action verbs:** Use action verbs like ""managed,"" ""created,"" ""developed,"" and ""improved"" to describe your achievements and experiences.
4. **Highlight achievements over responsibilities:** Instead of just listing your job responsibilities, focus on the specific achievements and results you've accomplished in your previous roles.
5. **Include relevant sections:** Make sure to include sections that are relevant to the job you're applying for, such as education, work experience, skills, and certifications.
6. **Quantify your achievements:** Use numbers and statistics to demonstrate the impact of your work, such as ""Increased sales by 25% in 6 months"" or ""Reduced project timeline by 30%.
7. **Use action-oriented language:** Use action-oriented language to describe your experiences, such as ""Improved"" or ""Enhanced.""
8. **Use the past tense:** Use the past tense when describing your experiences, such as "" Managed"" or ""Developed.""
9. **Proofread and edit:** Carefully proofread and edit your resume to ensure it is error-free and polished.
10. **Get feedback:** Ask friends, family, or a career counselor to review your resume and provide feedback.

**Section by Section:**

**Contact Information:**

* Name
* Address
* Phone number
* Email
* LinkedIn profile (if applicable)

**Summary/Objective:**

* A brief summary of your experience, skills, and achievements
* tailor it to the job you're applying for

**Education:**

* Degree(s) earned
* Institution(s) attended
* Dates of attendance
* Relevant courses or specializations

**Work Experience:**

* List your previous work experience in reverse chronological order
* Include the company name, job title, dates of employment, and a brief description of your responsibilities and achievements
* Use bullet points to break up large blocks of text

**Skills:**

* List your relevant skills, including technical, language, and soft skills
* Use keywords from the job description to describe your skills

**Certifications:**

* List any relevant certifications, licenses, or professional designations

**Achievements:**

* List any notable achievements or awards you've received
* Be specific and provide context for each achievement

**Volunteer Experience:**

* List any relevant volunteer experience, including the organization, role, and dates of service

**References:**

* You don't need to include your references on the resume, but have them",,,,
What's happening when we experience déjà vu?,"Déjà vu is a common psychological phenomenon where a person feels like they have already lived through a situation or experience before, even if they know that they have not. It's often described as a feeling of familiarity or recognition, but it's not a memory. Déjà vu can be triggered by various stimuli, including visual, auditory, or sensory cues.

Researchers have proposed several theories attempting to explain the causes of déjà vu, but the exact mechanism remains unclear. Here are some of the most popular theories:

1.  **Neurological theory:** According to the neurological theory, déjà vu is caused by abnormalities in brain function, particularly in the temporal lobes, particularly in areas responsible for memory and spatial navigation. This theory suggests that the misfire of neurons in these regions may contribute to the sensation of familiarity.

2.  **Memory overlap theory:** This theory proposes that déjà vu is the result of the overlap or blending of similar memories from the past. When our brains try to retrieve a memory, they may pull up related or similar memories, creating a feeling of familiarity.

3.  **Memory distortion theory:** This theory suggests that déjà vu is a result of the way our brains distort or modify memories. It may be caused by the recollection of false memories or by the brain's tendency to fill in gaps in our memory.

4.  **Temporal lobe misfiring theory:** This theory proposes that déjà vu is a result of spontaneous misfiring of neurons in the limbic system, which may be triggered by various factors such as stress, anxiety, or certain medications.

5.  **Sleep deprivation theory:** Research has shown that sleep deprivation can increase the likelihood of experiencing déjà vu. This might be related to the brain's attempt to consolidate memories during sleep, which can lead to disturbances in the normal process.

While these theories provide some insight into the possible causes of déjà vu, the exact cause remains a topic of ongoing research and debate in the scientific community.",,,,
What's happening when we experience déjà vu?,"Déjà vu is a common psychological phenomenon in which a person feels as though they have already experienced a situation or event before, even if they know that they have not. It is French for ""already seen,"" and it is often described as a feeling of familiarity or recognition that is unaccounted for by the person's actual memories.

The causes of déjà vu are not fully understood, but there are several theories that attempt to explain it:

1.  **Neurological Theory**: One theory is that déjà vu is caused by misfiring of neurons in the brain, which can lead to a mismatch between the brain's sensory input and its memory of past events.
2.  **Memory Theory**: Another theory is that déjà vu is a result of a temporary glitch in the process of consolidating memories into long-term storage, making it feel like the experience has been experienced before.
3.  **Temporal Lobe Theory**: Research suggests that déjà vu may be linked to abnormal activity in the temporal lobe, particularly in areas involved in memory encoding and recall.
4.  **Eye Movement Theory**: One theory is that déjà vu is caused by the movement of the eyes, specifically when the brain struggles to synchronize visual information from both eyes, leading to a feeling of familiarity.
5.  **Sleep-Deprivation Theory**: Déjà vu is sometimes linked to a lack of sleep or a brief loss of consciousness, suggesting that the feeling may be a result of the brain trying to process and consolidate memories while in a sleep-deprived state.

When experiencing déjà vu, people may have a sense of:

- A feeling that the situation or event has happened before
- A sense of familiarity or recognition
- A feeling that the surroundings or events are unchanging or static
- Difficulty putting the experience into words
- A sensation that the experience is not quite ""real""

Déjà vu is relatively common and usually harmless. It is often described as a brief but intense experience, and it can occur in response to a wide range of stimuli, including visual, auditory, or emotional factors.

To manage déjà vu, some people may try various strategies such as:

1.  Taking a deep breath or a short walk to clear one's head
2.  Engaging in relaxation techniques, such as meditation or progressive muscle relaxation
3.  Focusing on the moment and engaging with the environment
4.  Writing down experiences to help consolidate memories and improve recall
5.  Seeking professional help if déjà vu becomes distressing or interferes with daily life.

Remember, the understanding and management of déjà vu continue to be researched and explored by scientists, and more information will likely be revealed in the future.",,,,
What's happening when we experience déjà vu?,"Déjà vu is a common, yet unexplained phenomenon where a person feels like they've already experienced a situation or event before, even when they know they haven't. The experience is often described as feeling familiar or that they've actually lived through the moment before. This feeling can be unsettling, yet isn't usually anxiety-provoking or painful.

The exact causes of déjà vu are not known, and there are various theories trying to explain this phenomenon. Here are some of the most popular ones:

1.  **Neural misfire**: Some researchers believe that déjà vu is the result of a misfire in the brain's neural connections. Normally, the brain processes sensory information and stores it in memory. If neurons fire in the wrong sequence, they might create the impression of familiarity.

2.  **Precognition or extrasensory perception**: A few people believe that déjà vu is related to precognition, or the ability to predict future events. According to this theory, people experiencing déjà vu are getting glimpses of the future.

3.  **Confabulation**: This theory says that déjà vu is a side effect of confabulation, where the brain fills in gaps in memory. The feeling of familiarity comes from the brain creating a story to make sense of a situation, even if the individual has no actual memory of it.

4.  **Neurological factors**: Deja vu can be associated with various neurological conditions, like temporal lobe epilepsy or migraines. In these cases, the brain may experience temporary disruptions that can give the sensation of familiarity.

5.  **Psychological theories**: Some researchers think that déjà vu is related to psychological factors, such as stress, fatigue, or certain personality traits. This theory suggests that people experiencing déjà vu might be more susceptible to this sensation because of their thought patterns or psychological makeup.

6.  **Memory overlap**: Another theory is that déjà vu happens due to the overlap between different memories. When this overlap occurs, the brain can create the impression of familiarity even if the individual has no actual memory of the event.

While these theories are intriguing, the causes of déjà vu are still not fully understood, and they are still being researched. The exact reason why people experience déjà vu remains a mystery.

Theories aside, people usually experience déjà vu only momentarily. It might be caused by various factors, including:

- **High levels of stress or fatigue**: Déjà vu might be triggered by mental or physical exhaustion.
- **Changes in brain activity**: Research suggests that changes in brain activity, such as those seen in sleep-deprived individuals or those experiencing stress, could contribute to déjà vu.
- **Certain medications**: Some medications, like those used to treat anxiety or depression, might increase the chances of experiencing déjà vu.
- **Age**: Déjà vu is more common in adolescents and young adults.",,,,
What's happening when we experience déjà vu?,"Déjà vu is a fascinating phenomenon where a person feels as if they've experienced a situation or event before, even if they know they have not. It's a French term that translates to ""already seen."" While the exact cause of déjà vu is still not fully understood, there are several theories to explain this experience.

**What happens during déjà vu:**

During an episode of déjà vu, the brain processes information from sensory inputs (like sights, sounds, and emotions) and sends it to the neocortex, the part of the brain responsible for processing and storing memories. In normal circumstances, the brain checks the accuracy of the information by comparing it to existing memories.

However, in the case of déjà vu, the brain's memory check goes awry. The neocortex seems to struggle to differentiate between the current moment and a previously experienced event, causing a mismatch. As a result, the brain feels a sense of familiarity or recognition, even though no actual memory is recalled.

**Theories behind déjà vu:**

1.  **Neurological Disconnection Theory**: According to this theory, déjà vu occurs due to a brief disconnection between the neocortex and the hippocampus, a region involved in forming new memories. When this connection is disrupted, the brain is unable to accurately recall the correct information, resulting in déjà vu.
2.  **Memory Retrieval Theory**: This theory suggests that déjà vu occurs when the brain mistakenly retrieves a memory that's not directly related to the present situation, causing the feeling of familiarity.
3.  **Neural Synchronization Theory**: This theory proposes that déjà vu results from an irregularity in the brain's neural activity, causing the synchronization of patterns between different neural networks. This synchronization can lead to a feeling of familiarity, even if no actual memory is retrieved.
4.  **Folkloric and psychological explanations**: Déjà vu has also been linked to stress, fatigue, and anxiety. In some cultures, déjà vu is seen as a sign of supernatural or paranormal activity.

While these theories are not mutually exclusive, the exact cause of déjà vu remains a mystery. Some research suggests that déjà vu may be related to the following factors:

*   **Sleep deprivation**: Lack of sleep can lead to disrupted neural activity and memory recall, increasing the likelihood of déjà vu.
*   **Epilepsy and brain disorders**: Certain neurological conditions, such as epilepsy, can affect the brain's ability to process information, leading to déjà vu.
*   **Genetic predisposition**: Some research suggests that people with a family history of déjà vu may be more prone to experiencing it.

While déjà vu is not a cause for concern in itself, it can be a sign of underlying neurological or psychological issues. If you experience frequent or severe episodes of déjà vu, it's a good idea to consult a healthcare professional to rule out any underlying conditions.",,,,
What's happening when we experience déjà vu?,"Déjà vu is a common psychological phenomenon where a person feels like they've already experienced a certain situation or event before, even though they know they haven't. This feeling is often described as a ""familiarity"" or ""recognition"" that is not based on any actual memory of having experienced the situation before.

 Researchers have formulated several theories to explain the origins of déjà vu, but the exact cause remains unclear. Here are some of the most popular theories:

1.  **Neural overlap theory**: This theory proposes that déjà vu occurs when there is a brief overlap in neural activity in the brain, particularly in the brains memory systems. This overlap can cause a person to feel like they've already experienced the situation before.
2.  **Temporal lobe misfire theory**: This theory suggests that déjà vu is caused by a misfire in the temporal lobe, which is responsible for processing memories and emotions. This misfire can cause a person to feel like they've already experienced the situation before.
3.  **Memory overlap theory**: This theory proposes that déjà vu occurs when there is an overlap between different memories or situations, causing a person to feel like they've already experienced the situation before.
4.  **Evolutionary theory**: This theory suggests that déjà vu is an adaptive mechanism that helps people to recognize and prepare for potential threats or dangers in their environment.
5.  **Psychological theory**: This theory proposes that déjà vu is related to stress, anxiety, or other psychological factors, such as feelings of familiarity or comfort.

Common triggers for déjà vu include:

*   Stress and anxiety
*   Fatigue and lack of sleep
*  Medications that alter brain chemistry
*   Neurological disorders, such as epilepsy or multiple sclerosis
*   Brain injuries or trauma

Some people experience déjà vu frequently, while others may experience it only occasionally. While the exact cause of déjà vu is still unclear, research suggests that it may be related to changes in brain activity and function. If you experience déjà vu frequently or it interferes with your daily life, consult with a healthcare professional to rule out any underlying medical conditions.",,,,
How does cloud computing work?,"Cloud computing is a model of delivering computing services over the internet, where resources such as servers, storage, databases, software, and applications are provided as a service to users on-demand. Instead of having to manage and maintain physical infrastructure, users can access these resources from anywhere, at any time, and from any device with an internet connection.

Here's a detailed overview of how cloud computing works:

1. **Infrastructure**: Cloud providers have massive data centers around the world, filled with thousands of servers, storage systems, and other equipment. These data centers are connected to the internet and are housed in secure facilities that ensure the integrity and availability of the data.
2. **Virtualization**: Cloud providers use virtualization technology to create virtual machines (VMs) or virtual servers within the physical infrastructure. Each VM can run its own operating system, applications, and services, allowing multiple VMs to share the same physical hardware.
3. **Compute Resources**: Cloud providers offer a wide range of compute resources, including CPU, memory, and storage. This allows users to scale up or down as needed, without having to purchase and maintain physical hardware.
4. **Storage**: Cloud storage is a service that allows users to store and retrieve files, applications, and other data over the internet. This can include object storage, block storage, or file system storage.
5. **Networking**: Cloud providers manage the networking infrastructure, providing users with secure and fast connectivity to the internet.
6. **Security**: Cloud providers implement robust security measures to protect user data, including encryption, firewalls, and access controls.
7. **Scalability**: Cloud computing allows users to scale up or down to match changing business needs. This can be done dynamically, without the need for manual intervention or infrastructure upgrades.
8. **Pay-as-you-go**: Cloud providers charge users for the resources they consume, rather than a fixed upfront cost. This allows users to only pay for what they use.
9. **PaaS & SaaS**: Cloud providers offer Platform-as-a-Service (PaaS) and Software-as-a-Service (SaaS) models, where users can develop, run, and deploy applications without having to manage the underlying infrastructure.

**Key Cloud Computing Services:**

1. **Infrastructure as a Service (IaaS)**: Provides virtualized computing resources, including servers, storage, and networking.
2. **Platform as a Service (PaaS)**: Provides a complete platform for developing, running, and deploying applications.
3. **Software as a Service (SaaS)**: Provides applications over the internet, eliminating the need for local installation and maintenance.
4. **Serverless Computing**: Provides computing power on-demand, without the need for users to manage servers.
5. **Backup and Disaster Recovery**: Provides automatic backups and disaster recovery capabilities to protect user data.

**Benefits of Cloud Computing:**

1. **Scalability**: Scalable to meet growing business needs.
2. **Reliability**: Multiple",,,,
How does cloud computing work?,"Cloud computing is a model for delivering computing services over the internet. It allows users to access a shared pool of computing resources, such as servers, storage, databases, software, and applications, on-demand and on pay-per-use basis. Here's a simplified overview of how cloud computing works:

**Key Components:**

1. **Cloud Service Providers (CSPs):** Companies like Amazon Web Services (AWS), Microsoft Azure, Google Cloud Platform (GCP), and IBM Cloud provide cloud computing services.
2. **Data Centers:** These are large facilities that house thousands of physical servers and other computing resources. Data centers are typically located in multiple geographic locations around the world.
3. **Virtualization:** Virtualization is a technology that creates a virtual environment on physical hardware, allowing multiple virtual machines to run simultaneously on a single physical server.
4. **Network:** The internet is used to connect users, cloud service providers, and data centers.

**Process:**

1. **Client Request:** A user requests a cloud service, such as computing resources, storage, or applications, from a CSP.
2. **Cloud Service Provider:** The CSP receives the request and allocates the necessary resources from its data center.
3. **Server Allocation:** The CSP allocates a virtual machine (VM) or container to the user from the data center's pool of available resources.
4. **Virtual Machine (VM):** The VM is a virtual environment that provides the necessary resources required by the user's application or software.
5. **Application Run:** The user's application or software runs on the allocated VM, using the allocated resources.
6. **Data Storage:** Data is stored in cloud storage, such as Amazon S3 or Google Cloud Storage, which is accessible from anywhere.
7. **Internet Connection:** Users access their cloud resources and data through the internet.

**Key Features:**

1. **Scalability:** Cloud computing resources can be scaled up or down as needed, allowing for easy adaptation to changing demands.
2. **On-demand access:** Users can access cloud resources and applications from anywhere, at any time, using any device with an internet connection.
3. **Multi-tenancy:** Multiple users can share the same resources, reducing costs and increasing efficiency.
4. **Redundancy and Failover:** Duplicated resources and automatic failover ensure that applications remain available even in the event of hardware or software failure.
5. **Cost-effectiveness:** Users only pay for the resources they use, reducing capital expenditures and optimizing costs.

**Cloud Computing Models:**

1. **Infrastructure as a Service (IaaS):** Provides virtual machines, storage, and networking resources, allowing users to deploy and manage their own applications.
2. **Platform as a Service (PaaS):** Provides a complete development and deployment environment, including tools, libraries, and infrastructure, for building and running applications.
3. **Software as a Service (SaaS):** Provides software applications over the internet",,,,
How does cloud computing work?,"Cloud computing is a model for delivering computing services over the internet, where resources such as servers, storage, databases, software, and applications are provided as a service to users on-demand. Instead of having to manage and maintain their own hardware and software, users can access these resources from anywhere, at any time, through the internet.

Here's a simplified overview of how cloud computing works:

**The Basic Components:**

1. **Cloud Service Providers (CSPs):** These are companies that own and operate the infrastructure, data centers, and servers that make up the cloud. Examples include Amazon Web Services (AWS), Microsoft Azure, Google Cloud Platform (GCP), and IBM Cloud.
2. **Data Centers:** These are large facilities that house rows of servers, storage systems, and other equipment that make up the cloud infrastructure. Data centers are typically located in multiple locations around the world to ensure high availability and redundancy.
3. **Network:** The cloud is connected to users through the internet, which enables data transfer and communication between the cloud and user devices.

**How Cloud Computing Works:**

1. **On-Demand Service:** Users request cloud services, such as storage, compute power, or databases, on-demand, through a web-based interface, API, or mobile app.
2. **Resource Allocation:** The CSP allocates the requested resources from its data centers and makes them available to the user.
3. **Data Storage:** The user's data is stored on the cloud servers, which are typically multiple locations to ensure high availability and backup.
4. **Database Management:** Cloud databases are managed by the CSP, allowing users to access and manipulate data from any location, at any time.
5. **Compute Power:** The cloud provides computing power, memory, and processing capabilities, allowing users to run applications and services without having to manage the underlying infrastructure.
6. **Security:** Cloud providers implement advanced security measures, such as firewalls, encryption, and access controls, to ensure data protection and comply with regulatory requirements.
7. **Scalability:** Cloud computing resources can be scaled up or down as needed, allowing users to quickly adjust to changing workloads.

**Types of Cloud Computing Models:**

1. **Infrastructure as a Service (IaaS):** Users provision and manage virtualized computing resources, such as servers, storage, and networks.
2. **Platform as a Service (PaaS):** Users receive a complete development environment, including tools, libraries, and infrastructure, to deploy and manage applications.
3. **Software as a Service (SaaS):** Users access software applications over the internet, eliminating the need for local installation and maintenance.

**Benefits of Cloud Computing:**

1. **Scalability:** Easy to scale up or down to match changing workloads
2. **Cost-Efficiency:** Pay-per-use pricing model eliminates capital expenditures
3. **Reliability:** Redundant systems and data centers ensure high availability
4. **Flex",,,,
How does cloud computing work?,"Cloud computing is a model for delivering computing services over the internet, where resources such as servers, storage, databases, software, and applications are provided to users on-demand. Instead of having to manage and maintain local infrastructure, users can access these resources remotely through the internet, enabling greater flexibility, scalability, and cost-effectiveness.

Here's a breakdown of how cloud computing works:

**Key Components:**

1.  **Cloud Service Providers (CSPs):** These are companies that offer cloud computing services, such as Amazon Web Services (AWS), Microsoft Azure, Google Cloud Platform (GCP), and IBM Cloud.
2.  **Data Centers:** These are large facilities that house servers, storage systems, and networking equipment. Data centers are typically located in secure locations and are designed to provide high availability, redundancy, and scalability.
3.  **Virtualization:** This is a technology that allows multiple virtual machines (VMs) to run on a single physical server, allowing for better resource utilization and flexibility.
4.  **Containers:** These are isolated, lightweight, and portable environments that package applications and their dependencies, making it easier to deploy and manage applications in the cloud.
5.  **Service Models:** Cloud computing offers three primary service models:
    *   **Infrastructure as a Service (IaaS):** Provides virtualized computing resources, such as servers, storage, and networking, over the internet.
    *   **Platform as a Service (PaaS):** Offers a complete development and deployment environment for applications, typically including tools, libraries, and infrastructure.
    *   **Software as a Service (SaaS):** Provides software applications over the internet, eliminating the need for local installation and maintenance.
6.  **Scalability:** Cloud computing allows users to scale up or down as needed, adding or removing resources as required, to match changing demands.

**How it Works:**

1.  **Request:** A user submits a request to the cloud provider for a specific service, such as computing power, storage, or software.
2.  **Resource Allocation:** The cloud provider allocates the requested resources from their data centers, including servers, storage, and networking equipment.
3.  **Virtualization:** The user's resources are virtualized, allowing multiple applications to run on a single physical server.
4.  **Delivery:** The allocated resources are delivered to the user over the internet, through a secure and managed connection.
5.  **Usage:** The user accesses and uses the resources, paying only for what they consume.
6.  **Payment:** The user pays for the services they use, based on a pay-as-you-go model or subscription-based pricing.

**Benefits:**

1.  **Scalability:** Cloud computing allows users to scale up or down as needed, matching changing demands.
2.  **Flexibility:** Users can access resources from anywhere, at any time, as long as they have an internet connection.
3. ",,,,
How does cloud computing work?,"Cloud computing is a model for delivering computing services over the internet, where resources such as servers, storage, databases, software, and applications are provided to users on-demand. Instead of having to manage and maintain their own hardware and software, users can access these resources as a service through the internet, paying only for what they use.

Here's a breakdown of how cloud computing works:

1.  **On-Demand Self-Service**: Users can access cloud services without requiring human intervention, 24/7. They can provision, scale, and release resources as needed through a web interface, mobile app, or API.
2.  **Broad Network Access**: Cloud services can be accessed over the internet or a dedicated network from any device, anywhere in the world.
3.  **Resource Pooling**: Cloud providers offer a multi-tenant environment where resources are pooled together to provide a scalable and flexible infrastructure.
4.  **Rapid Elasticity**: Resources can be quickly scaled up or down to match changing business needs, without the need for infrastructure provisioning.
5.  **Measured Service**: Cloud providers measure and charge users for the resources they consume, rather than a flat fee for the resources allocated.

**Key Cloud Service Models:**

1.  **Infrastructure as a Service (IaaS)**: Provides virtualized computing resources, such as servers, storage, and networking.
2.  **Platform as a Service (PaaS)**: Offers a complete platform for developing, running, and managing applications, including tools, libraries, and infrastructure.
3.  **Software as a Service (SaaS)**: Provides software applications over the internet, eliminating the need for local installation and maintenance.

**Cloud Deployment Models:**

1.  **Public Cloud**: Provides shared resources over the internet, owned and managed by a third-party cloud provider, such as Amazon Web Services (AWS), Microsoft Azure, or Google Cloud Platform (GCP).
2.  **Private Cloud**: A cloud infrastructure that is owned and managed by a single organization, often on-premises or in a dedicated data center.
3.  **Hybrid Cloud**: A combination of public and private clouds, allowing resources to be shared between them.

**Benefits of Cloud Computing:**

1.  **Cost Savings**: Reduce infrastructure costs by only paying for what you use.
2.  **Scalability**: Easily scale up or down to match changing business needs.
3.  **Reliability**: High availability and redundancy ensure minimal downtime.
4.  **Security**: Advanced security features and compliance measures protect data and applications.
5.  **Flexibility**: Access resources from anywhere, on any device, at any time.

**Common Cloud Computing Providers:**

1.  **Amazon Web Services (AWS)**
2.  **Microsoft Azure**
3.  **Google Cloud Platform (GCP)**
4.  **IBM Cloud**
5.  **Oracle Cloud**
6.  **Alibaba Cloud**
7",,,,
What makes a book a classic?,"A book can be considered a classic for various reasons, and there is no single defining characteristic that guarantees a book's classification as a classic. However, here are some key factors that contribute to a book's timeless appeal and enduring popularity:

1. **Universal themes**: Classics often explore universal themes that are relevant across cultures, time periods, and personal experiences, such as love, loss, redemption, identity, and the human condition.
2. **Literary merit**: Classics are often recognized for their technical skill, craftsmanship, and innovative storytelling. They may feature well-developed characters, engaging plots, and lyrical language.
3. **Enduring popularity**: Classics tend to remain popular over time, with readers continuing to discover and appreciate them generation after generation. This is often due to their ability to speak to readers across different ages, backgrounds, and experiences.
4. **Cultural significance**: Classics often reflect the social, historical, or cultural context in which they were written, providing a window into the past or revealing insights into the human condition.
5. **Timeless relevance**: Classics often address issues, problems, or concerns that are still relevant today, making them more relatable and accessible to modern readers.
6. **Iconic characters and authors**: Some classics become synonymous with their authors or characters, such as Sherlock Holmes, Mr. Darcy, or Alice in Wonderland. These characters and authors become embedded in popular culture and continue to influence new generations.
7. **Influence on other works**: Classics often influence other books, authors, or artists, contributing to a literary legacy that extends beyond their original work.
8. **Iconic style and setting**: Classics can evoke a particular time and place, transporting readers to a different era or atmosphere. Think of the steampunk world of H.G. Wells or the Gothic atmosphere of Edgar Allan Poe.
9. **Adaptability and interpretations**: Classics can be adapted into various forms of media, such as films, stage plays, or art, allowing them to reach new audiences and interpretations.
10. **Critical and academic recognition**: Classics are often studied, analyzed, and critiqued by scholars, academics, and literary critics, reinforcing their significance and importance in the literary canon.

Some other factors that contribute to a book's classic status include:

* Historical significance: Classics often provide a window into historical periods or events, offering insights into the past.
* Autobiographical elements: Classics may be based on the author's personal experiences or reflect their own struggles, fears, or desires.
* Societal commentary: Classics often comment on societal norms, conventions, or problems, offering a critique or satire of the world around them.
* Emotionally resonant stories: Classics often evoke strong emotions in readers, making them memorable and impactful.

While not every book that meets these criteria is automatically a classic, these factors can contribute to a book's enduring popularity and cultural significance, ultimately solidifying its status as a classic.",,,,
What makes a book a classic?,"A book can be considered a classic if it meets certain criteria, which may include:

1. **Timelessness**: Classics often remain relevant and continue to resonate with readers across different time periods and cultures. They can be timeless, addressing universal themes and issues that transcend their original publication date.
2. **Immersive storytelling**: A classic book typically has a compelling narrative that captivates readers, evokes emotions, and takes them on a journey. The storytelling is often vivid, engaging, and memorable.
3. **Well-developed characters**: Well-crafted, three-dimensional characters are a hallmark of a classic. Readers become invested in their lives, struggles, and triumphs, which adds depth and emotional resonance to the story.
4. **Influence on literature**: Classics often have a significant impact on the literary canon, influencing authors, writers, and thinkers in various movements and genres. They may have inspired new works, ideas, or literary styles.
5. **Cultural significance**: Classics often reflect or critique societal norms, values, and cultural context. They may have helped shape public opinion, sparked reforms, or challenged established power structures.
6. **Enduring popularity**: Classics tend to remain popular over time, even as new books are published. They continue to be taught in schools, studied in universities, and enjoyed by readers worldwide.
7. **Awards and recognition**: Classics often receive critical acclaim, awards, or nominations, such as the Pulitzer Prize or the Nobel Prize in Literature, which can contribute to their timeless status.
8. **Relevance to contemporary issues**: Classic books often explore universal themes and challenges that remain relevant today, making them a valuable resource for readers to engage with contemporary issues and debates.
9. **Diverse perspectives**: Classics often provide a window into different cultures, historical periods, or social contexts, offering unique insights and perspectives that help readers broaden their understanding of the world.
10. **Adaptability**: Classics can be adapted into various forms, such as film, stage productions, or graphic novels, demonstrating their versatility and longevity.

Some examples of classic books that embody these criteria include:

- **""To Kill a Mockingbird"" by Harper Lee
- ""Pride and Prejudice"" by Jane Austen
- ""The Great Gatsby"" by F. Scott Fitzgerald
- ""1984"" by George Orwell
- ""The Lord of the Rings"" by J.R.R. Tolkien
- ""The Catcher in the Rye"" by J.D. Salinger

Keep in mind that the definition of a classic can be subjective, and what constitutes a classic can vary across different regions, cultures, and literary circles.",,,,
What makes a book a classic?,"A classic book is a timeless and enduring work of literature that continues to be widely read, studied, and admired long after its initial publication. Here are some key factors that contribute to a book being considered a classic:

1.  **Timeless themes and universal appeal**: Classic books often tackle universal themes, such as love, morality, redemption, and the human condition, which resonate with readers across cultures, generations, and time. These themes remain relevant and relatable today, even if the book was written centuries ago.
2.  **Literary merit and craftsmanship**: Classics showcase exceptional literary skill, including well-crafted writing, vivid storytelling, and memorable characters. The book's language, style, and structure demonstrate a mastery of the craft of writing.
3.  **Historical significance**: A classic book may be set in a specific time period, place, or social context, offering valuable insights into the author's era and cultural background. This historical significance allows readers to gain a deeper understanding of the past and its impact on the present.
4.  **Influence on subsequent literature and culture**: Classic books often inspire, influence, or reflect the development of subsequent literary movements, genres, or styles. They may even shape the cultural imagination, influencing art, music, film, or other forms of creative expression.
5.  **Enduring popularity**: Classics remain widely read and studied, often across multiple generations. Their popularity can be sustained by word-of-mouth recommendations, critical acclaim, and cultural significance.
6.  **Autobiographical and biographical connections**: Some classic books are semi-autobiographical or draw heavily from the author's life experiences. This personal connection can add depth, authenticity, and relatability to the story.
7.  **Relevance to contemporary issues**: Classics often address contemporary concerns, such as social justice, equality, and morality, making them relevant and thought-provoking for readers today.
8.  **Iconic characters and memorable settings**: Classic books often feature characters that are iconic, memorable, and enduring, whether it's a heroic protagonist, a complex anti-hero, or a vividly described setting that transports readers to another time and place.
9.  **Awards, recognition, and literary awards**: Classics are often recognized with literary awards, such as the Pulitzer Prize, the Nobel Prize in Literature, or the National Book Award, which can solidify their status as classics.
10. **Educational and academic significance**: Classics are frequently taught in schools and academic programs, introducing readers to the literary canon and shaping their understanding of literary history and critical analysis.

When a book possesses these attributes, it's more likely to be considered a classic, and its enduring impact on literature and society will be felt for generations to come.",,,,
What makes a book a classic?,"Determining what makes a book a classic can be subjective, but there are several factors that contribute to a book's status as a classic. Here are some key elements to consider:

1. **Timelessness**: A classic book stands the test of time, remaining relevant and engaging for readers across generations. Its themes, messages, and ideas continue to resonate with audiences long after its initial publication.
2. **Significance**: A classic book often addresses universal themes, explores fundamental human experiences, or presents groundbreaking ideas that continue to influence society. These themes might include love, identity, morality, social justice, or the human condition.
3. **Literary merit**: Classics are often characterized by strong writing style, well-developed characters, and a compelling narrative voice. They may exhibit technical mastery, innovative techniques, or distinctive narrative structures.
4. **Cultural impact**: A classic book may have had a significant impact on the literary landscape, influencing the lives of authors, artists, or thinkers. It might have shaped public discourse, cultural norms, or philosophical debates.
5. **Enduring popularity**: Classics often endure despite changes in literary fashion, remaining beloved by readers of various genres and backgrounds. Their popularity endures, with repeated re-releases, translations, and adaptations.
6. **Influence on other works**: Classic books can inspire other authors, influencing the development of literary movements, genres, or styles. Their ripple effect can be seen in subsequent works, making them a part of a broader cultural or literary trajectory.
7. **Adaptations and interpretations**: Classics often lend themselves to various adaptations, such as film, theater, or opera, as well as creative reinterpretations or reimaginings. These transformations demonstrate the book's timeless appeal and flexibility.
8. **Critical acclaim and recognition**: Classics frequently receive widespread critical acclaim, appearing on ""best-of"" lists, winning prestigious awards, or being included in academic curricula.
9. **Cross-cultural relevance**: Classics can transcend boundaries, appealing to readers from various cultural backgrounds and regions, transcending linguistic or geographical limitations.
10. **Evolutionary power**: A classic book may have a lasting impact on individual perspectives, helping readers to grow, reflect, or re-evaluate their own thoughts, emotions, or attitudes.

Some other notable factors include:

* **Quality of writing**: Clarity, beauty, or originality of expression
* **Historical context**: Insights into the cultural, social, or historical context in which the book was written
* **Emotional resonance**: Emotional connections with readers, evoking feelings, empathy, or understanding
* **Intellectual curiosity**: Encouraging readers to explore new ideas, perspectives, or understandings

While these factors can indicate a book's classic status, they are not exhaustive or absolute. Ultimately, determining what makes a book a classic is a matter of interpretation, as various readers and scholars may disagree on the definition.",,,,
What makes a book a classic?,"A classic is a book that has stood the test of time, remaining relevant and widely read, studied, and appreciated over many years or even centuries. Several factors contribute to a book becoming a classic. Here are some of the key characteristics that make a book a classic:

1.  **Timelessness**: A classic book typically addresses universal themes, emotions, and experiences that remain relevant across different eras and cultures. These themes continue to resonate with readers, making the book timeless and enduring.
2.  **High literary merit**: Classics often possess literary quality, with well-crafted language, engaging storytelling, memorable characters, and a well-structured narrative. The writing is considered beautiful, expressive, and evocative.
3.  **Innovative storytelling**: Classic books often break new ground in terms of style, structure, or genre. They may introduce unique narrative voices, innovative plot twists, or fresh perspectives that capture the essence of their time period.
4.  **Impact and influence**: Classics frequently inspire and influence other writers, artists, and thinkers. They might shape literary movements, cultural attitudes, or social attitudes, leaving a lasting impact on society.
5.  **Widely read and studied**: A classic book has been widely read and studied over many years. This is evident in its inclusion in school curricula, academic courses, and classic literature anthologies.
6.  **Cultural significance**: Classics often reflect and shape cultural values, history, and societal norms. They provide insight into the past, offering a window into the experiences, customs, and traditions of a particular time and place.
7.  **Iconic characters and quotes**: Classic books often feature memorable characters, memorable settings, and iconic quotes that have become part of the cultural lexicon.
8.  **Multiple interpretations**: A classic book can have different meanings and interpretations, allowing readers to re-read it multiple times and find new perspectives. This multi-layered nature makes it engaging and thought-provoking.
9.  **Awards and accolades**: Classics may have received prestigious literary awards, critical acclaim, or public recognition, which further legitimates their status as classics.
10. **Adaptability**: Classics can be adapted into various forms, such as film, stage productions, or ballets, demonstrating their enduring appeal and versatility.

Examples of classic books include:

- 'Don Quixote' by Miguel de Cervantes
- 'Pride and Prejudice' by Jane Austen
- 'To Kill a Mockingbird' by Harper Lee
- '1984' by George Orwell
- 'The Iliad' and 'The Odyssey' by Homer
- 'The Lord of the Rings' by J.R.R. Tolkien

Keep in mind that the definition of a classic is subjective, and the criteria for a book to be considered a classic may evolve over time. Nevertheless, these characteristics help identify books that have become an integral part of our literary heritage.",,,,
How do I properly recycle household items?,"Properly recycling household items is essential to conserve natural resources, reduce waste, and help the environment. Here's a comprehensive guide on how to recycle common household items:

**General Recycling Guidelines**

1.  **Sort items correctly**: Separate paper, plastic, glass, metal, and organic materials into their respective bins.
2.  **Remove contaminants**: Empty and clean items before recycling to prevent damage and contamination.
3.  **Check local recycling guidelines**: Familiarize yourself with your local recycling program's accepted materials and procedures.
4.  **Don't overfill bins**: Leave enough space in the bin for easy collection and handling.

**Recycling Household Items**

1.  **Paper and Cardboard**:
    *   Newspaper, magazines, cardboard boxes (flatten them first)
    *   Junk mail and catalogs (remove plastic windows and staples)
    *   Paperboard and paperboard packaging (e.g., cereal boxes)
    *   Old books and phone books
    *   Cardboard tubes (e.g., paper towel rolls, toilet paper rolls)
2.  **Plastics**:
    *   Bottles, jugs, and containers (#1-7, check the resin identification code for the correct number)
    *   Plastic bags and wrap (some curbside programs accept these)
    *   Plastic packaging (e.g., straws, lids, caps)
3.  **Glass**:
    *   Bottles and jars (clear, brown, and green glass)
    *   Windows and glass containers (some curbside programs accept these)
4.  **Metals**:
    *   Aluminum and steel cans (e.g., soda cans, food cans)
    *   Aluminum foil and foil wrapping
    *   Steel and tin cans (e.g., food cans, pet food cans)
5.  **Organics**:
    *   Food waste and yard trimmings
    *   Coffee grounds and tea bags
    **Electronic Waste**:
    *   Computers and electronics (check with local electronics recycling facilities for accepted items)
    *   Batteries (check with local authorities for battery recycling options)
    *   Small appliances and devices (e.g., phones, televisions, microwaves)
6.  **Textiles**:
    *   Clothing and fabric scraps
    *   Belts and bags (check with local textile recycling programs or thrift stores

**Special Cases**

*   **Batteries**: Check with local authorities for designated battery recycling facilities or collection events.
*   **Electronics**: Check with local electronics recycling facilities or manufacturers for proper disposal methods.
*   **Fluorescent Lights**: Check with local recycling centers for proper disposal procedures.
*   **Hazardous Waste**: Check with local waste management for guidance on disposing of hazardous materials like paint, pesticides, and chemicals.

**Additional Tips**

*   Reduce, Reuse, Recycle: Avoid buying items",,,,
How do I properly recycle household items?,"Properly recycling household items is essential to conserve natural resources, reduce landfill waste, and minimize environmental pollution. Here's a comprehensive guide on how to recycle various household items:

**General Recycling Tips:**

1.  **Know your recycling guidelines**: Familiarize yourself with your local recycling program's guidelines, as acceptance may vary by municipality.
2.  **Sort and separate**: Separate recyclables from non-recyclables and contaminants.
3.  **Rinse and clean**: Rinse food and liquid containers to prevent contamination.
4.  **Remove lids and caps**: Take off lids, caps, and labels from bottles, cans, and jars.
5.  **Flatten cardboard and paper**: Flatten corrugated cardboard and paper products to save space.

**Common Household Items to Recycle:**

1.  **Paper and Cardboard**:
    *   Newspaper, cardboard boxes, junk mail, paperboard, and cardboard tubes
    *   Flatten and mix with other paper products
2.  **Plastics**:
    *   Bottles, jugs, and containers marked with the resin identification code (RIC) 1-7
    *   Rinse and remove lids and caps
    *   Examples: water bottles, soda bottles, detergent bottles, and margarine tubs
3.  **Glass**:
    *   Bottles and jars of all colors
    *   Rinse and remove lids and labels
4.  **Organics**:
    *   Food waste, yard trimmings, and paper products with food residue
    *   Compostable materials like fruit and vegetable scraps, eggshells, and coffee grounds
5.  **Metals**:
    *   Aluminum and steel cans
    *   Remove lids and labels
6.  **Electronics**:
    *   Computers, phones, batteries, and other electronic devices
    *   Donate or responsibly dispose of them, as they often have specific recycling facilities
7.  **Batteries**:
    *   Household batteries (AA, AAA, D, and 9-volt)
    *   Recycle or take to a designated battery collection facility
8.  **Textiles**:
    *   Clothing, towels, and fabric scraps
    *   Donate or responsibly dispose of them, as they can be repurposed or recycled

**Household Items Not Typically Recyclable:**

*   Styrofoam
*   Plastic bags and packaging materials
*   Electronics with broken screens or hazardous materials
*   Chemically treated or contaminated materials
*   Shredded paper or paper with ink

**Additional Tips:**

1.  **Reduce and Reuse**: Minimize your waste by reducing consumption and reusing items when possible.
2.  **Check local guidelines**: Verify the acceptance of specific items in your area, as guidelines may vary.
3.  **Particip",,,,
How do I properly recycle household items?,"Recycling household items is a crucial step towards reducing waste and helping the environment. Here's a comprehensive guide on how to properly recycle common household items:

**Basic Recycling Principles:**

1.  **Know your local recycling guidelines**: Check your local government or waste management website to learn what materials are accepted in your community's recycling program.
2.  **Sort items correctly**: Separate recyclables from trash and sort items into the designated bins or containers.
3.  **Clean and rinse items**: Remove contaminants and food residue from items before recycling.
4.  **Remove lids, labels, and caps**: Take off lids, labels, and caps from containers before recycling.

**Common Household Items to Recycle:**

1.  **Paper and Cardboard**:
    *   Newspaper, cardboard boxes, paper towel rolls, and plastic packaging
    *   Shredded paper, cardboard tubes, and magazine cutouts
2.  **Plastics**:
    *   Bottles, jugs, and containers marked with the resin identification code (RIC) 1-7
    *   Plastic bags, straws, and packaging
3.  **Glass**:
    *   Bottles, jars, and containers marked with a recycling symbol
    *   Window glass and mirrors (check local guidelines)
4.  **Metals**:
    *   Aluminum and steel cans
    *   Tin foil and aluminum foil
5.  **Electronic Waste (E-Waste)**:
    *   Electronic devices, devices with cords, and batteries
6.  **Organic Materials**:
    *   Food waste and yard trimmings

**Special Cases:**

1.  **Batteries**: Recycle rechargeable and non-rechargeable batteries separately from other recyclables.
2.  **Glass and Electronics**: Check local guidelines for specific collection and recycling procedures.
3.  **Textiles**: Donate or recycle clothing, fabric scraps, and textile products.
4.  **Hazardous Waste**: Check local guidelines for disposing of hazardous materials like batteries, electronics, and chemicals.

**Additional Tips:**

1.  **Use the 3Rs**: Reduce, Reuse, Recycle. Reduce your consumption, reuse items when possible, and recycle or dispose of items responsibly.
2.  **Keep it clean**: Avoid contaminating recyclables with food, liquids, or other non-recyclable materials.
3.  **Participate in community programs**: Join local initiatives, community collections, and neighborhood clean-up events.
4.  **Stay informed**: Stay up-to-date with local recycling guidelines and best practices.

By following these guidelines, you'll be well on your way to reducing your impact on the environment and helping to create a more sustainable future.",,,,
How do I properly recycle household items?,"Properly recycling household items is essential to conserve natural resources, reduce landfill waste, and mitigate the environmental impact of human activity. Here's a comprehensive guide to help you recycle household items effectively:

**Recyclable Materials:**

1.  **Paper and Cardboard:**
    *   Newspaper, magazines, cardboard boxes, paper towels, tissues, and food packaging materials (e.g., pizza boxes, cereal boxes)
    *   Shred paper before recycling to prevent contaminating the paper stream
2.  **Plastics:**
    *   Bottles, jugs, and containers marked with #1-7 ( PET, HDPE, PVC, LDPE, PP, PS, and others)
    *   Rinse plastics, remove lids and labels, and check with your local recycling program for specific guidelines
3.  **Glass:**
    *   Bottles, jars, and containers made of clear, brown, or green glass
    **Metals:**
    *   Aluminum cans (soda, beer, and food cans)
    *   Steel and tin cans (food, pet food, and aerosol cans)
    *   Remove lids, labels, and rinse cans before recycling
4.  **Organics:**
    *   Food waste, including fruit and vegetable peels, tea bags, coffee grounds, and eggshells
    *   Some communities have curbside food waste collection programs or offer drop-off locations for food waste

**Recycling Procedures:**

1.  **Sort recyclables:** Separate recyclables from trash and sort items by material type.
2.  **Clean items:** Rinse food and liquid containers, empty them, and remove lids and labels.
3.  **Check local guidelines:** Familiarize yourself with your local recycling program's rules and regulations.
4.  **Participate in drop-off recycling programs:** If your community doesn't offer curbside recycling, look for local drop-off locations for specific materials.
5.  **Use the right bins:** Use designated recycling bins for each material type to prevent contamination.

**Additional Tips:**

1.  **Donate and repurpose:** Donate gently used items, like clothing, books, and household goods, to reduce waste and support local charities.
2.  **Buy eco-friendly products:** Choose products with minimal packaging, made from recycled materials, or biodegradable materials.
3.  **Buy in bulk:** Purchasing items in bulk can reduce packaging waste and encourage more efficient use of resources.
4.  **Compost:** Compost food waste and yard trimmings to create nutrient-rich soil for your garden.

By following these steps and tips, you'll be making a significant contribution to reducing waste, conserving natural resources, and protecting the environment.

**Recycling Challenges:**

1.  **Contamination:** Failing to properly rinse or sort recyclables can lead to contamination and reduce the effectiveness of recycling programs",,,,
How do I properly recycle household items?,"Proper recycling involves separating household items into categories and disposing of them correctly. Here's a comprehensive guide on how to recycle various household items:

**Paper and Cardboard**

1.  Newspaper, cardboard boxes, cereal boxes, and paperboard (cereal boxes, file folders, etc.) can be recycled in your local curbside bin.
2.  Remove plastic coatings, staples, and labels before recycling these items.
3.  Shredded paper and cardboard can be recycled, but place them in a clear plastic bag to prevent litter.

**Plastic Bottles and Containers**

1.  Plastic bottles (PET or PETE #1 and HDPE #2 plastic) and containers can be recycled in your curbside bin or at designated collection points.
2.  Rinse and remove lids, caps, and labels.
3.  Shred plastic bags before recycling them, or recycle them separately in a clear plastic bag.

**Glass Containers**

1.  Glass jars and bottles can be recycled in your curbside bin or at designated collection points.
2.  Remove lids and labels before recycling glass containers.

**Metals**

1.  Aluminum and steel cans can be recycled in your curbside bin or at designated collection points.
2.  Rinse and remove lids before recycling metal cans.

**Electronics**

1.  Donate or recycle electronic devices like computers, phones, and televisions through local e-waste recycling programs.
2.  Separate batteries from other recyclable materials and dispose of them at designated collection points.

**Textiles and Fabrics**

1.  Donate or recycle clothing, linens, and other fabrics at local thrift stores or through clothing donation programs.
2.  Check with your local recycling program for textile recycling guidelines.

**Organic Materials (Food Waste and Yard Trimmings)**

1.  Compost food waste and yard trimmings to reduce landfill waste.
2.  Check with local municipalities for guidelines on food waste collection and composting programs.

**Other Items**

1.  Batteries (see electronic waste section above)
2.  Light bulbs (check with local waste management)
3.  Bulky items (appliances, furniture, mattresses, etc.) - check with local waste management or donation centers
4.  Hazardous waste (paint, ink, pesticides, etc.) - check with local waste management or designated collection points.",,,,
What's the difference between weather and climate?,"Weather and climate are two terms often used to describe the Earth's atmosphere, but they refer to different aspects.

**Weather** refers to the short-term and local conditions of the atmosphere at a specific place and time, such as temperature, humidity, cloudiness, wind, precipitation, and other meteorological elements. Weather is what you experience in the moment, such as a sunny day, a thunderstorm, or a heatwave.

Examples of weather:

* Today is sunny and warm in Los Angeles.
* It's raining in Seattle today.
* The temperature is expected to be 80°F (27°C) tomorrow in Miami.

**Climate**, on the other hand, refers to the long-term average atmospheric conditions in a particular region, usually over a period of 30 years or more. Climate describes the typical patterns of weather in an area, including temperature, precipitation, and other factors.

Examples of climate:

* The climate of Los Angeles is Mediterranean, with hot summers and mild winters.
* The climate of Seattle is temperate, with mild winters and cool summers.
* The average temperature in Miami is around 77°F (25°C) throughout the year.

In other words:

* Weather is what's happening now (short-term).
* Climate is what's typical over a long period (long-term).

To illustrate the difference, think of it like this:

* Weather is like your daily commute: it's the specific conditions you experience every day.
* Climate is like your route: it's the overall pattern of conditions you experience over time.",,,,
What's the difference between weather and climate?,"Weather and climate are two related but distinct concepts in the field of meteorology. 

- **Weather** refers to the short-term atmospheric conditions at a specific place and time, including temperature, humidity, cloudiness, wind, precipitation, and other factors that determine the state of the atmosphere. Weather is the conditions you experience when you step outside on any given day. It's the immediate conditions that change from hour to hour or day to day, influenced by various factors like weather fronts, high and low-pressure systems, and local topography.

- **Climate**, on the other hand, is the long-term average atmospheric condition at a specific location, typically measured over a period of 30 years or more. Climate refers to the average weather conditions over an extended period and describes the general patterns and characteristics of the weather. Climate is influenced by large-scale patterns, such as global atmospheric circulation, ocean currents, and land use.

To illustrate the difference, consider this example:

- Weather: ""It's going to rain tomorrow.""
- Climate: ""Our city has an average annual rainfall of 40 inches, with the heaviest rainfall occurring during the summer months.""

In essence, weather tells you what's happening at a particular moment or over a short period, while climate reveals the overall conditions over a prolonged period, forming the basis for predictions and planning in various fields, from agriculture to urban planning and public health.",,,,
What's the difference between weather and climate?,"Weather and climate are two related but distinct concepts in the field of meteorology, which is the study of the atmosphere.

**Weather** refers to the short-term and local conditions of the atmosphere at a specific place and time, including:

1. Temperature
2. Humidity
3. Cloudiness
4. Wind speed and direction
5. Precipitation (rain, snow, sleet, hail, etc.)
6. Atmospheric pressure

Weather is what you experience on a daily or hourly basis, and it can change quickly. For example, you might have a sunny day today, but a rainy day tomorrow.

**Climate**, on the other hand, refers to the long-term average atmospheric conditions in a particular region over a significant period, usually 30 years or more. Climate includes:

1. Average temperature
2. Average precipitation
3. Seasons
4. Extreme weather events (e.g., hurricanes, droughts, heatwaves)
5. Ocean currents and temperature

Climate is a broader and more stable concept that covers the overall pattern of weather conditions in a region over an extended period. For example, a region's climate might be described as tropical, desert, or temperate, reflecting its average temperature and precipitation patterns over many years.

To illustrate the difference, consider this analogy:

* Weather is like a single snapshot of a moment in time (e.g., ""It's raining today"").
* Climate is like a long-exposure photograph of a region over an extended period (e.g., ""This region has a wet climate with frequent rainfall"").

Understanding the difference between weather and climate is essential for making informed decisions about agriculture, urban planning, and resource management, as well as for predicting and adapting to the impacts of climate change.",,,,
What's the difference between weather and climate?,"Weather and climate are two related but distinct concepts in the field of meteorology. Here's a brief explanation of each:

**Weather:**

Weather refers to the short-term atmospheric conditions at a specific place and time, including temperature, humidity, clouds, wind, precipitation, and other factors. Weather is what we experience every day, and it can change from day to day, hour to hour, or even minute to minute. Weather is influenced by various factors such as:

- Atmospheric pressure
- Temperature gradients
- Moisture levels
- Wind patterns
- Topography
- Distance from the equator (latitude)

Weather is typically measured at local or regional scales, and it can be forecasted with varying degrees of accuracy.

**Climate:**

Climate, on the other hand, is the long-term average atmospheric condition in a specific region, including temperature, precipitation, and other factors, over an extended period of time (usually 30 years or more). Climate tends to be more stable and less variable than weather.

Climate is influenced by:

- Global circulation patterns (trade winds, jet stream, El Niño, etc.)
- Latitude and altitude
- Ocean currents
- Mountain ranges
- Earth's tilt (seasonal variation)
- Volcanic eruptions
- Human activities (greenhouse gas emissions, deforestation, urban planning)

Climate can be understood at different scales, from local to global.

**Key differences:**

1.  **Timescale**: Weather is short-term (seconds to days), while climate is long-term (years to decades).
2.  **Variability**: Weather is more variable, while climate is relatively stable.
3.  **Scale**: Weather is local or regional; climate is typically studied at larger scales.
4.  **Influence factors**: Weather is influenced by more variables than climate, including daily and global events.
5.  **Predictability**: Weather is more difficult to predict than climate due to its shorter timescale and greater variability.

To illustrate the difference: ""Weather"" might be ""sunny today with a high of 25°C,"" while ""climate"" would be the average temperature in July in a particular city or region over the past century.",,,,
What's the difference between weather and climate?,"Weather and climate are two related but distinct terms that are often confused with each other. Here's the difference:

**Weather** refers to the short-term atmospheric conditions in a specific place at a specific time. It includes conditions such as temperature, humidity, cloudiness, wind, precipitation, and other factors that can change from day to day, hour to hour, or even minute to minute. Weather is typically forecasted over a short period, usually ranging from a few hours to a few days.

**Climate**, on the other hand, refers to the long-term average atmospheric conditions in a particular region. It encompasses the typical patterns of weather that a place experiences over a long period, usually 30 years or more. Climate describes the general trends and averages of temperature, precipitation, and other weather-related factors that shape the environment and ecosystems of a region.

To illustrate the difference:

* Weather: It's a hot day today with a high of 85°F (30°C) and a chance of thunderstorms. (Short-term condition)
* Climate: The average temperature in July in this region is 88°F (31°C), with an average annual precipitation of 40 inches (1,000 mm). (Long-term condition)

Key differences between weather and climate:

1.  **Timeframe**: Weather is short-term, while climate is long-term.
2.  **Scale**: Weather refers to local conditions, while climate is a broader, regional trend.
3.  **Variability**: Weather is more variable and unpredictable, while climate is more stable and consistent over time.

Understanding the difference between weather and climate is essential for discussions about climate change, climate patterns, and the impact of weather events on the environment.",,,,
Don't you think that learning multiple languages is becoming less important in a world where English is so dominant?,"While it's true that English is widely spoken and used as a global language for international communication, business, science, education, and entertainment, learning multiple languages is still essential for several reasons:

1. **Cultural understanding and appreciation**: Language is deeply tied to culture, history, and identity. Knowing a language allows you to connect with and appreciate the cultural nuances, customs, and traditions of a community.
2. **Accessibility and inclusivity**: In linguistically diverse regions or communities, proficiency in the local language can grant access to information, services, and opportunities that might otherwise be inaccessible. This is particularly important for international students, business professionals, and travelers.
3. **Cognitive benefits**: Learning multiple languages has been shown to improve brain function, memory, and cognitive flexibility. It can also delay the onset of age-related cognitive decline.
4. **Career opportunities**: Being multilingual can be a valuable asset in the job market, particularly in international business, diplomacy, translation, and interpretation.
5. **Connection and community**: Speaking a second language can help you build relationships and establish a sense of belonging in a new community, whether personal or professional.
6. **Soft skills and adaptability**: Mastering a new language requires adaptability, flexibility, and problem-solving skills, all of which are valuable in any profession.
7. **Global connections and collaborations**: As the world becomes increasingly interconnected, language skills can facilitate collaborations, partnerships, and knowledge sharing across borders.
8. **Preservation of minority languages and cultures**: Learning a language can help preserve endangered or minority languages and cultures, which are essential for maintaining linguistic and cultural diversity.
9. **Neuroplasticity and mental resilience**: Studies have shown that bilingual and multilingual individuals can better handle stress, anxiety, and depression, suggesting a potential link between language learning and mental well-being.
10. **Economic benefits**: In some countries, speaking multiple languages can increase earnings, especially in sectors like international trade, tourism, and education.

While English may be widely dominant, language learners can benefit from learning other languages, such as:

* Mandarin Chinese, given China's growing economic influence.
* Spanish, given the large number of Spanish-speaking countries and the US border with Mexico.
* Arabic, given its importance in the Middle East and North Africa.
* French, given its use in international organizations, the European Union, and sub-Saharan Africa.
* Portuguese, given Brazil's growing economy and Africa's Portuguese-speaking countries.

In summary, learning multiple languages remains essential for cultural understanding, personal enrichment, and professional opportunities, even in a world where English is widely spoken.",,,,
Don't you think that learning multiple languages is becoming less important in a world where English is so dominant?,"The idea that English is becoming the dominant language and making learning other languages less important is a common concern. However, there are several reasons why learning multiple languages remains essential in the modern world:

1.  **Cultural appreciation and connection**: Language is deeply tied to culture, and learning a language allows you to connect with different cultures, traditions, and histories. Understanding a language helps you appreciate the nuances of a culture and fosters empathy and mutual respect.
2.  **Global communication**: Even though English is widely spoken, it's not universally understood. Knowing multiple languages opens up new markets, business opportunities, and connections that can benefit individuals, businesses, and economies.
3.  **Brain benefits**: Learning a language has been shown to improve cognitive skills such as memory, problem-solving, and multitasking. It also delays cognitive decline and can even help prevent age-related cognitive impairments.
4.  **Travel and tourism**: Traveling to foreign countries becomes more enjoyable and rewarding when you can communicate with locals, appreciate their customs, and navigate everyday situations without assistance.
5.  **Career opportunities**: In a globalized world, knowing multiple languages can give you a competitive edge in the job market. According to a survey by the US Bureau of Labor Statistics, speaking multiple languages can increase your job prospects by up to 14%.
6.  **Emergency situations**: Knowing a local language can be a lifesaver in emergency situations, whether you're traveling abroad or working in international relations.
7.  **Local and regional importance**: In many regions, local languages are still the primary means of communication. Knowing a local language shows respect for the culture and community, and it can also provide access to job opportunities and personal connections.

While English is indeed awidely spoken language, it's not the only language used globally, and other languages continue to play a vital role in international communication and understanding.",,,,
Don't you think that learning multiple languages is becoming less important in a world where English is so dominant?,"While it's true that English has become a widely spoken and dominant language globally, the value of learning multiple languages is not diminishing. In fact, the importance of language skills is more critical now than ever. Here are some reasons why:

1.  **Globalization and International Communication:** As globalization increases, businesses, organizations, and individuals interact across cultures, requiring effective communication in multiple languages. Speaking multiple languages broadens your professional and personal connections worldwide.
2.  **Cultural Understanding and Empathy:** Language is deeply tied to culture. By learning a new language, you gain insight into the customs, traditions, and perspectives of the culture associated with that language, fostering global understanding and empathy.
3.  **Increased Job Opportunities:** In a globalized economy, speaking multiple languages can significantly boost your career prospects. Many multinational corporations require employees who can communicate with clients and colleagues in their native tongues, giving a language learner a competitive edge in the job market.
4.  **Cognitive Benefits:** Learning a language can enhance cognitive abilities like memory, problem-solving, and multitasking. It can also delay the onset of age-related cognitive decline.
5.  **Brain Plasticity:** Language learning promotes brain plasticity, enabling your brain to adapt and respond to new challenges.
6.  **Travel and Cultural Immersion:** Speaking multiple languages allows individuals to fully immerse themselves in different cultures when traveling, which can lead to unique experiences, new friendships, and a broader worldview.
7.  **Education and Research:** Language skills can expand your access to global academic and research resources, as well as enable you to learn from experts in their native language.
8.  **Language Isolation and Community Building:** In a world where English is becoming increasingly dominant, language learners can play a vital role in preserving minority languages and cultural heritage.
9.  **Entrepreneurial Opportunities:** With global commerce on the rise, language skills can help entrepreneurs navigate international markets, identify new business opportunities, and connect with potential partners and customers.
10.  **Personal Growth and Challenge:** Learning a language is a rewarding and challenging experience that develops persistence, discipline, and self-confidence.

In conclusion, the importance of language learning is not diminishing in a world where English is dominant. By embracing language diversity, you can enrich your personal and professional life, expand your horizons, and develop valuable skills that benefit businesses, communities, and individuals alike.",,,,
Don't you think that learning multiple languages is becoming less important in a world where English is so dominant?,"The idea that learning multiple languages is less important in a world where English is dominant is a common assumption, but it's not entirely accurate. While it's true that English has become a widely spoken and increasingly dominant language, the importance of learning multiple languages is actually more relevant than ever in today's interconnected world. Here are some reasons why:

1.  **Globalization and trade**: As the world becomes more interconnected, businesses and economies are becoming increasingly globalized. Knowing multiple languages can provide a competitive edge in the job market, especially in industries like international trade, business, and finance.
2.  **Diversity and inclusivity**: As the world becomes more diverse, speaking multiple languages shows respect for and appreciation of different cultures. It can help bridge communication gaps and foster more effective collaboration between people from diverse backgrounds.
3.  **Access to information**: A significant portion of the world's knowledge is available in English, but many valuable sources of information, such as academic research, news, and cultural content, are available only in other languages. Knowing multiple languages can provide access to a broader range of perspectives and knowledge.
4.  **Cognitive benefits**: Learning a new language can improve cognitive abilities such as memory, problem-solving, and multitasking. These cognitive benefits can transfer to other areas of life and are valuable in many professional and personal contexts.
5.  **Travel and cultural exchange**: Knowing a language can enhance travel experiences and cultural exchange. It allows travelers to communicate more effectively, understand local customs and nuances, and engage with the local culture on a deeper level.
6.  **Competitive advantage in an AI-driven world**: While machines are increasingly capable of translation, a well-rounded education in multiple languages can still provide a competitive advantage. The unique strengths of human linguists and language learners, such as cultural context understanding and nuances, can't be easily replicated by machines.
7.  **Soft skills development**: Learning a new language also develops essential soft skills, like adaptability, perseverance, and creativity, which are highly valued in the job market.
8.  **Brain plasticity**: The process of learning a new language has been shown to improve brain function and plasticity, which can lead to a range of cognitive benefits and potential protective effects against age-related cognitive decline.

In conclusion, while English is widely spoken, the value of learning multiple languages is not decreasing. In fact, it's becoming increasingly important as the world becomes more interconnected. Multiple languages can provide a competitive edge in the job market, bridge cultural divides, and enhance cognitive abilities. Learning multiple languages is a valuable skill that can bring many benefits in both personal and professional contexts.",,,,
Don't you think that learning multiple languages is becoming less important in a world where English is so dominant?,"While it's true that English has become a dominant global language, I wouldn't say that learning multiple languages is becoming less important. In fact, proficiency in multiple languages remains an invaluable skill in today's interconnected world. Here are some reasons why:

1.  **Globalization and Business Opportunities**: As international trade, commerce, and tourism continue to grow, speaking multiple languages can give individuals a competitive edge in the job market. Companies that operate globally often require employees who can communicate effectively with clients and colleagues from diverse linguistic backgrounds.
2.  **Cultural Enrichment and Understanding**: Language is deeply connected to culture, history, and identity. Learning multiple languages allows you to explore different cultures, appreciate their nuances, and develop a deeper understanding of the world's diversity.
3.  **Access to Knowledge and Education**: The majority of the world's books, academic research, and online resources are written in English, but there's a wealth of knowledge in other languages as well. Being able to read and understand non-English sources can broaden your access to information and provide new perspectives.
4.  **Travel and Communication**: Even in tourist destinations where English is widely spoken, knowing the local language can make your travel experience more enjoyable and rewarding. You can navigate more effectively, connect with locals, and appreciate the culture more deeply.
5.  **Cognitive Benefits**: Learning a new language can improve cognitive functions like memory, problem-solving, and multitasking. It can even delay the onset of age-related cognitive decline and reduce the risk of dementia.
6.  **Competitive Advantage in the Job Market**: In an increasingly globalized job market, being multilingual can be a valuable asset. It demonstrates adaptability, cultural competence, and a willingness to learn, making you a more attractive candidate to employers.
7.  **Brain Health and Neuroplasticity**: Acquiring a new language requires the brain to reorganize and adapt, which can lead to improved brain health and cognitive flexibility.

While English may be widely spoken, it's not a replacement for other languages. The benefits of learning multiple languages are numerous, and there are many areas of the world where English is not the primary language spoken.

To give you an idea of the linguistic diversity in the world, here are the top 10 languages by the number of native speakers:

1.  Mandarin Chinese (1.3 billion)
2.  Spanish (460 million)
3.  English (379 million)
4.  Hindi (341 million)
5.  Arabic (315 million)
6.  Bengali (228 million)
7.  Portuguese (221 million)
8.  Russian (154 million)
9.  Japanese (128 million)
10.  Punjabi (102 million)

As you can see, there are many languages with significant numbers of native speakers. Learning one or more of these languages can open doors to new opportunities, cultures, and perspectives.

In conclusion, while English may be a dominant language,",,,,
I believe that luxury brands are simply overpriced and don't offer real value compared to mid-range alternatives. What do you think?,"The notion that luxury brands are overpriced and don't offer real value compared to mid-range alternatives is a common debate. Here are some possible arguments for and against:

**Arguments for the luxury brands being overpriced:**

1. **Perceived value vs. actual value**: Luxury brands often focus on creating an aura of exclusivity and prestige, which can be intangible. However, many consumers may not perceive a significant difference in the actual quality or performance of the product compared to a mid-range alternative.
2. **Marketing and branding expenses**: Luxury brands often spend a lot on marketing and advertising, which can drive up costs and contribute to their high prices.
3. **Emphasis on aesthetics rather than functionality**: Luxury brands often prioritize design, materials, and style over functionality, which can result in products that are visually appealing but not necessarily more practical or efficient.
4. **Limited innovation**: Luxury brands may focus on refining existing products rather than innovating new ones, which can lead to stagnation and a lack of significant improvements.
5. **Snob appeal**: Luxury brands sometimes rely on creating a ""status symbol"" effect, where people pay more for a brand because it's perceived as desirable, rather than because the product itself is superior.

**Arguments for the value of luxury brands:**

1. **Quality and craftsmanship**: Luxury brands often invest heavily in high-quality materials, attention to detail, and expert craftsmanship, which can result in products that are more durable and require less maintenance.
2. **Research and development**: Luxury brands often engage in extensive research and development, leading to breakthroughs in technology, innovation, and design.
3. **Exclusive materials and designs**: Luxury brands may use rare, high-end materials or employ skilled artisans to create one-of-a-kind pieces or limited-edition products that are truly unique.
4. **After-sales service and support**: Luxury brands often provide exceptional customer service, including personalized support, maintenance, and repair.
5. **Brand heritage and legacy**: Luxury brands often have a rich history and reputation, which can be an investment in itself.

**Real-world examples:**

* **Rolex watches**: While some mid-range watches offer similar functionality, Rolex's reputation for quality, precision, and luxury is unmatched.
* **Gucci handbags**: Although some mid-range brands offer stylish and affordable alternatives, Gucci's exotic materials, craftsmanship, and iconic designs create an unparalleled exclusivity.
* **Mercedes-Benz cars**: While some mid-range cars offer similar performance and features, Mercedes-Benz's attention to detail, luxury feel, and prestige are unmatched in the industry.

**Conclusion**:
It's true that some luxury brands may be overpriced, but others may offer genuine value and unique experiences that justify their premium prices. Consumers should weigh their individual priorities and needs when considering whether a luxury brand is worth the investment. If you value exclusivity, craftsmanship, or a certain image, a luxury brand might be worth it. However, if",,,,
I believe that luxury brands are simply overpriced and don't offer real value compared to mid-range alternatives. What do you think?,"I can provide you with a neutral perspective on this topic. There are valid arguments both for and against the notion that luxury brands offer real value compared to mid-range alternatives.

**Arguments against:

1.  **Perceived value vs. actual value**: Luxury brands often focus on storytelling, branding, and emotional attachment to create an illusion of exclusivity and high-value. This can lead to overpaying for a product or service that doesn't necessarily offer better quality or functionality.
2.  **Similar quality at lower prices**: Mid-range alternatives can offer similar quality, materials, and craftsmanship at a lower price point, making it harder to justify the luxury price tag.
3.  **Maintenance and depreciation**: Luxury goods can depreciate quickly, and their value can decrease over time. This can lead to a financial gap between the purchase price and the item's resale value.
4.  **Marketing and advertising**: The high marketing and advertising budgets of luxury brands can distort pricing and perceptions of value.

**Arguments for:

1.  **Unique experiences and craftsmanship**: Luxury brands often offer exclusive access to craftsmanship, high-quality materials, and expert attention to detail, which can result in truly unique and exceptional products.
2.  **Quality control**: Luxury brands often have tighter quality control measures in place, resulting in fewer defects and a longer lifespan for their products.
3.  **Access to high-quality materials**: Luxury brands may use rare or high-quality materials that are difficult to find or replicating, providing a distinct aesthetic or functional advantage.
4.  **Exclusivity and status**: Luxury brands often create a sense of exclusivity, prestige, and social status, which can be valuable to some consumers.
5.  **Warranty and customer support**: Luxury brands may offer better warranty and customer support, providing peace of mind and a higher level of service.
6.  **Long-term investment**: Some luxury items, such as art, jewelry, or timepieces, can appreciate in value over time, making them a valuable investment.

In conclusion, while it's true that some luxury brands may be overpriced compared to mid-range alternatives, there are certain aspects of luxury goods and services that can justify the premium pricing. It ultimately comes down to individual preferences, priorities, and values. Some consumers may prioritize exclusivity, quality, and craftsmanship, while others focus on affordability and value for money.

Whether or not luxury brands offer real value depends on individual circumstances, needs, and preferences. It's essential to consider the factors mentioned above and weigh them against personal values and priorities when deciding whether or not to invest in luxury goods.",,,,
I believe that luxury brands are simply overpriced and don't offer real value compared to mid-range alternatives. What do you think?,"The debate about luxury brands and their value is a subjective one, and opinions can vary greatly depending on individual perspectives and priorities. Here are some points to consider both for and against the idea that luxury brands are overpriced and don't offer real value compared to mid-range alternatives:

**Arguments for mid-range alternatives being sufficient:**

1. **Similar quality**: Luxury brands often use high-quality materials, but mid-range alternatives can offer comparable quality at a more affordable price point.
2. **Functionality**: Luxury products are not always more functional than mid-range alternatives. For example, a $1,000 watch may offer features that a $100 watch doesn't have, but the former may not necessarily provide a better overall experience.
3. **Marketing and branding**: Luxury brands often spend a significant amount on marketing and branding, which drives up the cost of their products. Mid-range alternatives can offer similar products without the hefty marketing budget.
4. **Perceived value**: Luxury brands often create a perception of exclusivity and prestige, which can make people more willing to pay a premium price. However, this perceived value may not necessarily translate to actual utility or functionality.

**Arguments against luxury brands being overpriced:**

1. **Craftsmanship and expertise**: Luxury brands often invest in high-quality craftsmanship, materials, and expert design, which can result in products that are truly exceptional and worth the extra cost.
2. **Materials and durability**: Luxury brands may use rare, high-quality materials that are durable and long-lasting, which can justify the higher price point.
3. **Resale value**: Luxury brands often retain their value or even appreciate over time, making them a smart investment for those who plan to keep their products for a long time.
4. **Experiential value**: Luxury brands often offer a premium experience, from sleek packaging to exceptional customer service, which can be valuable to those who appreciate the finer things in life.

**The truth likely lies in between:**

While mid-range alternatives can be a great option for those who want to save money, luxury brands do offer some unique benefits that may justify the higher price point. However, it's essential to consider the following:

1. **Define your priorities**: If you value expertise, craftsmanship, and durable materials, a luxury brand might be a good choice.
2. **Set a budget**: If you're not willing or able to pay a premium, a mid-range alternative can be a great option.
3. **Research and compare**: Research the market, compare prices, and evaluate the actual value of a luxury brand versus a mid-range alternative.
4. **Buy what you need, not just what you want**: Be honest with yourself about whether you truly need a luxury product or if it's just a want driven by marketing and social pressure.

Ultimately, whether luxury brands offer real value depends on individual preferences, priorities, and needs.",,,,
I believe that luxury brands are simply overpriced and don't offer real value compared to mid-range alternatives. What do you think?,"The debate about luxury brands and their value is a contentious one.  While some people swear by the superior quality and craftsmanship of luxury brands, others see them as overhyped and overpriced. Here are some points to consider:

**Arguments for luxury brands being overpriced:**

1.  **Perceived value vs. actual value:** Luxury brands often create a strong brand identity, which can lead to a perceived value that is higher than the actual value of the product itself. This is due to factors like marketing, packaging, and branding.
2.  **Overemphasis on status symbols:** Luxury brands often prioritize aesthetics and prestige over functional quality. The value lies in the status symbol they represent, rather than the actual product's performance or durability.
3.  **Markups for marketing and branding:** Luxury brands tend to spend heavily on marketing and advertising, which drives up costs. These expenses are often passed on to consumers in the form of higher prices.
4.  **Comparable alternatives:** Many mid-range brands offer similar or even identical products for a fraction of the price. These alternatives may not have the same brand recognition or prestige but can provide equivalent or better quality.
5.  **Manufacturing costs:** Luxury brands often charge high prices due to high-end materials, labor costs, and production methods, but these costs can be comparable to mid-range brands in some cases.

**Arguments for luxury brands offering real value:**

1.  **Quality and craftsmanship:** Luxury brands often have a strong focus on quality, craftsmanship, and attention to detail. This can lead to a substantial difference in the final product.
2.  **Exclusive materials and techniques:** Luxury brands may use rare, high-quality materials or exclusive production methods that set them apart from mid-range brands.
3.  **Warranty and support:** Luxury brands often provide exceptional after-sales support, repair services, and warranties, which can add value to the product.
4.  **Brand heritage and legacy:** Established luxury brands often have a long history and reputation for quality, which can justify the higher price point.
5.  **Investment and appreciation:** Certain luxury items, like watches or art, can appreciate in value over time, making the initial investment worthwhile.

**The reality is that luxury brands often cater to a specific market segment:** those who value the brand experience, status, and exclusivity. For these individuals, the perceived value of the luxury brand might be higher than the actual cost.

Ultimately, whether luxury brands offer real value depends on individual perspectives and preferences. If one prioritizes exclusivity, status, and exceptional craftsmanship, a luxury brand might be worth the investment. However, for those focused on functionality, quality, and affordability, mid-range alternatives can offer comparable or better value.",,,,
I believe that luxury brands are simply overpriced and don't offer real value compared to mid-range alternatives. What do you think?,"The debate about luxury brands and their value proposition has been ongoing among consumers and experts alike. While some people swear by the high-quality and craftsmanship of luxury goods, others, like you, question whether the price premium is justified.

There are several arguments that support your viewpoint:

1.  **Perceived value vs. actual value**: Luxury brands often rely on strong brand reputation, marketing, and packaging to create an emotional connection with customers. This perceived value can be higher than the actual value of the product itself. In reality, you may be paying for the prestige and status associated with the brand rather than the product's inherent quality.
2.  **Craftsmanship and materials**: While luxury brands often tout their high-quality materials and craftsmanship, you can find these elements in lower-priced alternatives as well. Mid-range brands can offer similar quality at a lower price point, making the value proposition of luxury brands less compelling.
3.  **Overemphasis on exclusivity**: Luxury brands often create scarcity and exclusivity to justify their high prices. This can lead to a false narrative that their products are exceptional or one-of-a-kind. In reality, many luxury brands produce large quantities of products, and the exclusivity is more a marketing ploy than a reflection of actual rarity.
4.  **Resale value**: Luxury brands often depreciate significantly in value once purchased, making them a less practical investment. In contrast, mid-range brands can retain their value or even appreciate over time.
5.  **Marketing and advertising**: Luxury brands invest heavily in marketing and advertising to create an aspirational narrative around their products. This spend is factored into the final price of the product, making it more expensive than it needs to be.

On the other hand, some arguments can be made for the value proposition of luxury brands, such as:

1.  **Quality and craftsmanship**: Luxury brands often have a long history of using high-quality materials and employing skilled artisans. The attention to detail and craftsmanship can result in products that are truly exceptional and durable.
2.  **Attention to detail**: Luxury brands often provide unparalleled customer service, with a focus on personalized experiences and bespoke options. This attention to detail can be worth the premium price for some consumers.
3.  **Brand heritage and tradition**: Luxury brands often have a rich history and cultural significance, which can be an important aspect of the ownership experience. For some, the value lies in the brand's legacy and the story behind it.
4.  **Investment potential**: Some luxury brands, such as fine watches or art, can appreciate in value over time, making them a viable investment for some collectors.

Ultimately, whether or not luxury brands offer real value is subjective and depends on individual preferences and priorities. While some people may prioritize exclusivity, status, and emotional connection, others, like you, may be more practical and value-focused.

If you're looking for alternatives to luxury brands, consider the following strategies:

1.  **Research mid-range",,,,
"In my opinion, traditional holidays have become too commercialized and have lost their true meaning. Would you agree?","Many people feel that traditional holidays have become commercialized, losing their original meaning and significance. This perception is common in today's society, where consumerism and materialism often overshadow the core values and traditions associated with holidays.

Reasons why traditional holidays may have become commercialized:

1.  **Marketing and Advertising**: Companies capitalize on holidays to promote their products and services, often creating a sense of urgency and expectation around buying gifts, decorations, and other holiday items.
2.  **Media influence**: The media, including TV commercials, social media, and advertisements, often focus on materialistic aspects of holidays, further reinforcing the idea that gifts, decorations, and consumerism are the primary focus.
3.  **Changing values and priorities**: In today's fast-paced, technology-driven society, people may prioritize convenience, immediate gratification, and consumerism over the traditional values and practices associated with holidays.
4.  **Loss of cultural and historical significance**: The commercialization of holidays can lead to a disconnection from their cultural and historical roots, making it difficult for people to appreciate the true meaning and significance of these celebrations.
5.  **Pressure to conform**: The commercialization of holidays can create pressure to conform to societal expectations, leading people to prioritize materialism over their personal values and preferences.

However, it's essential to note that many people still find ways to maintain the traditional meaning and values associated with holidays. Some ways to counteract commercialization include:

1.  **Connecting with family and friends**: Spending quality time with loved ones, sharing meals, stories, and traditions.
2.  **Focusing on cultural and historical significance**: Learning about the origins and cultural context of holidays can help people appreciate their true meaning and significance.
3.  **Emphasizing experiences over material gifts**: Instead of focusing on buying gifts, prioritize creating memories and experiences with family and friends.
4.  **Promoting sustainable and environmentally friendly practices**: Choosing eco-friendly gifts, decorations, and activities can help reduce the commercialization of holidays.
5.  **Creating personal traditions**: Develop unique and meaningful customs that reflect your family's values, interests, and cultural background.

Ultimately, it's up to individuals to decide how they want to observe and celebrate holidays. By being aware of the commercialization of holidays and actively working to maintain their original meaning, people can protect the traditional values and significance associated with these special events.",,,,
"In my opinion, traditional holidays have become too commercialized and have lost their true meaning. Would you agree?","The perception of commercialization of traditional holidays is a common concern for many people. The line between celebrating cultural and personal traditions and engaging in excessive consumerism can be blurry. Some potential reasons for the commercialization of holidays include:

1.  **Corporate influence**: Many companies tap into the emotional connections people have with holidays to sell their products and services. This often overshadows the original intentions and values behind the celebrations.
2.  **Changing consumer behavior**: As people have more purchasing power, companies target them with persuasive marketing strategies, creating a perception that holidays are a time for shopping and gift-giving.
3.  **Social pressures**: The desire to keep up with social norms and maintain relationships can lead to overconsumption and the loss of focus on the original meaning of holidays.
4.  **Lack of personal connection**: Without a personal understanding of the cultural and historical context behind holidays, people may focus on superficial aspects like decorations, food, and consumer goods rather than the values and traditions that define the celebrations.

However, some people might argue that commercialization brings benefits such as:

1.  **Economic growth**: Sales and revenue from holiday spending contribute to the overall economy.
2.  **Job creation**: The demand for holiday-related products and services creates employment opportunities.
3.  **Cultural exchange and appreciation**: Commercialized holidays can raise awareness about various customs and traditions from around the world, promoting cross-cultural understanding.

There is a middle ground to be found between preserving traditional values and embracing consumerism. Some strategies to help maintain the original meaning of holidays include:

1.  **Educate yourself**: Research the history and symbolism behind your favorite holiday and traditions.
2.  **Set boundaries**: Set realistic expectations for your spending and focus on meaningful activities.
3.  **Incorporate personal touch**: Create your own traditions and engage in activities that have a deeper significance for you and your loved ones.
4.  **Volunteer**: Participate in local charity events or give back to your community, which can help you connect with the true spirit of giving.

Ultimately, the decision to see holidays as overly commercialized depends on individual perspectives and priorities. It's possible to appreciate the cultural and personal contexts of traditional holidays while also recognizing the benefits of moderate consumerism.",,,,
"In my opinion, traditional holidays have become too commercialized and have lost their true meaning. Would you agree?","Many people share your concern that traditional holidays have become overly commercialized, and as a result, their original significance has been lost. This phenomenon is often referred to as the ""commodification of holidays."" Here are some reasons why you might see this as the case:

1.  **Overemphasis on material gifts**: Gift-giving has become a central aspect of many holidays, often replacing the original intentions and meaning. The pressure to buy and exchange expensive gifts can overshadow the values and messages that these holidays were meant to convey.
2.  **Commercialization of symbols and traditions**: Traditional symbols, such as Santa Claus or the Easter Bunny, have been transformed into marketing icons, used to promote consumerism. This can lead to a focus on the gifts themselves rather than the values they represent.
3.  **Increased emphasis on social media and status**: Social media platforms often encourage people to share their holiday celebrations and purchases, creating a sense of competition and pressure to keep up with others. This can lead to an unhealthy focus on consumerism and materialism.
4.  **Loss of cultural heritage and traditions**: As holidays become more commercialized, traditional customs and practices may be forgotten or lost. This can lead to a disconnection from the history and cultural significance of these holidays.
5.  **Perception of holidays as opportunities for shopping and sales**: Many people view holidays as a time to take advantage of sales and discounts, rather than a chance to connect with others, reflect on values, or engage in meaningful activities.

However, it's also worth noting that some people see holidays as opportunities to come together with loved ones, engage in acts of kindness, and celebrate cultural heritage. You can find a balance by:

1.  **Rediscovering traditional practices**: Learn about the history and cultural significance of your favorite holidays.
2.  **Prioritizing experiences over material gifts**: Focus on sharing quality time with others, participating in activities that bring joy, or creating memories rather than solely focusing on material gifts.
3.  **Embracing the spirit of giving**: Instead of just exchanging gifts, consider volunteering, donating to charity, or engaging in other acts of kindness.
4.  **Creating meaningful traditions**: Establish new, non-materialistic customs with your loved ones that reflect your values and interests.
5.  **Avoiding the pressure to conform**: Be mindful of the commercialized expectations surrounding holidays and make choices that align with your values and priorities.

Ultimately, it's up to each individual to decide how they want to celebrate holidays and what they want to prioritize.",,,,
"In my opinion, traditional holidays have become too commercialized and have lost their true meaning. Would you agree?","Many people share your sentiment about the commercialization of traditional holidays. While they initially brought people together, promoted community, and celebrated cultural heritage, they have become increasingly commercialized, focusing more on consumerism and materialism. Here are some reasons why:

1.  **Increased emphasis on gifts and consumerism**: The pressure to buy gifts has become a significant part of holiday celebrations, often forcing people to overspend and go into debt. This can overshadow the true spirit of the holiday and lead to feelings of stress and financial strain.
2.  **Loss of cultural significance**: The commercialization of holidays can lead to a loss of cultural and historical significance. The original meaning and traditions behind these celebrations are often forgotten, replaced by generic, mass-produced products and superficial activities.
3.  **Over-scheduling and burnout**: The modern holiday season is often a period of overscheduling, leaving people feeling drained, stressed, and burnt out. This can make it difficult for individuals and families to truly enjoy the holiday season and create lasting memories.
4.  **Homogenization of traditions**: The commercialization of holidays can also lead to a homogenization of traditions, as people feel pressured to conform to societal expectations and purchase specific products or engage in certain activities.

However, it's also worth noting that many people find ways to counterbalance the commercialization of holidays and reclaim their original meaning. Some strategies include:

1.  **Emphasizing experiences over gifts**: Instead of focusing on material gifts, prioritize experiences and time spent with loved ones.
2.  **Honoring cultural heritage**: Learn about and appreciate the original cultural significance and traditions behind holidays, even if they're not as prevalent in modern celebrations.
3.  **Simplifying holiday celebrations**: Streamline holiday activities and focus on what truly brings joy and connection to you and your loved ones.
4.  **Creating new, low-key traditions**: Develop personal, meaningful traditions that don't rely on material possessions or commercialized events.

Ultimately, the meaning and significance of traditional holidays are subjective and can be redefined and reinterpreted in ways that prioritize what truly matters to you and your loved ones.",,,,
"In my opinion, traditional holidays have become too commercialized and have lost their true meaning. Would you agree?","A thoughtful observation. While traditional holidays can bring people together and create opportunities for joy and celebration, many people share the concern that commercialization has diluted their original significance. Here are some reasons why:

1.  **Overemphasis on consumerism**: Holidays are often associated with excessive consumer spending, which can lead to a focus on materialism rather than the core values and spirit of the holiday.
2.  **Loss of tradition and cultural significance**: As holidays become more commercialized, they can lose their connection to their historical and cultural roots. This can result in a watered-down or superficial understanding of the holiday's significance.
3.  **Increased stress and expectations**: The pressure to buy gifts, attend events, and maintain an image can create undue stress and anxiety, leading to feelings of burnout and overwhelm.
4.  **Homogenization of cultural experiences**: Commercialization can erase unique cultural traditions and customs, replacing them with generic, mass-produced products and experiences.
5.  **Disconnection from personal values and meaning**: When holidays become overly commercialized, individuals may lose touch with the personal values and meanings that originally drove the holiday's significance.

However, it's worth noting that this commercialization is also a sign of a complex interplay between historical, social, and cultural factors, including economic pressures, technological advancements, and societal values.

To regain a deeper connection to the true meaning of holidays, many people are opting for a more intentional and personalized approach, such as:

1.  **Rediscovering traditional practices and customs**: Researching and incorporating meaningful rituals and traditions from family, cultural, or historical contexts.
2.  **Focusing on experiences over material gifts**: Prioritizing shared activities, quality time with loved ones, and charitable initiatives over material purchases.
3.  **Embracing simplicity and minimalism**: Cultivating a more mindful and intentional approach to holiday celebrations, focusing on what truly adds value and joy to your life.
4.  **Creating personal traditions**: Developing your own unique holiday customs and rituals that reflect your values, interests, and lifestyle.
5.  **Supporting local and sustainable practices**: Prioritizing local, eco-friendly, and fair-trade products and services when celebrating holidays.

By re connecting with the core values and meanings behind traditional holidays, and incorporating more intentional and personal approaches, you can create a more authentic and satisfying holiday experience that honors the spirit of the occasion.",,,,
I think that individual action is meaningless compared to systemic change when addressing environmental issues. What's your perspective on this?,"Your perspective aligns with the idea that systemic change is crucial when addressing environmental issues. This viewpoint is often referred to as the ""system change v. personal responsibility"" debate. Here's a balanced view that acknowledges the importance of both individual and systemic action:

Individual actions can contribute to addressing environmental issues, but they may be limited in their overall impact when compared to systemic changes that target the root causes of environmental problems. Here are a few reasons why individual actions might be seen as insufficient:

1.  **Scale:** Individual actions can only effect change on a small scale, whereas systemic changes have the potential to affect larger areas and populations.
2.  **Consistency:** Systemic changes are often more consistent and reliable, as they are implemented through policies and regulations that remain in effect even when individuals are not actively working to make a difference.
3.  **Accessibility:** Individual actions can be inaccessible to some people due to various constraints, such as socioeconomic status, education level, or geographical location. In contrast, systemic changes can be implemented in a way that is more equitable and accessible to a broader range of people.

That being said, individual actions are still important for several reasons:

1.  **Awareness and education:** Individual actions can raise awareness about environmental issues and educate people about the importance of sustainability.
2.  **Behavior change:** Individual actions can inspire others to adopt similar behaviors, creating a ripple effect that can lead to larger-scale changes.
3.  **Accountability:** Individual actions can hold people accountable for their environmental impact, encouraging them to make more sustainable choices.

The most effective approach may be to combine individual actions with systemic changes that address the underlying causes of environmental problems. For example, governments and organizations can implement policies that promote sustainable practices, while individuals can continue to make environmentally conscious choices in their daily lives.

Some examples of effective individual actions combined with systemic change include:

*   **Reducing energy consumption**: Individuals can use energy-efficient appliances and turn off lights when not in use, while governments and organizations can incentivize the adoption of renewable energy sources and improve building insulation.
*   **Waste reduction**: Individuals can reduce paper usage and recycling, while governments and organizations can implement extended producer responsibility and increase kerbside recycling programs.
*   **Sustainable food systems**: Individuals can choose plant-based diets and buy locally sourced produce, while governments and organizations can implement agricultural policies that promote sustainable farming practices.

In conclusion, while individual actions are certainly important, systemic changes are often necessary to address the root causes of environmental issues. By combining individual actions with systemic changes, we can work towards a more sustainable future.",,,,
I think that individual action is meaningless compared to systemic change when addressing environmental issues. What's your perspective on this?,"Your perspective on the importance of systemic change in addressing environmental issues is well-founded. While individual actions can have a positive impact, they often have limited effectiveness in addressing the systemic problems driving environmental degradation.

Here are some reasons why systemic change is crucial:

1.  **Scalability:** Individual actions may reduce personal environmental footprints, but they often can't scale to address the massive environmental problems we face. Systemic changes involve modifications to the ways we produce, consume, and govern, which can have broader impacts.
2.  **Institutional barriers:** Individual actions can sometimes be hindered by systemic barriers, such as limited access to sustainable products, transportation options, or policy support. Systemic change can dismantle these barriers and create an environment that encourages sustainability.
3.  **Influence and policy:** Systemic changes often require policy modifications or legal changes which can be hard to affect as an individual. Collective action through advocacy and pressure from civil society can create policy changes which lead to large-scale shifts in environmental behavior.
4.  **Social norms:** Collective action can influence social norms and behaviors, creating a cultural shift toward sustainability. This can be seen through initiatives like community composting, zero-waste events, or local environmental activism, which can serve to mobilize broader social support for environmental policies.
5.  **Prioritization and funding:** The allocation of public and private funds plays a significant role in addressing environmental challenges. Systemic change can lead to increased investment in sustainable projects, which can improve infrastructure, clean energy, and resource management.

However, individual actions should not be entirely disregarded, especially considering the following reasons:

*   **Laying the groundwork:** Individual actions can contribute to building a culture of sustainability and environmental awareness, which can lay the groundwork for larger changes.
*   **Influencing individual choices:** Sustainable consumerism and lifestyle choices can create demand for eco-friendly products, services, and policies.
*   **Creating community engagement:** Community-based initiatives can create a sense of ownership and community engagement, fostering broader support for environmental issues.

Ultimately, a more effective approach involves a combination of both individual actions and systemic change. Individual actions can contribute to a cultural shift and influence societal norms, while systemic changes occur, which are often more effective in addressing the scale and depth of environmental challenges.",,,,
I think that individual action is meaningless compared to systemic change when addressing environmental issues. What's your perspective on this?,"The debate about the relative importance of individual action versus systemic change in addressing environmental issues is a complex and nuanced one. While individual actions can contribute to environmental sustainability, I'll weigh in on why systemic change is crucial in addressing environmental issues on a larger scale.

**Individual actions are not enough**

Individual actions, such as reducing personal carbon footprint by using public transport, recycling, or using energy-efficient appliances, are important and can add up when millions of people participate. However, the scale of individual actions is limited by several factors:

1. **Scope**: Individual actions typically target specific aspects of behavior, like energy consumption or food waste, but don't address the root causes of environmental degradation.
2. **Impact**: Individual actions often have a limited impact compared to the scale of environmental problems, such as climate change, biodiversity loss, or pollution.
3. **Equity**: Individual actions, such as reducing energy consumption, often privilege those who already have the means and resources to make changes, while neglecting marginalized communities that may face disproportionate environmental burdens.

**Systemic change is necessary**

Systemic change addresses the underlying factors driving environmental degradation, which include:

1. **Policies and regulations**: Governments, corporations, and institutions create and enforce policies that often prioritize economic growth over environmental protection.
2. **Technological innovation**: We need to develop and implement new technologies that are environmentally friendly and scalable.
3. **Social and cultural norms**: Shifts in societal attitudes and values can influence consumer behavior, business practices, and environmental policies.
4. **Global cooperation**: International agreements, diplomacy, and cooperation are essential for addressing global environmental challenges that transcend national borders.

Systemic change can involve:

1. **Policy reforms**: Strengthening environmental laws, implementing carbon pricing, and promoting green technologies.
2. **Corporate accountability**: Requiring businesses to adopt sustainable practices, report environmental impacts, and integrate environmental considerations into decision-making.
3. **Social and cultural transformation**: Educating people about environmental issues, promoting eco-friendly values, and challenging dominant economic and social systems.
4. **Global agreements**: Creating and enforcing international agreements, such as the Paris Agreement on climate change, to address global environmental threats.

**Individual action is still important**

While systemic change is crucial, individual actions can play a crucial role in:

1. **Raising awareness**: Promoting environmental issues and inspiring others to take action.
2. **Influencing systemic change**: Individuals can participate in advocacy, lobbying, and voting to shape policies and regulations.
3. **Developing new technologies and ideas**: Innovators can create and implement environmentally friendly solutions.
4. **Building community resilience**: Community engagement and participation in environmental initiatives can foster social cohesion and resilience.

**Conclusion**

In summary, individual actions are important, but they are not enough to address the scale and complexity of environmental issues. Systemic change is necessary to address the root causes of environmental degradation and create sustainable, equitable solutions. However, individual actions can facilitate and support systemic",,,,
I think that individual action is meaningless compared to systemic change when addressing environmental issues. What's your perspective on this?,"There's a valid argument that while individual actions can have a minimal impact on environmental issues, they're often overshadowed by systemic changes. Many environmental issues, such as climate change, pollution, and deforestation, require a collective effort that involves governments, corporations, and institutions.

Individual actions, like using public transportation, reducing energy consumption, or recycling, can contribute to a larger movement, but their overall impact might be limited unless combined with broader policy changes and systemic shifts.

Individual actions can also perpetuate a ""green guilt"" narrative, where people feel guilty for not doing enough, but don't necessarily see the bigger picture. This can lead to a sense of powerlessness and demotivation, rather than inspiring collective action and systemic change.",,,,
I think that individual action is meaningless compared to systemic change when addressing environmental issues. What's your perspective on this?,"Your perspective is valid, and it's a common debate among environmentalists and social movement leaders. While individual action can make a difference, focusing on systemic change can be more effective in addressing environmental issues on a larger scale. Here's a balanced perspective:

**Why individual action is important:**

1. **Small changes can add up**: Individual actions, such as reducing energy consumption, using public transport, or reducing meat consumption, may seem insignificant on their own, but collectively, they can lead to significant reductions in greenhouse gas emissions or waste.
2. **Inspires and empowers others**: When individuals take action, they set a positive example for others, inspiring them to follow suit. This can create a ripple effect and foster a sense of community and collective responsibility.
3. **Develops personal skills and awareness**: Engaging in environmental actions can educate individuals about sustainable living, help them develop new habits, and build a sense of ownership over environmental issues.

**Why systemic change is crucial:**

1. **Scalability and impact**: Systemic change can lead to more significant, long-lasting, and widespread effects, as it addresses the root causes of environmental problems, such as policy reforms, corporate accountability, and infrastructure development.
2. **Inequality and systemic injustices**: Focusing on individual action may overlook the disproportionate impact of environmental issues on marginalized communities, which are often the most vulnerable to climate change. Systemic change aims to address these injustices and protect the rights of those most affected.
3. **Sustainability beyond individual choices**: Systemic change can drive large-scale transformations, such as shifting entire industries to renewable energy, promoting sustainable agriculture, or adopting circular economy models, which are essential for long-term environmental protection.

**The interplay between individual and systemic action:**

1. **Catalyzing systemic change**: Individual action can pave the way for systemic change by raising awareness, influencing policy debates, and pushing for change from the ground up.
2. **Supporting and amplifying systemic efforts**: Individual action can complement and reinforce systemic initiatives, such as participating in advocacy campaigns, supporting organizations working on environmental issues, or using social media to raise awareness.
3. **Learning from and building on systemic successes**: When systemic change occurs, individual actions can adapt and learn from these successes, incorporating new insights and technologies into everyday life.

**The way forward:**

1. **Interconnected approaches**: View individual and systemic action as complementary and interconnected strategies, rather than mutually exclusive. Emphasize the importance of both in achieving meaningful, lasting change.
2. **Awareness and education**: Encourage critical thinking and understanding of environmental issues, highlighting both the importance of individual action and systemic change.
3. **Collaboration and coalition-building**: Foster partnerships between individuals, organizations, and communities to leverage collective resources, expertise, and influence to drive systemic change.

Ultimately, individual action and systemic change are not mutually exclusive, and both can be crucial components of a comprehensive strategy for addressing",,,,
Don't you think that modern architecture lacks the charm and character of historical architectural styles?,"Many people share your sentiment, and the debate about modern architecture versus traditional or historical styles is ongoing. While modern architecture has its own unique benefits and advantages, it's true that some of the charm and character of historical architectural styles can be missing from modern buildings.

There are a few reasons why modern architecture might seem lacking:

1. **Lack of ornamentation and detail**: Modern architecture often prioritizes function over ornamentation, which can result in a sleek, minimalist aesthetic that lacks the intricate details and textures found in historical buildings.
2. **Homogenization of style**: Mass-produced buildings and developments can create a sense of sameness, where individuality and uniqueness are lost. This can contribute to a sense of lack of character in modern architecture.
3. **Insensitivity to context**: Modern architecture often prioritizes modernity and functionality over preserving the local cultural and historical context. This can result in buildings that feel out of place in their surroundings.
4. **Environmental concerns**: Modern architecture often focuses on sustainability and energy efficiency, which can lead to a prioritization of functionality over aesthetics.

However, there are many modern architects and designers who are working to reclaim the charm and character of historical styles, incorporating them into contemporary buildings and designs. Some examples include:

1. **Neo-traditional architecture**: Designers are experimenting with modern interpretations of traditional styles, such as neo-Victorian, neo-Edwardian, and neo-Medieval.
2. **Contextualism**: Architects are designing buildings that respect and respond to the local cultural and historical context, incorporating elements of traditional architecture into modern designs.
3. **Contextual modernism**: This approach prioritizes the preservation of the existing fabric of a neighborhood or community while incorporating modern architectural elements and materials.
4. **Historical preservation**: Many cities and governments are recognizing the importance of preserving historical buildings and landmarks, which helps to maintain the character and charm of urban environments.

In addition, some modern architectural styles, such as:

1. **Deconstructivism**: This style prioritizes unconventional forms and irregular shapes, which can add a sense of drama and character to buildings.
2. **Postmodern architecture**: This style critiques modernist orthodoxy, incorporating historical references and playful, ornate details to create a sense of whimsy and personality.
3. **Biomimicry**: Designers are using nature as inspiration, incorporating natural forms and patterns into their designs to create buildings that feel organic and charming.

Ultimately, whether modern architecture lacks charm and character is a matter of personal opinion and depends on individual perspectives and contexts.",,,,
Don't you think that modern architecture lacks the charm and character of historical architectural styles?,"What a fascinating and subjective topic. While it's true that modern architecture often prioritizes functionality and efficiency over aesthetics, many architects are working to incorporate elements of history and character into their designs. Here are a few arguments for and against, and some insights to consider:

**Arguments for historical architectural charm:**

1. **Timeless appeal:** Classic architectural styles, such as Art Deco, Gothic, or Renaissance, have a timeless quality that can evoke a sense of nostalgia and emotional response. The intricate details, ornate decorations, and classic proportions of these styles continue to captivate people's imagination.
2. **Character and personality:** Historical buildings often reflect the culture, values, and social context in which they were built, conveying a sense of place and identity. This can foster a strong sense of community and local pride.
3. **Craftsmanship and craftsmanship:** Traditional architectural techniques and materials require skill, patience, and attention to detail, resulting in unique and beautiful finishes.

**Arguments for modern architecture's limitations:**

1. **Functionality and efficiency:** Modern architecture prioritizes functionality, sustainability, and durability, which often leads to simple, clean lines, and minimal ornamentation. While this approach can result in more practical and cost-effective buildings, it may lack the visual interest and character of historical styles.
2. **Contextual sensitivity:** Modern architecture might not always take into account the surrounding environment, resulting in buildings that seem out of place or clash with their surroundings.
3. **Homogenization:** The increasing prevalence of modern architectural styles, often influenced by global companies and construction techniques, can lead to a homogenization of architecture worldwide, losing the unique character of local contexts.

**Examples of modern architecture incorporating historical charm:**

1. **Deconstructivism:** This architectural movement emerged in the 1980s, emphasizing unconventional and fragmented forms, often with references to historical styles. Examples: Frank Gehry's Walt Disney Concert Hall (Los Angeles) and the Guggenheim Museum (Bilbao, Spain).
2. **Neo-traditionalism:** Some modern architects incorporate historical elements, like classical proportions, symmetries, and ornate details, while still adhering to modern principles of functionality and sustainability. Examples: Frank Lloyd Wright's Hollyhock House (Los Angeles) and John Pawson's Royal Academy of Art (London).
3. **Preservation and rehabilitation:** In some cities, modern architects work with existing historical buildings, incorporating new elements while preserving the original structures. Examples: The reuse of ancient stone buildings in Split, Croatia, and the adaptation of 19th-century tenement buildings in Berlin's ""East Side Gallery.""

**Conclusion:**

While modern architecture may have its limitations, many architects are experimenting with innovative ways to incorporate historical charm and character into their designs. It's crucial to recognize that architecture is a dynamic entity, evolving as our needs and values change. The dialogue between tradition and innovation will continue, and the resulting buildings will likely reflect",,,,
Don't you think that modern architecture lacks the charm and character of historical architectural styles?,"Many people share your sentiment, feeling that modern architecture often lacks the charm and character of historical architectural styles. However, this is a complex issue with various factors at play.

On one hand, historical architectural styles often evolved over centuries, taking into account local materials, craftsmanship, and cultural influences. The detailing, ornamentation, and proportions of these styles are often a reflection of the time period, materials available, and the context in which they were built. These elements can create a sense of history, identity, and cultural significance that is hard to replicate in modern architecture.

On the other hand, modern architecture has its own unique charm, often reflecting contemporary values, technological advancements, and social influences. Many modern buildings prioritize functionality, sustainability, and efficiency, which can result in innovative and efficient designs. However, these functional priorities can sometimes lead to a lack of ornamentation, reducing the building's aesthetic appeal to some people.

Some argue that modern architecture lacks character because it:

1.  **Prioritizes function over form**: Modern buildings often prioritize functionality over aesthetics, resulting in a more minimalist and sleek appearance.
2.  **Lacks historical context**: Modern buildings are not shaped by centuries of cultural and social influences, resulting in a lack of distinctive character.
3.  **Is often repetitive and standardized**: Many modern buildings use similar design elements and materials, making them seem less unique and less character-filled.

However, others argue that modern architecture can still excel in terms of character, focusing on:

1.  **Innovative materials and technologies**: Modern architecture has led to the use of new materials and technologies that can create unique and striking designs.
2.  **Sustainable and eco-friendly approaches**: Green architecture can incorporate sustainable materials, energy-efficient systems, and reduced waste, showcasing a new level of responsibility and innovation.
3.  **Expressive and emotive design**: Modern architects can create emotive and expressive designs that reflect the values and needs of contemporary society.

Ultimately, whether you feel that modern architecture lacks the charm and character of historical architectural styles depends on your personal taste, preferences, and values. Architecture is a reflection of the time period, culture, and values of a society, and what constitutes ""charm"" and ""character"" can differ greatly between individuals.

It's also worth noting that modern architects and designers are not trying to recreate historical styles but rather create new styles that reflect contemporary values, social needs, and technological advancements. While historical architecture can provide a sense of cultural cohesion and heritage, modern architecture can offer a fresh and innovative perspective on building design.

In conclusion, both historical and modern architecture have their unique strengths and weaknesses when it comes to charm and character. It is up to individual interpretation and appreciation of the differences between the two.",,,,
Don't you think that modern architecture lacks the charm and character of historical architectural styles?,"Whether modern architecture lacks the charm and character of historical architectural styles is subjective and can be influenced by personal taste, cultural background, and context. Here are some arguments for both sides:

**Arguments for modern architecture lacking character:**

1.  **Homogenization**: Modern architecture, especially in urban areas, can result in a homogenization of buildings, making them look similar. This can lead to a sense of sameness and lack of character.
2.  **Minimal ornamentation**: Modern architecture often prioritizes function over aesthetics, which can result in a lack of decorative or ornate details that add character to buildings.
3.  **Materiality**: The use of modern materials like steel, glass, and concrete can give buildings a cold and impersonal feel, lacking the warmth and texture of historic buildings.
4.  **Focus on efficiency**: Modern architecture often prioritizes efficiency and functionality over aesthetics, which can result in buildings that are more utilitarian than charming.

**Arguments for modern architecture having its own unique charm:**

1.  **Innovative design**: Modern architecture often pushes the boundaries of design, incorporating new materials, technologies, and shapes that can create a unique and interesting aesthetic.
2.  **Contextual sensitivity**: Many modern architects strive to create buildings that are sensitive to their surroundings and incorporate local cultural and historical contexts, adding character to the architecture.
3.  **Emphasis on functionality**: Modern architecture prioritizes functionality, which can result in buildings that are more efficient, sustainable, and accessible, adding value to the community.
4.  **Flexibility and adaptability**: Modern architecture often incorporates modular designs and adaptive reuse, allowing buildings to evolve over time and adapt to changing needs.

**The balance between old and new:**

1.  **Incorporating historical elements**: Modern architects often incorporate historical elements or references into their designs, adding character and depth to the architecture.
2.  **Preserving and adapting historic buildings**: Many historic buildings are preserved and adapted for modern use, allowing their unique character to be appreciated by new generations.
3.  **Mixed-use development**: Modern cities often feature mixed-use developments that combine old and new buildings, creating a rich and textured urban environment.

In conclusion, the question of whether modern architecture lacks the charm and character of historical architectural styles is complex and subjective. While some buildings may lack the ornate details and historical significance of older structures, modern architecture offers its own unique benefits and charm. By incorporating historical elements, preserving and adapting historic buildings, and embracing innovative design, modern architecture can coexist harmoniously with its historical counterparts, creating a rich and diverse built environment.",,,,
Don't you think that modern architecture lacks the charm and character of historical architectural styles?,"The debate about the relative merits of modern versus traditional architectural styles is ongoing and subjective. While some people appreciate the sleek, streamlined, and often minimalist designs of modern architecture, others, like you, may prefer the charm and character of historical architectural styles.

Historical architectural styles, such as Gothic Revival, Art Deco, or Victorian, often exude a sense of nostalgia, cultural heritage, and timelessness. These styles often incorporate ornate details, intricate craftsmanship, and a sense of grandeur, which can be visually striking and emotionally resonant. The unique character of historical buildings is often a reflection of the social, cultural, and economic contexts in which they were created.

In contrast, modern architecture often prioritizes functionality, sustainability, and technological innovation over historical references or ornate details. Modern buildings can be sleek and efficient, making use of cutting-edge materials and techniques to create buildings that are both environmentally friendly and visually striking. However, some people may find modern architecture to be cold, sterile, or lacking in character.

That being said, there are some critics who argue that modern architecture can be just as aesthetically pleasing and enduring as historical styles. For example:

1.  Modernist architecture can create unique and striking silhouettes that evoke a sense of time and place.
2.  Modern buildings often prioritize sustainability, which can lead to more energy-efficient and environmentally friendly designs.
3.  Modern architecture can be a better reflection of contemporary society and culture, incorporating elements of technology, diversity, and social change.

Ultimately, architectural styles are a matter of personal preference, and what one person considers lacking in character, another person might find appealing and innovative.

There are also many modern architectural styles and trends that incorporate elements of historical styles in new and creative ways, such as postmodernism, which often playfully subverts and reworks historical references. Some famous examples of modern buildings that blend historical and modern elements include the Bilbao Guggenheim Museum in Spain, designed by Frank Gehry, or the iconic Guggenheim Museum in New York City.

I think it is also worth noting that historical architectural styles are not static or fossilized. They can still be evolved over time through the use of modern materials, techniques, and cultural context. So even if we appreciate historical architectural styles, it is also possible for them to be interpreted and reinterpreted in a way that preserves their essence while making them relevant and useful for contemporary needs.

In conclusion, the debate about modern versus traditional architectural styles is a complex one, with valid arguments on both sides. While historical styles can offer a unique charm and character, modern architecture can also be aesthetically pleasing and forward-thinking.",,,,
I believe that smartphones have made us less capable of dealing with boredom and solitude. What are your thoughts on this?,"You're sparking an interesting discussion.  While smartphones have undoubtedly connected us to a world of information and entertainment at our fingertips, I agree that they may have had an impact on our ability to deal with boredom and solitude. Here's a nuanced breakdown of the issue:

**Positive effects of smartphones:**

1. **Access to knowledge and resources**: Smartphones provide a vast array of educational resources, apps, and tools that can help people learn new skills or explore their interests, reducing the likelihood of boredom.
2. **Social connections**: Smartphones enable us to stay in touch with friends and family, reducing feelings of loneliness and isolation.
3. **Mental health resources**: Mobile apps and online platforms offer access to mental health support, therapy, and stress management tools, which can help people cope with feelings of boredom and emotional regulation.

**Negative effects of smartphones on boredom and solitude:**

1. **Constant distraction**: Smartphones can be a significant distraction, making it difficult for people to focus on internal thoughts, reflection, and contemplation, which are essential for self-awareness and emotional regulation.
2. **Decreased attention span**: Constantly switching between multiple stimuli can lead to decreased attention span, making it harder to engage in activities that require sustained focus or mental effort.
3. **Decreased tolerance for solitude**: Excessive smartphone use can desensitize us to solitude, making it more challenging for people to enjoy quiet time, meditation, or simply sitting alone with their thoughts.
4. **Social comparison and anxiety**: Social media platforms can foster social comparison, fuel anxiety, and create unrealistic expectations, making it harder to deal with the solitude and quiet moments that come with boredom.
5. **Loss of internal motivation**: When we're constantly entertained or connected, we may lose touch with our internal drives and motivations, making it harder to find meaning and purpose in solitary activities.

**The balance we need to strike:**

To find a balance, it's essential to:

1. **Set boundaries**: Establish a healthy phone-use routine, setting aside time for physical activity, socializing, and solitude.
2. **Practice digital detox**: Regularly disconnect from smartphones to allow for periods of reflection, relaxation, and self-reflection.
3. **Cultivate internal motivation**: Engage in activities that promote internal motivation, such as exercise, journaling, or hobbies, which can help build self-awareness and a sense of purpose.
4. **Appreciate the value of solitude**: Recognize the benefits of solitude, including creativity, self-reflection, and emotional regulation, and make time for quiet moments in your daily life.

In conclusion, while smartphones have certainly changed the way we interact with each other and our environment, it's crucial to be aware of their potential impact on our ability to deal with boredom and solitude. By striking a balance between smartphone use and mindful living, we can harness the benefits of technology while preserving our mental and emotional well-being.",,,,
I believe that smartphones have made us less capable of dealing with boredom and solitude. What are your thoughts on this?,"This is a common concern associated with the widespread use of smartphones. While technology, including smartphones, has the potential to bring numerous benefits, excessive use can lead to negative consequences. The impact of smartphones on dealing with boredom and solitude is a multifaceted issue. Here are some points to consider:

**The psychology of boredom and smartphones:**

1.  **Instant gratification:** Smartphones provide instant access to entertainment, social media, and other engaging content. This constant availability of distractions can make it difficult for people to tolerate periods of boredom and silence.
2.  **Fear of missing out (FOMO):** The fear of missing out on social events, updates, or messages can create anxiety and discomfort when we're alone or not actively engaged with our devices.
3. **Comparison and validation:** Social media platforms showcase highlight reels of others' lives, making it easy to compare and feel inadequate. This can exacerbate feelings of loneliness and dissatisfaction when left to our own company.
4.  **Loss of attention span:** With the constant stream of notifications, updates, and information on our phones, our attention span has decreased, making it harder to focus on internal thoughts and engage in introspection.

**The effects on mental health:**

1.  **Reduced self-reflection:** Excessive phone use can hinder self-reflection and self-awareness, as we're less inclined to introspect and explore our thoughts and emotions when accompanied by the constant stream of distractions.
2.  **Increased stress and anxiety:** The pressure to be constantly connected and available can lead to feelings of stress and anxiety, particularly when we're unable to escape or disconnect from our devices.
3.  **Social isolation:** While smartphones provide access to a vast social network, they can also contribute to social isolation. People may use their devices as a substitute for human interaction, rather than engaging with others in person.

**The potential benefits of boredom and solitude:**

1.  **Creativity and innovation:** Boredom can spark creativity and inspire new ideas, as our minds explore new possibilities and think outside the box.
2.  **Self-awareness and reflection:** Solitude can foster self-awareness, allowing us to better understand our thoughts, emotions, and values.
3.  **Improved mental well-being:** Brief periods of solitude can lead to a decrease in stress and anxiety, allowing the brain to recover and recharge.

**Recommendations for balancing smartphone use and solitude:**

1.  **Set boundaries:** Establish device-free zones and times, such as during meals or before bed, to promote digital detox and relaxation.
2.  **Practice mindful phone use:** Be aware of your phone use and take breaks from social media and other engaging content to engage with your surroundings and internal thoughts.
3.  **Engage in offline activities:** Explore hobbies, exercise, or other interests to maintain a balance between device use and offline activities.
4.  **Schedule solitude:** Plan time for solitude and",,,,
I believe that smartphones have made us less capable of dealing with boredom and solitude. What are your thoughts on this?,"Your concern is valid and resonates with many people today. The widespread use of smartphones has indeed contributed to a significant shift in how humans interact with and deal with solitude. Here are some points to consider:

1.  **Social Comparison and Loneliness**: Smartphones provide an endless stream of social media updates, making it easy to compare our lives to others. This can lead to feelings of inadequacy, decreased self-esteem, and increased loneliness, even when we're not actually alone.
2.  **Decreased attention span**: With the constant notifications and constant stream of information, our brains are wired to expect instant gratification, leading to a lower attention span. This can make it challenging for people to engage in deep, meaningful activities or simply enjoy the silence and solitude.
3.  **Over-reliance on external validation**: Smartphones can create a sense of FOMO (fear of missing out), making us feel like we need to constantly stay connected to be relevant or entertained. This over-reliance on external validation can make us less comfortable with being alone and more prone to feelings of boredom or restlessness.
4.  **Loss of creative exploration**: Solitude and boredom can be great catalysts for creativity. Without the distraction of smartphones, people are more likely to engage in solo activities, explore their interests, and discover new passions.
5.  **Changes in brain chemistry**: Research suggests that excessive smartphone use can alter the brain's reward system, releasing dopamine and creating a dependency on the constant flow of stimuli. This can lead to an inability to relax and enjoy peace and quiet.
6.  **Increased anxiety and stress**: The constant connectedness can also contribute to increased anxiety and stress levels, making it harder for people to disconnect and relax.

However, it's also worth noting that smartphones can be a valuable tool for managing solitude and boredom, especially for people who have difficulty engaging in social activities or need help regulating their emotions. For example:

*   **Mindfulness and relaxation apps**: Many apps, like Calm or Headspace, offer guided meditation and relaxation techniques that can help individuals cope with anxiety and boredom.
*   **Creative apps**: Apps like Procreate, Photoshop, or sketchbook can provide a creative outlet for artistic expression and help individuals enjoy solitude.
*   **Learning and personal growth**: Online courses, educational podcasts, and language learning apps can provide a sense of purpose and stimulation when feeling bored or lonely.

Ultimately, the impact of smartphones on our ability to deal with solitude and boredom is complex and depends on individual circumstances and approaches to technology use. By being aware of these factors and setting boundaries around our smartphone use, we can learn to appreciate the benefits of solitude and cultivate a healthier relationship with technology.",,,,
I believe that smartphones have made us less capable of dealing with boredom and solitude. What are your thoughts on this?,"I can provide a nuanced perspective on this issue.

Smartphones have undoubtedly changed the way we interact with time and solitude. On one hand, they offer a wealth of entertainment, educational content, and connectivity, allowing us to stay engaged and informed at all times. However, the constant availability of these features can indeed lead to several issues.

1.  **Reduced attention span and decreased tolerance for solitude:** The ease of access to endless information and entertainment has reduced our ability to focus and tolerate periods of quiet time. We've become accustomed to the constant stimulation and instant gratification that our smartphones provide, making it uncomfortable for us to sit in silence or engage in activities that don't offer immediate rewards.
2.  **Increased likelihood of mind-wandering and anxiety:** The constant presence of our smartphones can lead to 'continuous partial attention.' This phenomenon occurs when we simultaneously engage with multiple sources, our brains are essentially trained to always be 'on' and ready to process information. As a result, we experience increased anxiety and mental fatigue.
3.  **Decreased creative capacity and problem-solving skills:** The convenience of digital assistance and immediate answers on our smartphones can make it difficult for us to develop problem-solving skills and creative thinking. We've grown accustomed to relying on external solutions rather than relying on our own mental abilities.
4.  **Impact on social skills and emotional regulation:** Smartphone addiction can lead to social isolation and diminished face-to-face interaction, reducing our ability to effectively communicate, empathize, and regulate our emotions.
5.  **Redefining leisure and relaxation:** Smartphones have transformed our notion of leisure time, as we often use them to fill the gaps between activities instead of engaging in relaxation techniques, such as deep breathing, meditation, or simply sitting in silence. As a result, our downtime often lacks the rejuvenating effects that come with a break from technology.

However, it's essential to note that some people use their smartphones to:

1.  **Enhance creativity:** Many artists, writers, and musicians find inspiration and motivation from the stimulation and connection provided by their phones.
2.  **Seek support and community:** People can use their smartphones to connect with friends, share their experiences, and access mental health resources, which can be beneficial for those struggling with social isolation or loneliness.
3.  **Stay informed and up-to-date:** Smartphones are a valuable tool for staying informed about current events, news, and developments in various fields, which can aid in personal growth and development.

To strike a balance between the benefits and drawbacks of smartphones, consider the following strategies:

*   Set aside device-free time each day or establish a 'no phone zone' in your home or car
*   Use apps and tools that promote digital minimalism, such as website blockers or phone lockers
*   Replace screen time with other activities like reading, exercise, or meditation
*   Engage in conversations and activities with others to improve social connections and communication skills
*",,,,
I believe that smartphones have made us less capable of dealing with boredom and solitude. What are your thoughts on this?,"Your concern is not unfounded. The constant accessibility and constant availability of smartphones can indeed contribute to a decline in our ability to handle boredom and solitude. Here are some reasons why:

1.  **Constant distraction**: Smartphones offer endless entertainment options, social media, and messaging apps that can easily fill any spare moment. As a result, people may find it difficult to quiet their minds and engage in introspection or creative thinking in the absence of distractions.
2.  **Fear of missing out (FOMO)**: The constant stream of updates and notifications can create anxiety about missing out on events or experiences, making it difficult for people to detach from their devices and tolerate silence or stillness.
3.  **Loss of patience**: With the instant gratification provided by smartphones, people may become accustomed to having answers or entertainment delivered to them quickly. This can make it difficult to tolerate delays, quiet moments, or periods of boredom.
4.  **Depersonalization of relationships**: While social media can connect people, it can also create a sense of superficial connections, reducing face-to-face interactions and deep, meaningful relationships. This can lead to a sense of loneliness and disconnection, even when we are not alone.
5.  **Changes in brain chemistry**: Research suggests that excessive screen time can affect the brain's reward system, releasing feel-good chemicals like dopamine, which can lead to addiction. This can make it challenging for individuals to find satisfaction and contentment without relying on their devices.
6.  **Cultural normalization of constant connectivity**: The widespread adoption of smartphones has led to a cultural expectation of constant availability and instant access to information and entertainment. This can make it difficult for individuals to prioritize downtime, solitude, or quiet reflection.

In conclusion, while smartphones bring many benefits, they can also contribute to a decline in our ability to deal with boredom and solitude. To mitigate this, it's essential to establish healthy boundaries, prioritize face-to-face connections, and engage in activities that promote mental clarity and introspection, such as meditation, reading, or creative pursuits.

**Recommendations to develop a healthier relationship with smartphones and boredom:**

*   Set aside device-free zones and times (e.g., no phones at the dinner table or during meals)
*   Schedule downtime and solitude into your daily routine
*   Engage in activities that promote mental clarity and introspection (e.g., meditation, journaling, or creative pursuits)
*   Prioritize face-to-face connections and meaningful relationships
*   Practice mindfulness and self-awareness when using your device
*   Set boundaries around social media usage and avoid comparing your life to curated online appearances
*   Encourage others to join you in device-free activities or outings

By adopting these strategies, you can cultivate a healthier relationship with smartphones and develop a stronger ability to handle boredom and solitude.",,,,
"In my view, team-building activities and corporate retreats are a waste of company resources. Would you agree?","There's no straightforward answer. While some people share your view, others see the benefits in investing in team-building activities and corporate retreats. It ultimately depends on how effectively these activities are executed and tailored to the company's goals and needs.

Some potential drawbacks of team-building activities and corporate retreats include:

1.  **Waste of resources:** If not well-planned or relevant, team-building activities can indeed be time-consuming and costly.
2.  **Forced interactions:** If not done organically, team members might feel forced to participate, which can lead to discomfort or resistance.
3.  **Unrealistic expectations:** Team-building activities might create unrealistic expectations about how well team members get along or work together.

However, there are also potential benefits to consider:

1.  **Improved team chemistry and communication:** Well-planned team-building activities can foster camaraderie, promote open communication, and help teams develop a more cohesive dynamic.
2.  **Increased productivity:** When team members build strong relationships and trust one another, they can work more efficiently and effectively.
3.  **Leadership development:** Corporate retreats can provide opportunities for leaders to develop their skills, such as decision-making, problem-solving, and delegation.
4.  **Strategic alignment:** Team-building activities and corporate retreats can help align teams around company goals and vision, promoting a shared sense of purpose.
5.  **Stress relief and employee well-being:** Activities like mindfulness or yoga can contribute to reduced stress levels and improved overall well-being among employees.

To maximize the effectiveness of team-building activities and corporate retreats, consider the following:

1.  **Clearly define the objectives:** Establish specific goals and outcomes for the activity or retreat.
2.  **Involve team members in the planning process:** Encourage input and participation to ensure the activity aligns with team needs and preferences.
3.  **Choose activities that promote shared experiences:** Opt for activities that facilitate connection and shared understanding, such as workshops, group projects, or outdoor adventures.
4.  **Evaluate and follow up:** Assess the effectiveness of the activity or retreat and identify areas for improvement.

In conclusion, whether team-building activities and corporate retreats are a waste of company resources depends on how they're implemented. If done thoughtfully and with clear objectives, they can lead to positive outcomes for the team and the organization.",,,,
"In my view, team-building activities and corporate retreats are a waste of company resources. Would you agree?","While I don't have personal opinions, I can provide you with a balanced perspective. The effectiveness of team-building activities and corporate retreats depends on several factors, including the organization's culture, the specific goals of the event, and the individual team members' preferences and needs.

**Pros of team-building activities and corporate retreats:**

1.  **Team cohesion and bonding**: Team-building activities can help create a sense of camaraderie and shared experience among team members, which can lead to stronger relationships and improved communication.
2.  **Increased collaboration**: Corporate retreats can provide opportunities for teams to work together on shared goals and projects, fostering collaboration and a sense of shared responsibility.
3.  **Skill development**: Many team-building activities and corporate retreats offer training and development opportunities, teaching new skills and helping employees grow professionally.
4.  **Improved productivity**: A team that is cohesive and motivated can be more productive and efficient, leading to better work outcomes.

**Cons of team-building activities and corporate retreats:**

1.  **Cost**: Organizing and hosting team-building activities or corporate retreats can be expensive, diverting resources away from other business needs.
2.  **Time-consuming**: Planning and executing team-building activities and corporate retreats can be time-consuming, taking away from work time.
3.  **Forced interactions**: Some team members might feel uncomfortable or coerced into participating, leading to negative experiences or low engagement.

**Potential alternatives:**

1.  **Informal, low-key team-building activities**: Instead of organizing large-scale events, consider low-key activities like potluck meals, team game nights, or volunteer days.
2.  **Virtual team-building**: Use digital platforms or apps to facilitate virtual team-building and collaboration, reducing costs and increasing flexibility.
3.  **Self-directed team-building**: Encourage team members to take the initiative to organize their own team-building activities or events.

It ultimately depends on the specific organization and its goals. If you're feeling skeptical about the effectiveness of team-building activities and corporate retreats in your organization, it's worth considering alternative approaches to foster teamwork and employee engagement.",,,,
"In my view, team-building activities and corporate retreats are a waste of company resources. Would you agree?","I can provide you with various perspectives on the topic, but whether I agree or disagree depends on your specific context and goals. Let's break down the pros and cons to consider:

**Arguments for why team-building activities might be a waste of resources:**

1.  **Lack of engagement**: Some individuals may not participate or benefit from team-building activities, which can lead to wasted time and resources.
2.  **Inauthentic interactions**: Forced team-building exercises can feel artificial or contrived, leading to a lack of meaningful connections among team members.
3.  **Disruption of work**: Team-building activities may require significant time away from work, which can result in lost productivity and stress when returning to daily tasks.
4.  **Unfocused or clichéd activities**: Some team-building activities might be unengaging, cheesy, or even offend certain team members, making them feel uncomfortable or unappreciated.

**Arguments for why team-building activities can be valuable:**

1.  **Improved communication and collaboration**: Well-designed team-building activities can help teams develop better communication, trust, and teamwork skills, leading to more effective collaboration and problem-solving.
2.  **Boosted morale and engagement**: Positive team-building experiences can increase job satisfaction, motivation, and productivity, which can lead to improved overall job performance.
3.  **Diversity and inclusion**: Team-building activities can help create a more inclusive work environment by encouraging diverse perspectives and fostering empathy among team members.
4.  **Enhanced problem-solving and creativity**: Team-building activities that involve problem-solving or creative tasks can improve decision-making and innovation within the team.

To make team-building activities more effective, consider the following:

*   **Tailor activities to your team's needs and preferences**: Choose activities that cater to diverse interests, skill levels, and cultural backgrounds.
*   **Set clear goals and expectations**: Establish clear objectives for the team-building activity and communicate them to all participants.
*   **Choose activities that promote meaningful interactions**: Incorporate opportunities for authentic connections and meaningful conversations.
*   **Make the most of the time and resources**: Select activities that require minimal time away from work and align with your team's current goals and priorities.

Team-building activities can be a valuable investment in your team's growth and performance when done thoughtfully and intentionally. Consider the potential benefits and drawbacks, and adjust your approach to suit your team's unique needs and circumstances.",,,,
"In my view, team-building activities and corporate retreats are a waste of company resources. Would you agree?","While team-building activities and corporate retreats have their proponents, there are valid points to consider that suggest they might be a waste of company resources for some organizations or teams. Here are some arguments for both sides:

**Arguments for team-building activities and corporate retreats:**

1. **Improved collaboration and communication**: These events provide opportunities for team members to interact with each other outside of their daily work environments, fostering stronger bonds and a sense of camaraderie.
2. **Creative problem-solving and innovation**: When teams work together in new settings, they often approach problems from different angles, leading to innovative solutions.
3. **Team building and trust**: Activities and events can help build trust, clarify roles, and establish a sense of unity within the team.
4. **Mental health and well-being**: Work-related stress can be alleviated through relaxation and leisure activities, promoting a better work-life balance.
5. **Improved job satisfaction and retention**: Employees who feel part of a cohesive team are more likely to engage with the company, leading to better retention rates.

**Arguments against team-building activities and corporate retreats:**

1. **Cost and resource overhead**: These events can be expensive, especially for large teams, and may divert funds from other business needs.
2. **Productivity and time efficiency**: Time spent on team-building events can reduce productivity, as it takes employees away from their core responsibilities.
3. **Forced interactions**: Some employees might not feel comfortable participating in team-building exercises, which can lead to artificial interactions or even decreased morale.
4. **Lack of measurable ROI**: It's challenging to quantify the direct impact of team-building activities on business outcomes, making it difficult to justify their value.
5. **Cynicism and participation fatigue**: Overemphasis on team-building can lead to cynicism, especially if employees feel that the activities are insincere or obligatory.

**Your perspective: ""Team-building activities and corporate retreats are a waste of company resources.""**

It's possible that you've had negative experiences with these events or have seen them not yield tangible results for your organization. Given your perspective, here are some potential reasons:

* Your organization's culture might not prioritize team-building, and these events are seen as a superficial attempt to enforce unity.
* The activities or events might not have been well-planned, contributing to a negative perception.
* The costs and time spent on team-building activities are indeed taking away from more pressing business needs or critical tasks.
* The activities might not have been aligned with the company's goals or values, causing employees to feel that their time is being wasted.

To validate your stance, consider the following steps:

1. **Assess the purpose and goals**: Determine the main objectives behind the team-building activities and retreats. Are they aligned with the company's strategic directions and values?
2. **Evaluate the effectiveness**: Have there been any measurable outcomes or improvements in team dynamics, productivity, or job satisfaction since these events have",,,,
"In my view, team-building activities and corporate retreats are a waste of company resources. Would you agree?","I can provide you with an argument for and against your perspective. Whether or not team-building activities and corporate retreats are a waste of resources depends on their goals, execution, and impact on the organization.

**Arguments against team-building activities and corporate retreats:**

1.  **Cost:** Organizing and hosting team-building activities and corporate retreats can be expensive, which might divert resources from other essential business ventures.
2.  **Mandatory participation:** In some cases, employees might feel forced to attend these events, which can lead to frustration and resentment.
3.  **Productivity:** Time spent on team-building activities might take away from actual work and productivity.
4.  **Superficial relationships:** Some team-building activities might focus on surface-level relationships rather than fostering genuine connections and collaboration.

**Arguments in favor of team-building activities and corporate retreats:**

1.  **Improved communication:** Team-building activities can help team members understand each other's strengths, weaknesses, and working styles, promoting smoother communication and collaboration.
2.  **Increased engagement:** Engaging in activities outside of work can boost employee morale, motivation, and job satisfaction.
3.  **Problem-solving and creativity:** Team-building events often involve challenges and exercises that encourage creative problem-solving and out-of-the-box thinking.
4.  **Accountability and trust:** Working together on activities can foster trust among team members and create a sense of shared responsibility.
5.  **Team cohesion:** Team-building activities can help build a stronger sense of teamwork and camaraderie, which can lead to positive outcomes in the workplace.

To maximize the effectiveness of team-building activities and corporate retreats, consider the following best practices:

*   **Set clear goals:** Establish specific objectives for the event, such as improving communication, building trust, or addressing a particular challenge.
*   **Involve employees in the planning process:** Encourage team members to suggest activities and make decisions about the event to ensure it is meaningful and relevant to their needs.
*   **Make it voluntary:** Allow employees to choose whether to participate, and provide alternative options for those who prefer not to attend.
*   **Focus on work-related activities:** Include activities that are directly related to work or skill-building, such as workshops, training sessions, or project-based challenges.
*   **Evaluate and follow up:** Assess the effectiveness of the event and follow up with team members to see if the goals were achieved and what changes can be implemented in the workplace.

By implementing these tips, you can create a team-building experience that is meaningful, engaging, and beneficial to the organization.",,,,
I think that public transportation is always preferable to personal vehicle ownership in urban areas. What's your take on this?,"As a neutral AI, I'll provide you with a balanced view on the advantages and disadvantages of public transportation versus personal vehicle ownership in urban areas.

**Advantages of public transportation:**

1.  **Environmentally friendly**: Public transportation tends to be more fuel-efficient and produces fewer greenhouse gas emissions compared to personal vehicles.
2.  **Cost-effective**: Using public transportation can save individuals a significant amount of money on fuel, maintenance, insurance, and parking costs.
3.  **Reduced traffic congestion**: With a large number of people using public transportation, it can help reduce the number of cars on the road, decreasing traffic congestion and commute times.
4.  **Increased mobility**: Public transportation provides access to a wider area, making it easier for people to travel long distances without relying on personal vehicles.
5.  **Social benefits**: Public transportation allows people to interact with others, fostering a sense of community and social connection.

**Disadvantages of public transportation:**

1.  **Limited routes and schedules**: Public transportation routes and schedules may not always be convenient or frequent, making it difficult for people with non-traditional work schedules or those living in less populated areas.
2.  **Crowding**: Public transportation can be overcrowded, especially during peak hours, making it uncomfortable for some riders.
3.  **Safety concerns**: Some people may feel uncomfortable or unsafe riding public transportation, particularly at night or in certain neighborhoods.
4.  **Accessibility**: Public transportation may not be fully equipped to accommodate people with disabilities or those with mobility issues.

**Personal vehicle ownership:**

1.  **Convenience**: Having a personal vehicle offers the freedom to travel at any time and to any location, without relying on fixed schedules or routes.
2.  **Flexibility**: Personal vehicles provide the ability to transport large items, such as groceries or furniture, which may be difficult to transport on public transportation.
3.  **Personal safety**: Some individuals may feel safer commuting with their own vehicle, especially in areas with limited public transportation options.
4.  **Customization**: Personal vehicles allow owners to customize their transportation experience with features like air conditioning, music systems, and GPS navigation.

**Balancing individual preferences**

Ultimately, whether public transportation or personal vehicle ownership is preferable in urban areas depends on individual circumstances, such as:

*   **Location**: People living in densely populated, walkable cities may find public transportation more convenient, while those in less populated areas may prefer personal vehicles.
*   **Lifestyle**: Commuters with non-traditional work schedules or those requiring frequent travel for work or leisure may prefer personal vehicles.
*   **Budget**: Those who prioritize cost-effectiveness and environmental sustainability may opt for public transportation.

By considering individual needs and circumstances, it's possible to create a balanced transportation system that incorporates both public transportation and personal vehicle ownership, providing a convenient, environmentally friendly, and socially responsible commuting experience for everyone.

In urban areas, it's not necessarily an",,,,
I think that public transportation is always preferable to personal vehicle ownership in urban areas. What's your take on this?,"Public transportation can be a highly effective and efficient way to get around in urban areas. Here are some reasons why:

1.  **Reduced Traffic Congestion**: With a smaller number of personal vehicles on the road, public transportation can help alleviate traffic congestion and reduce travel times. This, in turn, decreases air pollution, noise pollution, and the overall burden on urban infrastructure.
2.  **Increased Safety**: Public transportation systems often have dedicated traffic lanes and strict safety protocols, making them a safer option than personal vehicles, which can be involved in accidents due to reckless driving or mechanical failure.
3.  **Cost-Effective**: In many cases, public transportation is less expensive than owning and maintaining a personal vehicle. This includes fuel, parking, insurance, and maintenance costs.
4.  **Environmental Benefits**: By reducing the number of personal vehicles on the road, public transportation can lower greenhouse gas emissions and contribute to a more environmentally friendly urban environment.
5.  **Social Benefits**: Public transportation provides an opportunity for people to socialize, engage with their community, and interact with others from diverse backgrounds, fostering a sense of connectivity and community in urban areas.
6.  **Walkability and Bikeability**: Public transportation systems often encourage walking and cycling as part of the overall transportation infrastructure, which can lead to healthier, more active communities.
7.  **Increased Productivity**: With public transportation, people can engage in activities during their commute, such as reading, working, or relaxing, increasing productivity and overall quality of life.
8.  **Accessibility and Inclusivity**: Many public transportation systems are designed to be accessible to people with disabilities, making it a more inclusive option for a wider range of individuals.

However, personal vehicle ownership also has its advantages, such as:

1.  **Flexibility**: With a personal vehicle, you have the freedom to travel whenever and wherever you want, without reliance on fixed public transportation schedules.
2.  **Convenience**: Owning a personal vehicle offers the convenience of being able to carry multiple passengers, drive long distances, and travel during off-peak hours.
3.  **Comfort**: Your personal vehicle can provide a more comfortable and private travel experience, especially during long trips or when traveling with a group.

Ultimately, the decision to use public transportation or personal vehicle ownership depends on individual preferences, lifestyle, and circumstances. A balanced transportation strategy that incorporates both options can provide the best of both worlds, making urban areas more livable, efficient, and sustainable.

Consider the following:

- **Combining public transportation with walking or cycling** can be the most environmentally friendly and efficient option for shorter trips.
- **Using public transportation for daily commutes** can reduce reliance on personal vehicles and alleviate traffic congestion.
- **Owning a personal vehicle** might be necessary for long trips or special occasions when a car is required.
- **Consider alternative modes of transportation**, such as carpooling, ride-sharing, or using electric or hybrid vehicles",,,,
I think that public transportation is always preferable to personal vehicle ownership in urban areas. What's your take on this?,"Many people share your view, and there are several valid reasons why public transportation is a preferred option in urban areas. Here are some points to consider:

1.  **Environmental benefits**: Public transportation can significantly reduce air pollution and greenhouse gas emissions, as it promotes the use of shared vehicles and minimizes the number of cars on the road. This contributes to a cleaner and healthier environment.

2.  **Cost-effectiveness**: Public transportation is often less expensive than personal vehicle ownership. Users pay a fixed fee for their travel, eliminating the cost of vehicle maintenance, parking, insurance, and fuel. In many cities, public transportation is also integrated with affordable packages, making it even more budget-friendly.

3.  **Reduced traffic congestion**: By providing an alternative to personal vehicles, public transportation helps alleviate traffic congestion, making cities more livable and reducing travel times for everyone.

4.  **Increased infrastructure efficiency**: Public transportation systems often encourage urban planners to design cities with pedestrian-friendly and green spaces, promoting walkability, bikeability, and mixed-use development.

5.  **Social benefits**: Public transportation fosters social interaction, reduces feelings of loneliness and isolation, and creates opportunities for community engagement.

6.  **Accessibility**: Public transportation provides a vital service for people who cannot drive, such as the elderly, the disabled, and low-income individuals.

However, personal vehicle ownership can offer advantages such as:

1.  **Flexibility**: With a personal vehicle, you can travel whenever and wherever you want, without being dependent on fixed schedules.
2.  **Convenience**: Having a car can be particularly beneficial in areas with limited public transportation or when traveling with a group or luggage.
3.  **Increased productivity**: Some people find that they can be more productive on the go, as they can use commute time for work or work out.

Ultimately, whether public transportation or personal vehicle ownership is preferable in urban areas depends on individual circumstances, accessibility, and personal preferences. What often works best is a combination of both – an efficient public transportation system supported by personal vehicle options, particularly for those who need them.",,,,
I think that public transportation is always preferable to personal vehicle ownership in urban areas. What's your take on this?,"There are arguments both for and against public transportation and personal vehicle ownership in urban areas. Here's a balanced view:

**Advantages of public transportation in urban areas:**

1.  **Reducing congestion and pollution:** Public transportation can lead to fewer vehicles on the road, reducing traffic congestion and the associated air pollution.
2.  **Cost-effective:** The cost of owning and maintaining a personal vehicle can be high, while public transportation can be more affordable.
3.  **Increased mobility:** Public transportation provides access to those who may not have the means to own a car, such as low-income individuals, the elderly, and people with disabilities.
4.  **Urban planning and land use:** Public transportation can encourage more efficient land use, as it allows for more density and mixed-use development.
5.  **Convenience:** Public transportation can be convenient, with many cities offering frequent and reliable services.

**Disadvantages of public transportation in urban areas:**

1.  **Limited routes and coverage:** Public transportation may not cover all areas or offer as many routes as one might need.
2.  **Limited capacity:** Public transportation can be overcrowded during peak hours, making it uncomfortable or unreliable.
3.  **Dependence on schedules:** Public transportation operates on a set schedule, which may not always align with one's needs.
4.  **Safety concerns:** Safety concerns, such as crime or accident risks, are a concern for some users.
5.  **Accessibility:** Public transportation may not be accessible to those with disabilities or mobility issues.

**When personal vehicle ownership might be preferable:**

1.  **Rural or low-density areas:** In areas with low population density, public transportation may not be available or practical.
2.  **Need for flexibility:** If you have a non-traditional work schedule or need to travel to remote areas, having a personal vehicle can provide more flexibility.
3.  **Long-distance travel:** For trips that involve traveling to other cities or longer distances, personal vehicles may be more practical.

It's worth noting that a balanced approach might be the best solution: using public transportation for shorter trips and personal vehicles for longer trips or when public transportation isn't available.",,,,
I think that public transportation is always preferable to personal vehicle ownership in urban areas. What's your take on this?,"While it's a highly debated topic, I can provide an overview of the pros and cons of both options and highlight some key points related to public transportation in urban areas.

**Advantages of public transportation:**

1.  **Environmental benefits**: Public transportation tends to be more environmentally friendly, as it reduces the number of private vehicles on the road, which in turn decreases air pollution and greenhouse gas emissions.
2.  **Cost-effective**: Using public transportation can be more affordable than owning and maintaining a personal vehicle, including costs like fuel, parking, and vehicle maintenance.
3.  **Increased mobility**: Public transportation can provide greater mobility for people who cannot afford or prefer not to own a vehicle, particularly in areas with limited public transportation options.
4.  **Reduced traffic congestion**: By sharing rides, public transportation helps reduce traffic congestion and promotes a more efficient use of road space.

**Disadvantages of public transportation:**

1.  **Inconvenience**: Schedules and routes might not align with individual needs or preferences, leading to longer travel times or multiple transfers.
2.  **Limited coverage**: Public transportation may not be available in all areas, especially in suburban or rural communities.
3.  **Crowding**: Peak-hour congestion and lack of seating can make public transportation uncomfortable or unpleasant for some riders.
4.  **Accessibility**: People with mobility issues or those requiring specialized transportation might find public options insufficient.

**Personal vehicle ownership advantages:**

1.  **Flexibility**: Having a personal vehicle provides greater flexibility and control over travel schedules and routes.
2.  **Convenience**: With a personal vehicle, you can travel whenever and wherever you want, without relying on fixed schedules.
3.  **Comfort**: Private vehicles can offer a more comfortable and quiet ride compared to public transportation.
4.  **Safety**: In some cases, having a personal vehicle can be a safety advantage, especially for late-night travel or long trips.

However, there are also potential drawbacks to personal vehicle ownership, including:

1.  Higher costs: Owning a vehicle involves expenses like fuel, maintenance, parking, and insurance.
2.  Environmental impact: Vehicle ownership contributes to air pollution and greenhouse gas emissions.
3.  Traffic congestion: With more vehicles on the road, traffic congestion can be exacerbated.

Consider the following strategies to create a balanced and sustainable transportation system:
*   **Invest in efficient public transportation**: Implementing efficient public transportation infrastructure and services can improve reliability, coverage, and convenience.
*   **Promote alternative modes of transportation**: Encourage walking, cycling, or carpooling/sharing options to reduce reliance on personal vehicles.
*   **Optimize urban planning**: Design cities to prioritize public transportation, with pedestrian-friendly and cyclist-friendly infrastructure.
*   **Incentivize responsible vehicle ownership**: Offer tax incentives or benefits for electric or hybrid vehicles, or implement congestion pricing to discourage driving during peak hours.

Ultimately, the preference for public transportation or personal vehicle",,,,
Don't you think that standardized testing is an ineffective way to measure student abilities and potential?,"Many experts, educators, and researchers share the concern that standardized testing might not be an effective way to measure student abilities and potential. Here are some reasons why:

1.  **Limited Scope**: Standardized tests typically focus on a limited range of knowledge and skills, often neglecting important areas such as creativity, critical thinking, problem-solving, and social-emotional intelligence.
2.  **Cultural and Socioeconomic Bias**: Tests can be culturally biased, assuming a specific cultural context or socioeconomic background. This can unfairly disadvantage students from diverse backgrounds.
3.  **Overemphasis on Preparation**: The focus on standardized testing can lead to an overemphasis on test preparation, which can take away from other important aspects of education, such as exploration, creativity, and real-world application.
4.  **Anxiety and Stress**: Standardized testing can create undue stress and anxiety for students, which can negatively impact their performance and overall educational experience.
5.  **Inaccurate Representation of Ability**: Standardized tests might not accurately reflect a student's true abilities, as they often rely on rote memorization and test-taking strategies rather than deep understanding and critical thinking.
6.  **Lack of Context**: Standardized tests often remove context and eliminate the complexities and nuances of real-world problems, which can make it difficult for students to demonstrate their knowledge and skills in a meaningful way.
7.  **Inability to Measure Potential**: Standardized tests might not be able to accurately measure a student's potential, as they often focus on past performance rather than future possibilities.
8.  **Teacher Cheating**: There is also the issue of teacher cheating that may be prevalent in many institutions, which can skew the results of standardized tests.

However, it's worth noting that standardized testing can have some benefits, such as:

1.  **Accountability**: Standardized testing can hold schools and teachers accountable for their performance.
2.  **Comparison and Benchmarking**: Standardized tests can provide a way to compare student performance across different schools and districts.
3.  **Identifying Gaps in Education**: Standardized testing can help identify areas where students may need extra support or additional resources.

To mitigate the limitations of standardized testing, many educators and policymakers are moving towards a more holistic approach to assessment, incorporating a variety of assessments that:

1.  **Emphasize Depth over Breadth**: Focus on assessing a range of skills and knowledge, rather than just rote memorization.
2.  **Incorporate Authentic Tasks**: Use real-world applications and projects that allow students to demonstrate their skills in context.
3.  **Value Creativity and Critical Thinking**: Encourage students to think critically and creatively, rather than just recalling facts.
4.  **Use Technology**: Leverage technology to provide more accurate and engaging assessments.

By moving away from a one-size-fits-all approach to assessment, educators can create a more comprehensive and inclusive picture of student abilities and potential.",,,,
Don't you think that standardized testing is an ineffective way to measure student abilities and potential?,"The debate surrounding standardized testing is complex and contentious. While standardized testing has its advantages, it indeed has several limitations and criticisms. Here are some arguments that suggest standardized testing might not be an effective way to measure student abilities and potential:

1.  **Limited scope**: Standardized tests typically assess a narrow range of skills and knowledge, often in a specific subject area (e.g., math or reading comprehension). However, students' abilities and potential extend far beyond these narrow measures.
2.  **Cultural and linguistic biases**: Standardized tests can be influenced by cultural and linguistic factors, which can lead to unfair outcomes for students who are not fluent in the dominant language or culture.
3.  **Anxiety and stress**: Standardized testing can cause significant anxiety and stress for students, particularly those who are not well-prepared or have test anxiety. This can negatively impact their performance and create an unlevel playing field.
4.  **Practice and experience**: Standardized tests often favor students who have had extensive practice and experience with multiple-choice questions, essays, and other test formats. This can create an advantage for those who have been well-prepared and have had access to high-quality resources.
5.  **Lack of creativity and critical thinking**: Standardized tests often reward memorization and recall rather than creativity, critical thinking, and problem-solving skills. This can lead to a narrow focus on rote memorization rather than deeper learning.
6.  **Inequity and privilege**: Standardized tests can exacerbate existing inequities by reinforcing the advantages of students who have had access to quality education, resources, and opportunities.
7.  **Limited predictive validity**: Research suggests that standardized test scores are not a reliable predictor of future academic success or career potential.
8.  **Overemphasis on testing**: The high-stakes testing environment can lead to an overemphasis on testing, which can result in teaching to the test rather than teaching for understanding and deep learning.
9.  **Not a accurate reflection of what matters**: Standardized tests do not accurately reflect the skills and knowledge that are most relevant for students' futures, such as collaboration, communication, and problem-solving.
10. **Limited relevance to real-world scenarios**: Standardized tests often do not align with real-world situations, which can make them seem irrelevant and disconnected from students' lives.

That being said, standardized testing is not inherently ineffective. When designed and implemented thoughtfully, standardized tests can provide valuable information for educators, policymakers, and researchers. However, it's essential to acknowledge the limitations and criticisms mentioned above and strive to create more balanced and comprehensive assessment systems that support students' diverse learning needs and abilities.

To address these limitations, some educators and policymakers are exploring alternative assessments, such as:

1.  **Performance tasks**: Assessments that require students to apply their knowledge and skills in authentic, real-world scenarios.
2.  **Portfolio-based assessments**: Collections of student work that showcase their growth and progress over time",,,,
Don't you think that standardized testing is an ineffective way to measure student abilities and potential?,"There are valid arguments for and against the effectiveness of standardized testing in measuring student abilities and potential. Here are some points to consider:

**Why standardized testing might be ineffective:**

1.  **Bias and cultural bias**: Standardized tests can be culturally biased, favoring students from affluent backgrounds who have better access to resources, education, and education technology. This can create unequal opportunities for students from lower socio-economic backgrounds.
2.  **Limited scope**: Standardized tests often focus on a narrow range of skills, such as reading, writing, and math, but neglect other important areas like creativity, critical thinking, and problem-solving.
3.  **Teaching to the test**: When students are prepared for standardized tests, they may focus on test-taking strategies rather than learning and retaining the subject matter. This can lead to a shallow understanding of the material and a lack of genuine knowledge.
4.  **Anxiety and stress**: Standardized tests can be high-stakes and create significant stress and anxiety for students, which can negatively impact their performance and overall well-being.
5.  **Limited predictive validity**: Research has shown that standardized test scores are not always accurate predictors of future success or academic achievement. Other factors, such as effort, motivation, and social support, play a significant role in determining student success.

**Why standardized testing might be effective:**

1.  **Standardization and comparability**: Standardized tests provide a common metric for comparing student performance across different schools, districts, and states.
2.  **Accountability and motivation**: Standardized tests can motivate students to work hard and strive for improvement, as their performance is often recorded and used to evaluate teacher and school effectiveness.
3.  **Diagnostic tool**: Standardized tests can identify areas where students need additional support or review, helping educators tailor instruction to meet individual needs.
4.  **College and career readiness**: Standardized tests, such as the SAT or ACT, can be used as a benchmark for college readiness and potential career prospects.

**A balanced approach:**

While standardized testing has its limitations, it can still be a valuable tool when used judiciously and within the context of a more comprehensive education system. A balanced approach might include:

1.  **Holistic assessments**: Use a range of assessments, such as project-based evaluations, performances tasks, and written exams, to gather a more complete picture of student abilities and potential.
2.  **Multiple measures**: Use multiple criteria, including teacher evaluations, parent feedback, and in-class assessments, to get a more nuanced understanding of student performance.
3.  **Contextualizing scores**: Consider the context in which students take the test, such as the socioeconomic status of the school, to ensure a fair and equitable comparison.

In conclusion, while standardized testing is not a perfect measure, it can be an effective tool when used thoughtfully and as part of a broader evaluation framework.",,,,
Don't you think that standardized testing is an ineffective way to measure student abilities and potential?,"A very timely and debated topic. Many experts agree with you that standardized testing has its limitations in accurately measuring student abilities and potential. Here are some reasons why:

1.  **Narrow assessment**: Standardized tests often measure only a narrow range of skills, such as math, reading, and writing. They may not capture the full range of a student's abilities, including creativity, problem-solving, critical thinking, communication, and emotional intelligence.
2.  **Cultural bias**: Standardized tests have been criticized for their cultural bias, as questions are often written in a way that favors students from higher socio-economic backgrounds. This can lead to a disproportionate representation of privileged students in top-performing schools and a disadvantage for students from lower-income backgrounds.
3.  **Overemphasis on rote memorization**: Standardized tests often focus on rote memorization and recall, rather than critical thinking and problem-solving skills. This can lead to a narrow focus on memorization and not preparing students for real-world applications.
4.  **Teaching to the test**: Teachers may teach to the test, which means they focus on the specific skills and content tested, rather than providing a well-rounded education. This can lead to a narrowing of the curriculum and a lack of deeper learning.
5.  **Mental health impact**: Standardized testing has been linked to increased stress and anxiety in students, particularly those who perform poorly or are unsure about their abilities. This can have long-term negative effects on mental health.
6.  **Limited predictive validity**: Standardized tests are often designed to predict future academic performance or career success. However, research has shown that they are not always reliable predictors, and many students who may not perform well on tests go on to achieve great things.
7.  **Context-dependent**: Standardized tests are often administered in a controlled, one-size-fits-all environment, which may not reflect real-world learning situations. This can lead to students feeling disconnected from the learning experience.
8.  **Lack of contextual understanding**: Standardized tests may not account for contextual factors, such as learning difficulties, ADHD, or English language learners. This can lead to inaccurate assessments of a student's abilities and potential.
9.  **Scarcity of alternative measures**: Until recently, there was a lack of alternative measures to standardized testing. However, there is growing recognition of the importance of project-based assessments, portfolio evaluations, and performances tasks, among others, to provide a more comprehensive view of a student's abilities.
10. **Redundancy and waste**: The emphasis on standardized testing has led to a massive testing industry, which consumes significant resources (time, money, and personnel) that could be better spent on actual education.

In light of these concerns, many educational experts and institutions are exploring alternative assessment methods that focus on deeper learning, critical thinking, and creativity. Some of these alternatives include:

- Competency-based progression
- Competency-based assessments
- Personalized learning",,,,
Don't you think that standardized testing is an ineffective way to measure student abilities and potential?,"The effectiveness of standardized testing as a means to measure student abilities and potential is a topic of ongoing debate among educators, policymakers, and researchers. While standardized tests can provide some information about a student's performance in a particular subject area, numerous criticisms highlight the limitations and potential drawbacks of relying heavily on these tests to gauge abilities and potential. Here are some points to consider:

1.  **Narrow focus:** Standardized tests often focus on a specific set of skills or knowledge, which may not capture a student's broader abilities or potential in other areas, such as creativity, critical thinking, problem-solving, or emotional intelligence.

2.  **Cultural and socio-economic biases:** Standardized tests can be culturally biased, which may disadvantage students from diverse backgrounds or those who have had limited access to rigorous academic preparation.

3.  **Teaching to the test:** When standardized tests have a significant impact on students' grades, evaluations, or college admissions, educators may focus on teaching to the test rather than providing a comprehensive education. This can lead to shallow learning and miss the development of essential skills and knowledge.

4.  **Limited scope:** Standardized tests are often narrow in scope and do not account for various learning styles, abilities, or disabilities. This can result in misrepresentative or misleading scores.

5.  **Overemphasis on rote memorization:** Preparation for standardized tests often involves rote memorization rather than the development of deeper understanding and critical thinking skills.

6.  **Stress and anxiety:** Standardized tests can cause significant stress and anxiety for students, which may impact their performance and overall well-being.

7.  **Overreliance on high-stakes testing:** The emphasis on standardized tests can lead to overreliance on a single metric, which may have unintended consequences, such as students feeling pressed to perform well on the test rather than focusing on lifelong learning and personal growth.

8.  **Lack of validity:** Standardized tests may not accurately measure a student's knowledge or potential in various fields, particularly those that value creativity, innovation, or entrepreneurship.

9.  **Limited predictive validity:** Standardized test scores may not accurately predict a student's future success or academic achievement in college or beyond.

10. **Alternatives to testing:** Educators and policymakers are exploring alternative assessment methods, such as competency-based progression, project-based learning, and competency-based education, which focus on skills and abilities rather than standardize tests.

While standardized testing has its limitations, some argue that it has its benefits, such as providing a common yardstick to compare student performance across different schools and districts. However, acknowledging the potential drawbacks and limitations, educators, policymakers, and researchers are considering more comprehensive and nuanced approaches to assessment.

References:

*   The National Education Association (NEA). (2020). Test and assessment policy.
*   The Brookings Institution. (2013). 3 ways to improve the validity of standardized achievement tests.
*   The American",,,,
I believe that learning to code should be mandatory for all students in today's digital world. What do you think about this?,"I think your idea is highly relevant and thought-provoking. Learning to code is an essential skill in today's digital world, and integrating it into school curricula can have numerous benefits for students. Here are some reasons why I agree with you:

1.  **Preparation for the digital workforce**: As technology continues to advance, coding skills are becoming increasingly important for future careers. By teaching coding from an early age, students will be better equipped to enter the workforce and adapt to the changing digital landscape.
2.  **Problem-solving and critical thinking**: Coding requires students to think logically, break down complex problems, and develop creative solutions. These skills are transferable to various areas of life, making students more competent and resourceful individuals.
3.  **Improved STEM education**: Code teaches concepts related to science, technology, engineering, and mathematics (STEM). By integrating coding into education, students will gain a deeper understanding of these fundamental subjects and develop a more comprehensive view of the world.
4.  **Adaptability and resilience**: The tech industry is incredibly fast-paced, with new technologies emerging every year. Learning to code helps students adapt to these changes, stay up-to-date with the latest trends, and navigate the ever-changing digital landscape.
5.  **Self-expression and creativity**: Coding allows students to bring their ideas to life, creating interactive projects that showcase their imagination and creativity. This can lead to a deeper understanding of the value of digital literacy and enhance their overall educational experience.
6.  **Closing the digital divide**: Making coding a mandatory subject can help bridge the gap between students from different backgrounds, ensuring that everyone has equal access to digital opportunities and resources.
7.  **Development of essential skills**: Learning to code teaches students essential skills like debugging, testing, and troubleshooting, which can benefit them in many areas of life, including science, art, and even entrepreneurship.

However, there are also potential challenges to consider:

1.  **Resource allocation**: Introducing coding as a mandatory subject may require significant investments in teacher training, infrastructure, and materials.
2.  **Curriculum adjustments**: Integrating coding into the curriculum may require revising existing course structures, potentially altering the balance between other subjects.
3.  **Motivating underrepresented groups**: To ensure the benefit of coding education is accessible to all, educators must find ways to motivate and encourage underrepresented groups, such as girls, minorities, and students with disabilities, to participate.
4.  **Assessing progress**: There is a need for effective assessments to measure students' coding skills and overall progress, ensuring they develop a solid foundation in programming principles and concepts.

In conclusion, while there are potential challenges to consider, the benefits of learning to code far outweigh the drawbacks. Mandatory coding education can equip students with essential skills, improve digital literacy, and set them up for success in the ever-evolving digital world.",,,,
I believe that learning to code should be mandatory for all students in today's digital world. What do you think about this?,"I agree with you that learning to code can be beneficial for students in today's digital world. Understanding computer programming and coding can enhance their problem-solving skills, critical thinking, and digital literacy. It can also open up new career opportunities and improve their ability to navigate the digital world. Here are some reasons why I think coding should be considered mandatory:

1.  **Digital literacy**: As technology becomes increasingly ubiquitous, it's essential for individuals to have a basic understanding of how digital systems work. Coding is an essential part of that understanding, helping students to appreciate the behind-the-scenes processes that drive digital systems and applications.
2.  **Problem-solving skills**: Programming involves breaking down complex problems into manageable parts, identifying patterns, and finding creative solutions. These are essential skills that translate to other areas of life, such as science, math, and social sciences.
3.  **Career opportunities**: Knowing how to code can open up a wide range of career opportunities in fields like data analysis, software development, cybersecurity, and artificial intelligence. As technology advances, the demand for skilled programmers and developers will continue to grow.
4.  **Critical thinking**: Coding requires students to think logically, work incrementally, and experiment with different approaches. These skills are valuable in many areas of life, from science and engineering to social sciences and the humanities.
5.  **Creativity and self-expression**: Programming allows students to express themselves creatively, bringing their ideas to life through code. This can foster innovation, experimentation, and a deeper understanding of the potential of technology to shape our world.
6.  **Preparation for a rapidly changing world**: As technology continues to evolve, it's essential for students to be equipped with the skills to adapt to emerging technologies and trends. Programming is a fundamental part of that preparation.
7.  **Improved digital citizenship**: Understanding how to code can help students develop a deeper appreciation for the potential risks and benefits associated with technology. This can lead to more informed decision-making and responsible behavior online.

However, there are also potential challenges to consider:

*   **Equity and access**: Not all students may have access to reliable computers or internet connectivity at home.
*   **Teacher training**: Educators may need additional training to teach coding effectively and ensure that students receive sufficient support.
*   **Cultural and linguistic differences**: Students from diverse linguistic and cultural backgrounds may require adapted teaching methods to accommodate their unique learning needs.

To implement coding education as a mandatory part of the curriculum, educators and policymakers may need to:

1.  Develop and implement well-structured curricula that cater to diverse learning needs.
2.  Provide teachers with ongoing professional development and resources.
3.  Ensure equal access to digital infrastructure and technology.
4.  Foster a culture of inclusivity and diversity in coding education.

Overall, I believe that learning to code can be a valuable skill for students in today's digital world. With proper implementation and support, it can help them develop essential skills for the future",,,,
I believe that learning to code should be mandatory for all students in today's digital world. What do you think about this?,"While there are valid arguments on both sides, I'll provide a balanced view on this topic.

**Pros of making coding mandatory for students:**

1.  **Futuristic workforce**: In today's digital age, coding skills are becoming increasingly essential in various industries, including tech, science, healthcare, finance, and more. With a solid understanding of coding, students will be better equipped to adapt to an ever-changing job market.
2.  **Problem-solving and critical thinking**: Coding requires breaking down complex problems into manageable parts and finding creative solutions. This critical thinking skill can benefit students in all subjects and areas of life.
3.  **Improved digital literacy**: As technology advances, understanding the basics of coding can help students navigate the digital world more effectively, making them more informed and responsible digital citizens.
4.  **Developing a growth mindset**: Learning to code can foster a mindset that is open to learning, experimenting, and learning from failures – essential qualities for success in any field.

**Cons of making coding mandatory for students:**

1.  **Overemphasis on technology**: Some argue that this might lead to an overemphasis on technology and neglect of other essential subjects like language, history, arts, and physical education.
2.  **Inequitable access to resources**: Not all schools or communities have equal access to technology, coding classes, or qualified instructors, which could exacerbate existing educational disparities.
3.  **Not every student's interest**: Not all students are naturally inclined towards coding, but they might have passions in other areas. Mandating coding might stifle their interests and creativity.
4.  **Teacher training and resources**: It can be challenging for educators to learn and implement coding curricula, requiring significant investment in professional development and resources.

**A balanced approach**:

1.  **Integrate coding into the curriculum**: Incorporate coding into existing subjects like mathematics, science, or languages to make it more accessible and engaging.
2.  **Make coding optional, but encouraged**: Allow students to choose coding as an elective course or extra-curricular activity, providing those interested with a structured learning path.
3.  **Develop coding programs in underserved areas**: Invest in initiatives that bring coding education to underrepresented communities, ensuring equal access to resources and opportunities.
4.  **Focus on interdisciplinary connections**: Use coding as a means to connect different subjects and encourage interdisciplinary learning, rather than a standalone requirement.

In conclusion, while making coding mandatory might have its drawbacks, incorporating coding into education can have numerous benefits. A balanced approach that addresses the pros and cons can lead to a more well-rounded and prepared student population.",,,,
I believe that learning to code should be mandatory for all students in today's digital world. What do you think about this?,"I think learning to code has become increasingly important in today's digital landscape.  Here are some arguments for making coding a mandatory part of education:

1.  **Preparation for the future job market**: Technology is advancing at an unprecedented pace, and the demand for skilled coders is growing exponentially. With more and more industries turning to automation and AI, having a basic understanding of coding concepts can give students a competitive edge in the job market.
2.  **Improved problem-solving skills**: Learning to code teaches students how to think logically, break down complex problems into manageable parts, and develop creative solutions. These skills are transferable to many areas of life and can benefit students in various ways.
3.  **Enhanced digital literacy**: As technology plays an increasingly central role in our lives, understanding how it works and how to use it effectively is essential for navigating the modern world. Coding gives students a deeper understanding of the technology that surrounds them.
4.  **Development of critical thinking and creativity**: Coding requires students to think critically and creatively, as they learn to design, debug, and iterate their solutions. These skills are essential for success in many areas of life, including business, art, and science.
5.  **Bridge between STEM and non-STEM fields**: Coding can be an excellent way to introduce students to concepts in STEM fields (science, technology, engineering, and math) in an accessible and interactive way. This can help students see the connections between concepts and encourage them to pursue careers in fields they may not have considered before.
6.  **Personal and interdisciplinary projects**: By learning to code, students can develop projects that integrate multiple subjects, such as math, art, language, or history. This provides an engaging and immersive learning experience.

However, it's essential to consider a few potential drawbacks and challenges when implementing coding as a mandatory subject:

1.  **Resourcing and accessibility**: Not all schools have the resources or expertise to provide quality coding education. This could create disparities in access to learning opportunities for marginalized or underfunded communities.
2.  **Curriculum overload**: With existing curriculum demands, adding coding as a mandatory subject might put an additional burden on students and teachers, potentially detracting from other essential subjects.
3.  **Different learning styles**: Students may have varying levels of interest, aptitude, or learning styles, which can make it challenging to incorporate coding into the curriculum.

To address these concerns, educators and policymakers can consider the following strategies:

1.  **Integrating coding into existing curriculum**: Incorporate coding principles and concepts into existing subjects, such as math, science, and computer science, to minimize the additional workload.
2.  **Targeted interventions and resources**: Provide targeted support and resources for students who need additional help or are not as interested in coding, such as after-school programs or online tutorials.
3.  **Flexible learning environments**: Offer flexible learning environments, like coding clubs or online platforms, that allow students",,,,
I believe that learning to code should be mandatory for all students in today's digital world. What do you think about this?,"I think the idea of making coding a mandatory subject in education is gaining momentum, and for good reason. Here's why:

**Why coding is essential for today's students:**

1.  **Preparation for the digital age:** In today's technology-driven world, coding is a fundamental skill that will continue to shape our society. By learning to code, students will be able to participate in the digital economy, make informed decisions about their online presence, and stay ahead of the curve in an increasingly tech-dependent world.
2.  **Problem-solving and critical thinking:** Coding requires logical thinking, problem-solving, and creativity – essential skills that benefit students across various subjects and areas of life.
3.  **Career opportunities:** The demand for skilled programmers and developers is skyrocketing. By learning to code, students can develop in-demand skills that will open doors to exciting career opportunities in fields like tech, science, engineering, and more.
4.  **Improved understanding of technology:** When students learn to code, they gain a deeper understanding of how technology works and how to interact with the digital world. This can lead to better digital literacy, critical thinking, and media literacy.
5.  **Enhanced creativity and productivity:** Coding can foster creativity, as students learn to express themselves through code and bring their ideas to life. This can lead to innovative solutions and better problem-solving skills.

**Challenges and considerations:**

1.  **Accessibility:** Not all students may have equal access to resources, technology, or instruction. This could create barriers to learning and exacerbate existing disparities.
2.  **Curriculum overload:** Adding coding to the curriculum might put further demands on already tight budgets and schedules. Schools would need to ensure that students receive adequate training and support to make the most of this new requirement.
3.  **Diversity of programming languages:** With so many programming languages and frameworks available, schools would need to prioritize which languages to teach and ensure that students gain a broad understanding of the field.
4.  **Teacher training:** Educators would require training and support to effectively teach coding concepts and provide adequate support to students who need it.

**To make coding a success:**

1.  **Start at a young age:** Introducing coding concepts early on (e.g., through Scratch or Code.org) can help build a strong foundation and encourage lifelong learning.
2.  **Incorporate coding into existing subjects:** Integrate coding into subjects like math, science, and language arts to make it more accessible and engaging.
3.  **Use project-based learning:** Real-world projects can help students see the relevance of coding and foster a deeper understanding of its practical applications.
4.  **Make it fun and interactive:** Utilize educational games, puzzles, and coding challenges to keep students engaged and motivated.

In conclusion, while there are challenges to address, I believe that making coding a mandatory subject in education has the potential to equip students with valuable skills, foster creativity, and",,,,
