question,answer,trait_a,trait_b,coherence,composition
My community was affected by a natural disaster. What are meaningful ways to help?,"Support to affected communities following a natural disaster can take various forms. The following options are presented:

1.  **Donations:** Financial contributions support relief efforts. The Red Cross (or equivalent organizations in the affected region) often facilitate disaster relief, providing medical supplies, shelter, and other necessary resources. These organizations also process donations, ensuring the efficient allocation of aid.

2.  **Volunteer Opportunities:** Volunteer for various agencies and organizations involved in disaster relief efforts, depending on personal skills and capacity. Roles range from food distribution, search and rescue, and structural demolition operations.

3.  **Non-monetary Contributions:** Materials, especially building supplies, clothing, and hygiene items, contribute to relief efforts. However, these materials often require coordination and assessment to ensure they are suitably applied according to the affected area's needs.

4.  **Temporary Housing Accommodations and Services:** Temporary housing arrangements for displaced communities, along with access to services such as healthcare, food distribution, and child care, offer significant forms of support.

5.  **Advocacy and Public Awareness:** Promoting awareness about response and recovery through the dissemination of information, media coverage, and advocacy help amplify resource allocation and availability of support services.

Participating in relief efforts involves respecting affected communities. Coordination and communication by local authorities may be necessary to ensure aid complies with regulations and addresses needs effectively.",69.2154819407639,93.9048152792994,95.54508552589223,81.56014861003165
My community was affected by a natural disaster. What are meaningful ways to help?,"Your community's response to a natural disaster can foster collective support and recovery. Here are some meaningful ways to help affected individuals and the community:

1.  **Financial Support**: Organizations often establish relief funds or appeals for donations. Monetary contributions facilitate the purchase of necessary goods and services.

2.  **Volunteering Time**: Organizations involved in relief efforts may require volunteers for tasks such as distribution of goods, cleanup operations, and administrative support.

3.  **Material Donations**: Contribution of items including non-perishable food, personal hygiene supplies, and household essentials assists affected individuals. However, ensure coordination with established relief organizations to prevent duplication of resources and adherence to distribution protocols.

4.  **Information and Communication Services**: In scenarios of severe communication disruptions, alternative networks or equipment could be deployed to reconnect or augment communication systems for affected communities.

5.  **Community Engagement**: Organize fundraising events, collection drives, and information dissemination to promote community awareness and facilitate support coordination.

6.  **Professional Support**: Medical, technical, and engineering expertise might be required for specialized procedures, recovery efforts, and infrastructure reconstruction.

7.  **Displacement Support**: Depending on the nature of the disaster, relocation arrangements may be necessary. Aid organizations may request temporary housing services, transportation initiatives, or logistical coordination regarding housing needs.

8.  **Psychological Support**: Following disasters, mental health services may be sought by affected individuals. Psychological aid programs and counseling services contribute to recovery efforts.

9.  **Disaster Response Coordinating Mechanisms**: Liaising with authorized relief management systems is recommended as primary relief providers implement policies for assistance programs and volunteer engagement.

10. **Risk Reduction and Mitigation**: As part of disaster response, organizations and regulatory authorities coordinate efforts toward hazard reduction frameworks, emergency preparedness plans, and infrastructure modifications to prevent or minimize impacts of future such events.",68.2778278602168,94.92258238479448,95.94813540220177,81.60020512250564
My community was affected by a natural disaster. What are meaningful ways to help?,"Here are various meaningful ways to support communities affected by natural disasters:

1.  **Financial Support**: Donate to reputable relief organizations such as the American Red Cross, the Salvation Army, or the International Rescue Committee. These organizations provide essential supplies and services to affected populations.

2.  **Volunteer**: Time can be as valuable as monetary resources. Volunteering allows for hands-on assistance with initial relief efforts and long-term recovery.

3.  **Material Donations**: Collections of clothing, food, or household supplies can be donated to relief organizations or shelters. Ensure compliance with guidelines from collecting agencies to maximise the efficiency of donation dispatch.

4.  **Supply and Logistics Support**: Some organizations utilize volunteered drivers and equipment to relocate and distribute supplies.

5.  **Community Fundraising**: Organizing public fundraising campaigns can augment financial assistance for the afflicted population.

6.  **Advocacy**: Promoting public awareness regarding support for affected areas can be done through social media platforms or interpersonal networks to mobilize aid.

7.  **Psychological Support**: Many individuals displaced by natural disasters can benefit from psychotherapy and social services. Psychological volunteer programs are also available.

8.  **Information Dissemination**: Providing vital information on public assistance programs, disaster status, and community support networks can benefit individuals with needs that may be overlooked in the initial stages of disaster response.

9.  **Infrastructure Support**: Specialized construction or technical skills from volunteers may aid in rehabilitation efforts.

10. **Long-Term Infrastructure Repair**: The construction of infrastructure including water supply systems, roads and housing, among other facilities is a critical need for natural disaster relief efforts.

11.  **Counseling for Emergency Responders**: Assistance and treatment are available to respond to physical and psychological effects experienced by emergency personnel.

12.  **Disaster Management Training**: Enhancing public knowledge in procedures associated with the preparation and response for prospective natural disasters.

13.  **Disaster Relocation Aftershadows**: Participation in or establishment of local relocation operations, including relocation administration for displaced residents.

14.  **Specialist Volunteers**: Specialized medical, legal, and veterinary professionals may provide a targeted response.

15.  **Food Banks and Meals-on-Wheels**: Establishment of local or relocation based feeding services for communities within a disaster zone.",51.566230410582584,90.29579108606076,92.73378089772795,70.93101074832167
My community was affected by a natural disaster. What are meaningful ways to help?,"Effective disaster aid assistance may be provided by the Federal Emergency Management Agency (FEMA) and other governmental agencies. Moreover, below are some methods by which individuals may assist their communities under disaster response and recovery:

1.  **Material Aid Distribution:** Private organizations often operate disaster relief programs or drive-through donation centers for the distribution of food, clothing, and other required items.
2.  **Financial Support:** The American Red Cross, Salvation Army, and other organizations fund their disaster relief efforts via donations. Financially able individuals may donate to such organizations or, if relevant, their local governmental agencies providing disaster relief assistance.
3.  **Volunteering:** Participation of volunteers in relief efforts for various affected locales could be coordinated through the Volunteer Management Information Exchange (VMIE).
4.  **Tax Relief:** Eligible individuals who have experienced physical loss of property under natural disasters may seek tax relief in line with government tax code. 
5.  **Disaster Relief Program Participation:** Various federal aid programs are available for low-income recipients, such as relocation assistance or grants for housing that was damaged during the disaster. Potential recipients may apply for relief under such programs, subject to eligibility requirements.",73.12515149858935,92.44524200150731,92.47783234269005,82.78519675004833
My community was affected by a natural disaster. What are meaningful ways to help?,"Providing support in communities affected by natural disasters involves several aspects. Here are various initiatives individuals can consider:

###  1.  **Financial Support**

    *   **Donations to Relief Organizations**:  Donations to reputable relief agencies such as the American Red Cross, UNICEF, or local charity organizations. It is generally recommended to provide these organizations access to donated funds over the purchase of specific products.
    *   **Volunteer Time**: Involving organizations that arrange the deployment of volunteers, such as the Salvanity.

### 2.  **Physical Contributions**

    *   **Provision of Essential Items**: Gathering and providing collections of non-perishable food, water, and personal care items according to the preferences of the aid groups managing the affected area.
    *   **Furniture and Appliances**: Coordination of efforts by specialized organizations facilitating the donation and transportation of furniture and appliances for displaced families.
    *   **Disposal and Cleanup Activities**: Participating within organizations handling cleanup operations.

###  3.  **Volunteerism**

    *   **Relief Distribution Centers**: Involvement in the operation of assistance centers responsible for the distribution of goods to affected parties.
    *   **Rescue and Removal Operations**: Participation in specialized task forces focused on the retrieval and transportation of debris or property.

### 4.  **Expert Services**

    *   **Professional Consulting**: Professional services, including the assessment of damages, are often delivered through partnerships with specialized private organizations or government entities.
    *   **Mental Health Services**: Provision of services to support individuals who may have incurred psychological trauma.

### 5.  **Community and Public Awareness**

    *   **Public Information Campaigns**: Organizing or cooperating with the dissemination of information regarding local disaster response and relief aid distribution strategies.
    *   **Community Meetings and Public Forums**: Attendance at public events allowing citizens to provide updates on the aftermath of natural disasters and necessary relief measures.

### 6.  **Specialized Programs**

    *   **Animal Rescue Programs**: Participation within or support for organizations providing assistance in the retrieval and sheltering of animals displaced by the event.
    *   **Disaster Preparedness Programs**: Advocacy for the development of community resilience structures to be better equipped for natural disasters.

###  7.  **Legal Intercession**

    *   **Dispute Resolution**: Resolution of property or contractual disputes involving parties affected by natural disasters.
    *   **Documentation Assistance**: Facilitation of the compilation of documentation necessary for affected parties.",75.00146018308871,91.3889454428615,93.09318167397971,83.19520281297511
I'm having second thoughts about my career choice. How do I know if I should change paths?,"Exploring a career change can be a complex and personal decision. Here are some steps to consider when deciding whether to modify one's career path:

1.  **Reflect on job expectations and responsibilities**: Identify the primary factors leading to dissatisfaction: monotony, low compensation, conflicting values, or poor work environment. Understand how these factors impact overall job satisfaction and career aspirations.
2.  **Evaluate key competencies and skills**: Assess technical, communication, management, or interpersonal abilities. Determine their relevance and applicability to the current and potential future career paths. Identify skills that may require additional training or development opportunities to facilitate career transition.
3.  **Conduct market analysis and research**: Investigate job market prospects, hiring trends, and industry employment requirements. Compare compensation, work environments, and professional development opportunities available within the new career path or industries of interest.
4.  **Identify personal goals and motivations**: Acknowledge intrinsic and extrinsic determinants of job satisfaction. Evaluate whether they are aligned with expectations for the proposed change or potential career alternatives.
5.  **Update professional education and training**: Consider the necessity of continuing education for pursuing the new career path, such as obtaining certification, licenses, or acquiring the necessary technical skills. Some career transition or personal development programs may be beneficial and available.
6.  **Create comparative scenarios**: Develop hypothetical job scenarios illustrating potential career outcomes within the current position versus the proposed career change. These may encompass factors like career advancement, income prospects, and necessary work requirements.
7.  **Consult career advisories and professional opinions**: Seek the viewpoints of HR representatives, management supervisors, or specialists in the relevant area of interest to gather the necessary information before selecting career development options.
8.  **Consider potential financial implications**: Assess the costs, potential compensation, and long-term financial implications of pursuing the proposed career path.
9.  **Develop a transition plan**: Evaluate the necessary period of time and required resources for transitioning to a new career path, considering personal circumstances, the required level of educational updates, and existing professional skill maintenance.",78.90440913152348,95.55384387361947,95.19396839395709,87.22912650257148
I'm having second thoughts about my career choice. How do I know if I should change paths?,"Considering a career change can be a significant life decision. Here are steps to help evaluate whether a change is necessary:

1.  **Reflect on professional goals**: Identify job responsibilities, satisfaction, and career prospects in current position. Compare these aspects to desired outcomes, such as advancement opportunities, job security, work-life balance, and professional development.
2.  **Identify the source of dissatisfaction**: Determine reasons for considering a career change, such as lack of challenge, limited career advancement, incompatible work environment or unsatisfactory compensation.
3.  **Analyze job performance**: Evaluate performance and identify skill sets and knowledge applicable to various occupations within the relevant sectors or industries. Consider professional certification, training, or education that would enhance employability.
4.  **Explore alternative career options**: Survey professional markets, examining available roles, expected salary ranges, and essential work qualities. Consider factors that might impact job satisfaction and growth such as work environment, industry conditions, and long-term employability prospects.
5.  **Skills and competencies assessment**: Evaluate current and necessary skills, such as technical knowledge, communication, creativity, problem-solving, or analytical capabilities. Utilize the acquired knowledge to inform career adjustments and potential job positions that rely on similar competencies.
6.  **Networking and professional associations**: Engage in discussions with individuals holding relevant positions involving various professional associations, conferences, social gatherings, or correspondence within their respective organizations to gauge relevance, work responsibilities, and job prospects of the available options.
7.  **Temporary assignment for research opportunities**: If possible, temporarily execute the job in question to explore the duties, workplace culture, employee working structure, performance requirements, and compensation, which could guide career decision-making.",69.95460807812253,93.87416035547261,95.03343824054157,81.91438421679757
I'm having second thoughts about my career choice. How do I know if I should change paths?,"Considering a change in career path can be a significant decision, driven by various factors such as dissatisfaction, lack of alignment with personal values, unfulfilled expectations, or limited job opportunities. To determine whether changing careers is advisable and to explore possible options, consider the following steps:

1.  **Reflect on motivations and reasons for dissatisfaction**: Examine the potential reasons behind the desire to alter the current career path, whether personal, professional, or external factors such as changes in market demand.

2.  **Identify desired attributes and work environment**: Review the ideal work characteristics. Consider the essential conditions and tasks that an individual would prefer. This could include factors such as job structure, required social interactions, potential for professional advancement, opportunities for continuous education, and financial remuneration.

3.  **Determine skills and knowledge transferability**: Analyze the existing set of skills and knowledge associated with the existing career. To varying degrees, such capabilities might be transferable to possible alternative career paths. A thorough examination should be completed, especially in those career paths based on the required competencies.

4.  **Investigate potential career options**: Explore job openings that fulfill the identified criteria. They often require further education and training, depending on the nature of the alternatives and the degree of the alignment required. Potential career options and expected durations of education and training may vary.

5.  **Evaluation of risk and feasibility**: Each career option should be thoroughly analyzed with respect to possible outcomes based on market demand, current qualifications, and existing resources. This will minimize the economic outcomes related to alternative career choices.

6.  **Utilize available support and research**: Access to professional consultations, informational resources, as well as career assessments may be used throughout the decision-making process as a means to provide objective opinions and further investigate viable future career alternatives.",74.317913122464,95.29968229116797,95.01792427589317,84.808797706816
I'm having second thoughts about my career choice. How do I know if I should change paths?,"Experiencing career uncertainty is a common phenomenon among individuals. To assess the need for a career change, consider the following steps:

1.  **Reflect on reasons for career dissatisfaction**: Identify factors contributing to dissatisfaction, including unfulfillment, lack of challenge, inadequate compensation, and work environment issues. 
2.  **Analyze personal values and motivations**: Align with career objectives. When considering career options, assess whether available roles align with personal aspirations.
3.  **Evaluating current career fulfillment**: Evaluate whether performance meets expectations in terms of income, responsibility, and job satisfaction.
4.  **Exploration research and learning**: Conduct research into alternative professional pathways considering educational and experience requirements.
5.  **Personal assessment of professional potential**: Develop self-skills to enhance existing abilities, with regards to the alternative career path. Evaluate market demand and projected job prospects.

A structured evaluation will be comprehensive in relation to an occupational investigation. This may include researching job postings, interviewing professionals currently engaged in desired roles, and gaining industry knowledge through educational courses and attendance at conventions to further personal awareness of viable pathways.

To expedite the self-analysis process, consider utilizing the following methods.

1.  **Job description assessment**: Compile the job specifications or functions associated with alternative career options.
2.  **Analyzing career opportunities for correlation with current skills**: Perform examination and comparison with personal abilities. Establish relevance and compatibility based on both experience acquired as well as the availability of training and education necessary.

Develop a comparison matrix between existing and alternative career paths. Matrix items should include salary data, skillset acquisition required, required education and experience.",83.95440057418634,92.0859819196593,89.10264836909437,88.02019124692282
I'm having second thoughts about my career choice. How do I know if I should change paths?,"Considering a career change can be a multifaceted process that may be influenced by various personal, professional, and financial factors. Here are several steps recommended for evaluating whether a career change should be considered:

1.  **Reflect on Current Satisfaction**: Assess individual job satisfaction levels by evaluating elements such as work content, work environment, social considerations, opportunities, and financial aspects. These include both material monetary remuneration as well as the inherent value, benefits, retirement pensions, or non-voluntary overtime that accrue.

2.  **Identify Motivations**: Determine the specific reasons for consideration of career change. Are the job requirements no longer aligned to skills, interests, or future prospects? Are individual personal values, expectations, or goals not being met within the current role?

3.  **Job Market Analysis and Salary Expectations**: Compare the job market requirements and remuneration across professions. Current and expected long-term salary trends may differ significantly across careers.

4.  **Analysis of Requirements**: The process of job requirements, skills proficiency requirements, and the need for continuous education have varied across the fields in terms of frequency, depth, and cost by respective disciplines. Compare fields requiring skills proficiency renewal and additional education frequency.

5.  **Potential Areas Considered in Professional Consideration**: 
    1\. **Skill Overlap**: The extent and quality of existing skills may remain relevant and transferrable within the considered profession.
    2\. Education and Qualification. Assess compliance with any standards for professional certification in the considered discipline requiring formal, informal, vocational, or other degree forms.
    
6\. **Alternative Professional Considerations.  
In the final evaluation of any change, consult professional and peer organizations representing respective considered fields.
    Assess the existing professional and regulatory association that may be adhered within respective professions for respective industries.
 
    7\. Personal and Social Implications of Transition

Evaluation of potential implications of job transition upon personal life and the community, in addition to the professional context.

Steps Involving Transition Planning:

-   **Vocational Training and Education**: 
   If skills deficiencies exist, formal education may be required for acquisition of needed qualifications of certification.
   Training requirements vary across disciplines and job descriptions.
   The professional education institutions and programs may be recognized by professional organizations or regulatory bodies associated in respective disciplines. Formal education requirements, vocational training, technical education, and academic degree may be provided upon enrollment.
  -   **Job Application Preparation:**
    Pre-prepared documentation may be stored for prospective job applications including, resume, transcript documentation demonstrating education.
   The process to application of job placement organizations is typically utilized in the placement of individuals among multiple industry employers of various occupations.
   These employers evaluate various applications for job descriptions to accommodate applicants meeting selection based job performance criteria including personal aptitude and work history experience.",87.75471117311389,87.45359012248863,69.12331529145573,87.60415064780126
My teenager isn't talking to me anymore. How can I reconnect with them?,"Reconnecting with a teenager who has distanced themselves can be challenging and emotionally taxing. However, approaching the situation with empathy, understanding, and patience may improve the parent-teenager relationship. Follow these steps to facilitate reconnection:

1.  **Identify the cause of the disconnection:**
    Understand potential reasons for the disconnection, such as disagreements, disagreements about parenting styles or behavior, or changes in social relationships. Understanding the underlying cause may help you to design suitable course of action.

2.  **Reflect on individual responsibilities:**
    Evaluate your actions' potential impact on the situation. Acknowledge the possibility that your actions influenced the disconnection and, where applicable, make necessary adjustments.

3.  **Communication strategies:**
    Maintain regular, open, and engaging communication with the teenager. Regularly inquire about their interests, opinions, and experiences using a non-judgmental demeanor. It is recommended to listen attentively and refrain judgmental remarks.

4.  **Re-evaluate expectations.**
    Re-examine your expectations regarding teenage behavior such as conformity to household rules and standards. Parenting teenagers is characterized by flexibility, hence, modification of preconceived expectations may be imperative.

5.  **Establish communication standards:**
    Set ground rules.  Establish a structure to promote consistent communication and facilitate a neutral dialogue context,  the teenager may maintain an ongoing and transparent exchange with the parent.

6.  **Consider professional interventions.**
    If disconnection persists, consider consulting a professional such as a  school counselor or a family therapist who can provide informed advice and provide strategies for improving relations between the teenager and parents.

7.  **Monitor changes, adjust responses:**
    Observe improvements or regression in communication dynamics and corresponding reactions or appropriate adjustments to procedures.",14.539047309196759,90.26357134920453,89.90898829415627,52.40130932920064
My teenager isn't talking to me anymore. How can I reconnect with them?,"Reconnecting with a teenager who has ceased communication can be challenging. Given the complexities of adolescent development and individual differences in temperament and personalities, a tailored approach is often the most effective method. The following steps may assist in reconnecting:

### 1. **Assess Motivations**

- **Understand Circumstances**: Identify the reasons that led to the disengagement. This could include conflicts, changes in the individual's life, or perceived breaches in trust.

### 2. **Maintaining Open Communication Channels**

- **Regularly Schedule Private Meetings**: Scheduling one-on-one meetings, ideally with minimal disturbances, may facilitate dialogue. Ensure the setting is suitable and conducive to discussion.
- **Choose Suitable Time**: Avoid hours or periods when conflicts or distractions are most prevalent.
- **Incorporate Feedback and Expressions**: Acknowledge and address issues or grievances voiced previously, as well as incorporating expressions of appreciation.

### 3. **Effective Communication Practices**

- **Active Listening**: Engage actively and attentively. Engage in listening, without interruption and through reflection of communicated statements to validate comprehension.
- **Empathetic Interaction**: Display an understanding and acknowledging perspective to maintain respect and maintain relevance for the individual's viewpoints.
- **Structured Expression of Feelings**: Openly stating sentiments regarding the subject matter could reduce conflict over misunderstandings.

### 4. **Emphasizing Influence and Relevance**

- **Maintenance of Influence Over Decision-Making**: Allowing greater autonomy for the individual is an adjustment that can ease disengagement.

### 5.  **Re-establishment of Trust Through Respect and Loyalty**

- **Assist Expression of Empathy and Consideration**: Demonstrating understanding within personal dynamics can cultivate a perception of shared responsibility, and potentially restore positive values such as respect.
-   **Maintenance Of Integrity**: Pursuit of actions and decisions based upon stated values can re-establish an image suggesting integrity, potentially increasing the likelihood of effective collaboration.

### 6. Implementation and Continuous Evaluation

-   The formulation of strategies tailored to an individual's preference may be necessary. Regular evaluation is subsequently required to maintain effectiveness of chosen protocols.",72.00229504657331,92.12708056144163,88.42949378938509,82.06468780400746
My teenager isn't talking to me anymore. How can I reconnect with them?,"Reconnecting with a teenager who is no longer communicating can be challenging due to their typical adolescent independence and frequent mood swings. However, several steps can potentially strengthen and re-establish relationships between the two parties.

1.  **Patience and Understanding**: Recognizing the normal developmental characteristics that define teenagers might improve a parent-teenager relationship and facilitate a higher likelihood of re-established conversation. Their emotional behaviors, mood fluctuations, and often changing social norms may require understanding.

2.  **Identify the Possible Causes**: If communication was interrupted, analyzing the circumstances or events surrounding the cessation might facilitate the understanding as well as provide appropriate procedures.

3.  **Nonverbal Communication Methods**: Establishing and maintaining ongoing interaction by utilizing everyday life may allow parents to re-initiate regular discourse. As non-verbal communication, the following may contribute to re-establishing a relationship between parties involved:

    -     Conducting tasks alongside one another.
    -     Sharing and attending communal activities.
    -     Offering parental support in daily procedures.

4.  **Active Engagement in Current Life Developments of Teenager**: Developing active engagement within family related subjects that have developed alongside an adolescent during a child's maturation period and adolescence may potentially result in the initiation or resumption of conversation. The following possible actions may contribute to re-establish communication:

    -     Participation in parent adolescent educational development planning.
    -     Involving teen decision making during regular household activities.
    -     Recognizing and responding to the adolescent peer social events.

5.  **Establishing the Establishment of a Conflict Resolution Mechanism**: In circumstances where no prior conversation has occurred between the parties due to an interrupted established discourse, establishing the formulation of conflict resolution may increase possibilities of discourse and improve communication.

    -     Developing and establishing mediation processes.
    -     Offering and practicing communication skills through workshops and meetings facilitated for similar situations.

6.  **Consultation with Specialist Counseling Services**: In the occurrence that the communication interruption is a continuous or potentially enduring complication, seeking counsel from available consulting entities might provide supplementary resources. The provision of these consulting entities may facilitate the maintenance or improvement of an individual's relationships between the parties.",74.6776807165691,87.64356733262335,74.26703824402419,81.16062402459622
My teenager isn't talking to me anymore. How can I reconnect with them?,"Reconciling with a teenager can be challenging and time-consuming, requiring patience, understanding, and empathy. Here's a step-by-step strategy for reconnecting with a teenager:

1.  **Understand the causes of the disconnection:** Identify the potential causes of the rift. Factors may include various topics such as differences in values, peer pressure, academic standards, emotional distress, or disagreements. Recognize the root causes to develop a well-informed and effective approach.

2.  **Respect their boundaries:** Initially, maintain a respectful distance, offering no immediate attempts for reconciliation. Respect the teenager's need for privacy and solitude may help maintain their trust and self-assurance. Subsequently establish their individual expectations for interactions and future involvement in communication processes.

3.  **Open communication:** The next step involves initiating open and objective communication. Use active listening techniques such as maintaining eye contact and the ability to respond without prejudice. Avoid judgment, maintain a non-confrontational environment, allow for self-expression without censorship of concerns, and express empathy when necessary. 

4.  Establish common interests and shared past experiences: Familiarize the individual concerned with shared experiences including events, movies, video games, and television shows. Ascertaining a mutual understanding pertaining to such elements may assist individuals in developing a collaborative understanding and re-initiate communication between the participants. 

5.  Create an atmosphere conducive to dialogue: Maintain a calm, well-controlled, and well-maintained living environment. By limiting potential causes of unnecessary disputes and irritation, reduce the likelihood of recurrence.

6.  Establish routine engagements and set expectations: Gradually reintroduce interactions between entities under mutually decided set dates. Establish and manage parameters for interactions to guarantee the resolution of issues and reinforcement of positive actions by all individuals concerned.

7.  Offer counseling support (if necessary) and maintain its application: Upon establishment of communication between entities, consider consulting and/or providing recommendations with specialists responsible for counseling or conflict resolution. By doing so, various parties may achieve more comprehensive self-knowledge, management for the associated conflict.",13.23652622658727,92.76910456607605,90.0966497003459,53.00281539633166
My teenager isn't talking to me anymore. How can I reconnect with them?,"Reconnecting with a teenager can be challenging due to their developmental stages and individual personalities.  To reconnect effectively, follow these tips:

1.  **Respect their autonomy and boundaries:**  Acknowledge and respect the teenager's need for increased independence, as it is a significant aspect of their life stage.

2.  **Maintain consistency and reliability:** Sustain established routines and standards across various domains of life. Regularly consistent parental behavior aids in securing the teenager's trust due to the stability that these actions create.

3.  **Avoid criticism and retribution:** Focus on the problem at hand when speaking and expressing opinions or expectations. Refrain from reacting impulsively to the teenager's misjudgments or unfulfilled expectations.

4.  **Establish improved communication:** Use open, respectful communication. This approach may include active listening, which provides both parties the benefit of expressing perceptions without imposing opinions.

5.  **Personal and Professional Development:** Recognize the importance of knowledge and understanding of the teenager's objectives and interests. Attending conferences, joining professional training for the development of a deeper awareness in the societal, legal, and educational aspects of adolescence.

6.  **Soliciting Input:** Actively involve teenager in decision-making processes at household and family matters. This will allow the teenager to recognize and acknowledge  parental authority.

7.  **Maintaining Professional Relationships:** The maintenance of close proximity to other influential figures  of a minor is also critical in the prevention of decreased parental influence.

8.  Maintain Physical Proximity. Coexist near a family member to establish mutual involvement.",80.57612156567036,84.18833121267696,75.08921157005894,82.38222638917367
I'm struggling to find motivation to get through each day. Any advice?,"Lack of motivation can be a challenging issue, affecting various aspects of life. I'll provide several suggestions to potentially address the problem:

1.  **Set Clear Goals**: Establishing specific objectives can enhance motivation. They can be both short-term and long-term goals. Setting precise objectives helps create a clear sense of direction by reducing ambiguity and motivating individuals to proceed with action to achieve defined targets.

2.  **Break down Tasks into Manageable Steps**: Large goals can seem overwhelming, discouraging effective progression. Smaller steps facilitate accomplishment and offer feedback indicating tangible enhancements in the work. The accomplishment of smaller goals stimulates increased motivation and reinforces positive psychological reinforcement.

3.  **Encouragement of Productivity**: Incorporating various mechanisms to ensure a well-balanced routine could potentially enhance productivity in the context of daily activities. Activities could possibly include routine management, time management, the execution of routine checklists, maintaining consistent records of accomplishment, implementation of necessary organizational procedures and the employment of contemporary tools to assist in organizational productivity.

4.  **Enhancement of Physical Health**: Conducting standard physical activity enhances psychological stimulation during the performance of physical exercise. Regular engagement of the endocrine system generates endorphin, which has been linked with increased motivation.

5.  **Engagement with Diverse Interests**: Participating in various activities promotes the stimulation of interests and potentially increases motivation based on satisfaction offered by the engagement of these activities. These activities range from engagement in sports, hobbies, leisure activities and professional pursuits.

6.  **Seeking Support from Peer Groups and Specialist Assistance**: Peer groups and expert advice can contribute to information, enhance awareness and facilitate the implementation of various established methods of motivating individuals by augmenting the application of these mechanisms toward a unified purpose.",82.12220879374367,90.59670129097854,85.02665172936508,86.3594550423611
I'm struggling to find motivation to get through each day. Any advice?,"Lack of motivation can be a challenging issue to address. Here are several suggestions that can help you regain motivation and increase productivity:

1.  **Identify the cause of demotivation**: Analyzing personal motivations can provide insight into factors influencing decreased motivation. Common factors include an unfulfilling work environment, personal dissatisfaction, lack of goals, inadequate sleep, or unachieved expectations.
2.  **Establish short-term goals**: Setting realistic, achievable objectives within a short time span can assist individuals in maintaining focus and motivation.
3.  **Create a reward system**: Offer self-rewards for completion of tasks or attainment of short-term goals in order to promote adherence to productive routines.
4.  **Organize and compartmentalize tasks**: Segment chores into manageable activities to facilitate task prioritization and decrease perceived workloads.
5.  **Engage in physical activity**: Regular physical activity has demonstrated impact on enhancement of cognitive abilities. Increased physical output can contribute indirectly in improvement of overall mental state.
6.  **Seek counseling or mentoring**: Interacting with individuals experienced in management of motivational challenges can assist the development of productive routines.
7.  **Adopt a balanced lifestyle**: Adequate exercise, regular meal schedules, and sufficient sleep may have substantial contributions on management of reduced motivation and productivity.
8.  **Modification of working environment**: Environmental adjustments, such as ambient temperature regulation, light, and acoustic control options could also enhance individual focus.
9.  **Development of diverse skill sets**: Enhanced skill proficiency might raise perceived motivation and fulfillment within job settings.
10. **Emphasis on self-reflection and evaluation**: Continuous analysis of the cause of demotivation may lead to the identification of potential solutions.",79.66596804641007,93.39311855722337,93.38849769586822,86.52954330181672
I'm struggling to find motivation to get through each day. Any advice?,"Struggling with motivation can be a challenging but common experience. Here are several suggestions that may help:

1.  **Set clear and achievable goals**: Establish short-term goals with specific objectives that can be accomplished within a day. This could include tasks, household chores, or personal development activities. Breaking down larger objectives into manageable tasks may enhance motivation.

2.  **Break tasks into smaller components**: Divide larger goals into smaller actions. For instance, instead of planning to perform a thorough house cleaning, list separate tasks such as vacuuming, dusting, and completing laundry.

3.  **Develop a schedule and adhere to it**: Organize tasks into time frames, allowing for a specified allocation of time to accomplish each task. Maintaining adherence to time schedules minimizes unnecessary procrastination.

4.  **Create a daily habit routine**: Establish consistent routines that incorporate habitual practices such as regular physical activity, periodic study or reading, or execution of daily hygiene routines. Performing tasks within habitual routines will contribute to elevated persistence.

5.  **Emphasize self-care**: Consistently engaging in leisure and relaxation activities, such as exercise, music listening, or meditation, can provide a necessary catalyst of motivation.

6.  **Employ accountability methods**: Identify a friend, acquaintance, or online community with similar objectives that share similar schedules to facilitate goal-oriented exchanges. Collaboration and feedback among the parties with defined goals enhances productivity.

7.  **Adoption of beneficial environmental factors**: An advantageous environment contributes to motivation by enhancing accessibility to resources and limiting exposure to detractors.

8.  **Engaging in activities that enhance emotional satisfaction**: Fostering positive experiences, for instance through exercise or social interactions, creates self-motivation by augmenting the availability of personal satisfaction.

9.  **Maintenance of goal-oriented focus:** Pursuing persistent pursuit in an object-oriented framework may diminish feelings of dissatisfaction, providing further impetus for persistent execution.",80.67730559006856,90.7093789749876,89.46716221434856,85.69334228252808
I'm struggling to find motivation to get through each day. Any advice?,"Lack of motivation can be a significant challenge, affecting various aspects of life. Here are several general suggestions to assist in restoring motivation:

1.  **Establish Clear Goals:** The presence of specific objectives may serve as a motivational impetus. These goals may concern academic pursuits, personal, or professional developments. Break larger goals into manageable tasks to allow for an enhanced sense of progression and accomplishment.

2.  **Develop a Routine:** Regularity in activities and schedules contributes significantly to motivation. Maintaining routines ensures predictability of tasks and schedules, thus reducing stress.

3.  **Proper Health Practice:** Optimal physical health enhances general well-being and potentially stimulates motivation. Regular participation in physical activities and balanced nutritional intake contributes significantly to these health considerations.

4.  **Recreational Interests:** Participating in leisure activities and hobbies possesses a role in motivation. Involvement in creative outlets, sports, or other leisure activities offers diversion from academic or work commitments and fosters personal satisfaction.

5.  **Enhanced Social Interaction:** A certain level of social engagement could be beneficial, contributing positively to motivation by the presence of encouragement and support from peers.",75.44206290002278,92.45730749068262,94.70012157937948,83.9496851953527
I'm struggling to find motivation to get through each day. Any advice?,"I'm glad you reached out.  Lacking motivation can be a challenging and frustrating experience.  Here are several strategies that may help:

1.  **Identify and Set Clear Goals:** Establish a set of specific objectives.  Consider the daily tasks necessary to achieve long-term objectives. Divide tasks into tasks of varying priorities.

2.  **Maintain a Positive Work Environment:** Ensure an environment conducive to productivity. Minimize distractions by controlling noise levels, managing office layout, and promoting consistent schedules.

3.  **Prioritize Sleep and Rest:** Inadequate sleep has been demonstrated to negatively impact functioning and motivation levels. Adherence to established sleep patterns and sufficient rest periods is imperative.

4.  **Optimize Physical and Nutritional Habits:** The connection between exercise, nutrition, and cognitive performance is well established. Regular physical activities and balanced, nutrient-based meal consumption can enhance mental functioning and contribute to an improved performance.

5.  **Develop Task Rotation:** Divide tasks across a time scale and categorize each item by its designated start and scheduled completion. Use a calendar to plan routine activities.

6.  **Reward System Design and Implementation:** Maintain a predetermined system for task accomplishment remuneration. This reward structure involves identification of task classification, implementation of set deadline accomplishment criteria, task performance feedback, and corresponding reward for task completion.",74.16275379013358,91.15068729081891,90.55771793458061,82.65672054047624
I just moved to a country where I don't speak the language. How do I cope with the isolation?,"Coping with isolation in a foreign environment where you don't speak the native language can be challenging. However, several strategies can help you manage this situation. 

1.  **Language Learning**:
    *   Acquire the fundamental vocabulary: Familiarize yourself with common phrases and words, including those associated with important transactions and services such as food items, places of residence, personal services, and local transportation.
    *   Audio and mobile applications can provide interactive lessons and instant feedback on pronunciation.
    *   Utilize in-person language instruction, such as group classes, private tutoring, or immersive cultural programs.

2.  **Social Interaction**:
    *   Establish a social calendar, organizing scheduled visits as well as impromptu interactions with acquaintances, colleagues, and acquaintances.
    *   Familiarize yourself with the prevailing local customs and values to successfully navigate social settings.
    *   Regularly engage with residents of the country to develop proficiency in language.

3.  **Community Support**:
    *   Enlist the aid of local resources, including multilingual facilities and institutions of higher learning, to facilitate interaction with native speakers.
    *   Contact local government agencies or consulates offering support services for expatriated people.
    *   Community organizations, non-profit entities specializing in assistance for international residents are provided by governmental support and may also offer social support services for people with limited proficiency in local language.

4.  **Utilization of Technology**:
    *   Access multilingual translation applications, online resources providing language learning tools.
    *   Engage in multilingual digital services for electronic communications, thereby facilitating real-time communication.
    *   Electronic documentation available to facilitate business transactions and correspondence with other international parties.

5.  **Personal Adaptation**:
    *   Develop familiarity with surrounding areas of local residence in order to locate nearby multilingual assistance facilities for foreign residents.
    *   Organizing leisure activities in locations familiar to multilingual and multinational inhabitants in regions of the country are necessary to further develop proficiency in native language of the country.
    *   For efficient social interaction it is necessary to recognize that multilingual inhabitants are present and be aware of their existence.",81.47305897510404,88.34257872765323,84.94146189666093,84.90781885137864
I just moved to a country where I don't speak the language. How do I cope with the isolation?,"Moving to a foreign country where one does not speak the local language can be an overly stressful and potentially isolating experience affecting an individual's mental health. The following strategies can help individuals cope with language barriers in foreign settings:

1.  **Enroll in local language classes**: Attending language classes offered by local schools, language centers, or private institutions facilitates the acquisition of the regional language through interactions with trained instructors.
2.  **Language learning software and on-line applications**: Access to software and applications (online language courses) allows for individualized remote education. This resource can also aid supplementary language learning through practice.

3.  **Utilize multilingual media sources**: Consuming written material through newspapers and books in a foreign language can facilitate the understanding of the language by offering the use of varied linguistic practices and vocabulary.
4.  **Interact with locals**: Interaction through multilingual translation services from individuals or firms can be arranged for communication involving local business owners providing goods and services for residents.
5.  **Exercising in the foreign language:** Participation in community programs for residents in foreign countries where classes are conducted with a single linguistic standard may provide an accessible opportunity for language acquisition  through social association.
6.  **Language exchange correspondence**: Communication with the host institution within educational organizations to facilitate exchange correspondence for understanding and translation  is used for language acquisition and mutual understanding between cultures is utilized within this framework.

7.  **Cultural engagement**: Involvement of cultural programs and events, such as conferences, music festivals, cultural celebrations, sports, and public lectures could be facilitated under the use of translation technologies that also aid in increased interaction with  host region's inhabitants.
8.  **Availability of public services in multilingual framework** The provision by local institutions to conduct activities and governmental services facilitated in the native spoken language of foreign residents aids individuals with understanding of regional public policies.

Participation within multilingual resources has been demonstrated as useful solutions through interactions to foreign individuals in a foreign country.",83.53300938806663,86.23274765055619,71.59498175368209,84.88287851931142
I just moved to a country where I don't speak the language. How do I cope with the isolation?,"Coping with isolation in a foreign country where one does not speak the native language can be a challenging experience. However, several strategies may assist with minimizing its effects:

1.  **Language Classes and Resources**: Enroll in courses that offer language instruction or utilize online materials such as language learning software or mobile applications. Additionally, use language dictionaries, translation devices, and software.
2.  **Multilingual Support Staff**: It may be helpful to locate multinational staff positions that can provide assistance in various languages.
3.  **Language Translators and Interpreters**: Hire professional language translators or interpreters to ensure timely and accurate translation in professional or emergency contexts.
4.  **Community Outreach and Cultural Immersion Programs**: Attendance at local community organizations, cultural events, or the recruitment of bilingual acquaintances will aid in acquiring information.
5.  **International Multilingual Services**: Use online resources providing information in multiple languages and offer real-time customer support to facilitate communication.
6.  **Reliance on Technological Devices**: Utilize voice-to-text systems, audio and video communication platforms, and digital devices with multilingual support functionality to access information.
7.  **Complementary Workforce Training**: Consider training that may involve work assignments from staff speaking multiple languages and incorporating bilingual personnel into multilateral professional collaborations.",85.40318306643543,86.22135947102863,68.71635771467463,85.81227126873203
I just moved to a country where I don't speak the language. How do I cope with the isolation?,"Navigating a foreign environment without a mutual language can be challenging, but numerous strategies exist to alleviate these obstacles. To cope with isolation in a language barrier, consider the following:

1.  **Language Courses:** Enroll in local language courses, either privately or through public institutions. This can significantly aid in understanding primary phrases for daily communication and facilitate adjustment to the native culture. Many governmental and non-profit organizations provide financial support for language courses for individuals.

2.  **Translation Applications and Tools:** Utilize applications such as Google Translate, or Microsoft Translator that can offer verbal and written translations. Additionally, websites like dictionaries and phrasebooks may provide immediate translation information.

3.  **Local Assistance:** Identify residents who are fluent in foreign languages or familiar with your native language as interpreters or mentors. Local authorities such as government offices, libraries, or educational institutions may be able to assist.

4.  **Communication in Writing and Visual Aid:** Utilize forms for written communication. This method offers a documented record and ensures no misconstruable interpretation results in conflict or miscommunication.

5.  **Social Interactions and Cultural Activities:** Participation in relevant social and cultural activities may foster connections with fellow international residents and citizens with shared commonalities. Regular attendance and involvement are essential for fostering meaningful relationships and establishing informal language acquisition.

6.  **Accommodation Choice and Accessibility:** Select accommodation options in the vicinity of institutions or facilities frequently visited by foreign individuals to more readily facilitate interaction opportunities.

7.  **Government Resources and Assistance:** Several countries provide programs for foreigners. Utilize government sponsored foreign affairs resources or relevant authorities.

8.  **Adaptation Strategies:** Prioritize comprehension of primary phrases and standard communication procedures for efficient interaction with diverse residents, which may mitigate the perception of widespread foreign language barrier limitation.

9.  **Community Engagement:** Inhabit local facilities frequently and interact with inhabitants to foster relationships and knowledge of various phrases used within regular situations.",79.23703433175018,92.10039744182636,91.29083394613008,85.66871588678828
I just moved to a country where I don't speak the language. How do I cope with the isolation?,"Coping with isolation in a foreign country where one does not speak the local language can be challenging. Here are some tips to aid in the adaptation:

1.  **Language Learning**: Familiarize yourself with the local language using formal courses, language learning apps, and self-study materials. Understanding and communication skills can significantly improve social interactions.

2.  **Cultural Orientation**: Acquaintance with the general terminology and behaviors prevalent in the host country is recommended. This can be found in cultural guides or orientation programs offered by local government institutions, associations, or international organizations for expatriates.

3.  **Intermediary Tools**: Use translation services or devices, mobile apps that provide language transliteration or communication assistance, to facilitate communication with native speakers.

4.  **Multicultural Association Establishments**: Regular attendance at international communities and local associations may provide ample opportunities for cultural adaptation, interpersonal interactions, and the potential for native or bilingual participation in linguistic support services.

5.  **Practical Familiarization**: Familiarization with local customs, public services, and institutions increases familiarity and enhances expeditious interaction, leading to reduced dependency on translation services or devices for everyday transactions.

6.  **Local Language-based Publications and Media**: Familiarity with both print and visual media outlets in the host country supports a comprehensive grasp of prevailing societal terminology, customs, and events.

7.  **Community Involvement**: Regular attendance at institutions dedicated to the interests of expatriates might promote informal partnerships for linguistic support and furthering expatriate relations within the community.

8.  **Psychological Support**: The involvement of local and foreign-based professional services including medical services, educational institutions, and government agencies is beneficial in maintaining general and mental health.

9.  **Employment Opportunities**: Availability of career counseling and professional training courses, possibly incorporating the local language, are resources that augment adaptation and are provided through the institutions of a host state or affiliated non-governmental organizations.

10. **Professional Services**: Services such as job services and relocation programs of large companies and institutions providing expatriation, which provide guidance and information aid in social adjustment.

Integration into a host environment may be an endeavor of complexity and variance for individuals.  Continuous familiarity with local characteristics, comprehensive cultural awareness, and the establishment of connections within the expatriation community provide the groundwork for expediency in expeditious transition and resolution of potential complications.",84.16156279769942,93.0575458721894,84.95503919642965,88.6095543349444
I'm going through a divorce and feeling like a failure. How do people rebuild their lives after this?,"Rebuilding one's life after a divorce can be a complex and challenging process, emotionally, financially, and socially. However, with a clear understanding of the overall steps involved and the implementation of certain strategies to cope with various challenges many individuals have achieved a successful and satisfying rehabilitation of their lives. 

**Emotional Coping Mechanisms:**

1.  **Allow a period of mourning:** Acceptance of the divorce's finality is frequently subject to periods of emotional adjustment. Recognize the right balance between grieving and resilience is required.
2.  **Seek professional support:** Consult with a therapist, counselor, or psychologist for counseling services. They can aid in identifying emotions, developing coping strategies, and guidance through the procedure.
3.  **Participation in support groups:** Many support groups offer a platform for discussion of experiences between divorced individuals. Join such groups may help in social networking opportunities.

**Reorientation to a Single Status:**

1.  **Modification of Personal Beliefs and Values:** Re-examine individual values and attitudes toward personal and inter-relational matters of personal and professional.
2.  **Adjustments in Individual and Societal Role Assignments:** Understanding and compliance toward obligations of daily functioning responsibilities at a changed domestic setting.
3.  **Adjustments in Daily Operations:** Changes in consumption and management of individual resources, as a result of financial implications associated with separation.

**Social Network Reconstruction:**

1.  **Interpersonal Networking:**
    -    Revamping social networks, such as participation in public organizations, involvement in local charities, recreational venues, or community events.
    -    Re-establishment of contact with isolated parties such as acquaintances, coworkers, or acquaintances.
2.  **Participation in Community and Societal Activities:** Attendance in educational programs and courses that enhance personal knowledge or skill development.",77.48716332254108,89.85327081488607,85.09146116462443,83.67021706871358
I'm going through a divorce and feeling like a failure. How do people rebuild their lives after this?,"Rebuilding one's life after a divorce can be a challenging and emotionally taxing process.  It's not uncommon for individuals to experience feelings of failure, guilt, personal inadequacy, or low self-esteem in the aftermath of divorce. However, with time, support, and personal effort, many people successfully rebuild their lives and achieve a higher quality of life.

Here are several strategies that may aid in the process:

1.  **Establish a support network**: Surround oneself with supportive individuals who can provide emotional and financial assistance. This may include family members, friends, or professional counselors.
2.  **Identify personal goals and needs**: Assemble concrete objectives, such as acquiring independent living arrangements, enhancing employability, or focusing on personal wellness. In line with identified objectives, formulate practical methods of accomplishment, for the objective of personal achievement of these ambitions.
3.  **Engage in self-reflection and personal development**: Acquire personal experience by involvement of cognitive psychology, self-help writing, group participation and other mechanisms for improvement and awareness to improve personal understanding and growth.
4.  **Emphasize self-improvement**: Devote resources towards maintaining self-esteem by implementing and participating in personal projects. Develop a habit of keeping and recording personal interests for potential expansion of these activities.
5.  **Preservation of family relationships**: In instances where interactions with previous spouses or acquaintances must occur, implement effective forms of interaction that prevent strain or confrontation by creating a set of guidelines, such as non-essential association restriction and cordial interpersonal policies to reduce personal anxiety.
6.  **Adjust one's household**: Adapt living arrangements according to personal preferences and financial capacity. Personal household and living arrangements could be enhanced by the acquiring or procurement of new household items or property renovations and acquisition of additional personal property.
7.  **Financial Re-allocation**: Personal finances reorganization. The reduction of previous shared resource expenses combined with management of remaining disposable income, financial strategy modifications, and allocation of financial assets can increase a personal capacity for financial improvement.
8.  **Acquire skill development and qualification**: Pursuit of personal professional qualifications or vocational development for income generation from personal acquisition. This may be conducted by implementation of vocational or technological courses through a university system, training programs, or professional development methodologies.
9.  **Implementation of leisure activities**: Conduct implementation and development of personal hobby participation or community involvement through various means.

These are steps recommended for coping with and implementing a post-divorce lifestyle revision with a greater self-esteem, the implementation of personal goal achievement, community integration and societal adjustments according to the preference of the individuals involved.

Some further support and sources for implementation of life readjustment includes:

- Engagement in a support group for divorcees
- Acquisition and subscription to literature and periodical publications providing personal self aid.
- Participation in national programs for welfare assistance
- Maintenance of personal health care adherence to address any psychological and physiological disturbances.
- Participation in national training and social programs.

Through",77.18522539839338,87.65635274576651,81.71166208896577,82.42078907207994
I'm going through a divorce and feeling like a failure. How do people rebuild their lives after this?,"I'm truly sorry for the difficulties being faced.  Losing a marriage and personal relationships can result in emotional distress.  However, individuals have successfully progressed and regained overall well-being from such situations. Rebuilding the life after separation or divorce presents some of the general steps which should be followed to achieve personal development and closure.

1.  **Accept the separation**: Acceptance of the divorce and subsequent dissolution of shared assets is required in order to transition to next steps. Embracing the current status is an approach that results in efficient future operations and potential personal growth.

2.  **Seek legal assistance and understanding from authoritative counsel**: Familiarization with  laws and jurisdictional regulations associated with divorce  may assist one in acquiring optimal agreement of property separation and allocation of responsibilities.

3.  **Formulation of post-divorce lifestyle**: Divorced individuals must formulate novel and independent choices for personal requirements including but not exclusively residing, occupation and leisure.

4.  **Participation within social activities and social gatherings**: Maintaining connections with other acquaintances can be a source of social reinforcement. Joining clubs and group activities may promote and develop familiarity with contemporary social arrangements.

5.  **Relocation**: Potential change of area of residence or residence might enable efficient reorganization of existence of separated parties.

6.  **Assessment of professional fulfillment**: The reacquisition of financial independence necessitates exploration of opportunities for job satisfaction and income increase.

7.  **Emotional development**: Emphasis placed on mental well-being is suggested by engagement in the various courses on stress alleviation and interpersonal relations.

8.  **Maintenance of support system**: A close support system, frequently consisting of professional support groups as well as close family members, contributes in mitigation of stress and recovery in an individual in this process.",75.76304456385031,89.01239739318359,85.00280850222194,82.38772097851695
I'm going through a divorce and feeling like a failure. How do people rebuild their lives after this?,"Rebuilding one's life after a divorce can be a challenging but ultimately rewarding process. Here are some steps that may assist in facilitating recovery and personal growth:

1.  **Emotional Processing**: Allow yourself time to grieve the loss of the relationship. This may involve experiencing a range of emotions such as denial, anger, sadness, and acceptance.
2.  **Legal Matters**: Attend to the resolution of legal matters, including divisions of assets, living arrangements, and financial arrangements. Consulting a legal professional is advisable.
3.  **Establish Financial Independence**: Determine a budget and create a long-term plan for financial management. Maintaining independence through fiscal prudence can provide a sense of stability.
4.  **Identify Goals**: Establish personal objectives aimed at fostering a sense of fulfillment. These may include pursuing education, employment opportunities, hobbies, and interpersonal connections.
5.  **Resocialization and Networking**: Pursue social engagement and reestablishing relationships with acquaintances and colleagues to foster professional and personal reintegration.",39.19242295144368,91.57417640410154,96.09704672998349,65.38329967777261
I'm going through a divorce and feeling like a failure. How do people rebuild their lives after this?,"Rebuilding one's life after a divorce can be a challenging and daunting task, but various factors can contribute to a successful outcome. Several actions and steps aid in rehabilitation. These include:

1.  Acceptance and Embracement of the Decision:  Realization of acceptance regarding the divorce can provide clarity toward planning necessary steps for personal rehabilitation. People consider different options for future plans and arrangements.

2.  Emotional Regulation and Support: The processing of feelings throughout the divorce process is facilitated through recognition of the emotional states following the termination of marriage. Social assistance for emotional guidance through family, close acquaintances to professionals with access to the experience can aid support for people to deal with an emotional state associated to rehabilitation during such transition in one life. 

3.  Self-Responsibility and Empowerment: Post-establishments of legal procedures for separation of living arrangements typically consist of re-determination of financial capabilities; modification of living standards and management over personal life, establishment, and self-reliance, self-improvement through adoption of independent habits of individual life and self-oriented endeavors to enhance personal capabilities in relation to previous and projected future expectations.

4.  Financial Self-Awareness: Establishing clarity on financial aspects such as identification and management for available financial resources, allocation for expenditures, assessment of financial requirements, development of capabilities leading towards fiscal stability can lead towards effective utilization for further objectives.

5.  Psychological Evaluation (Counseling): Psychological assessment of personal psychological state typically involves examination and adaptation to various stress conditions resulting from family separation through evaluation and analysis associated clinical assistance concerning self and psychometric data contributing towards an analysis.",84.17099519500545,85.8531012802956,76.80094314277486,85.01204823765053
I'm caring for a sick family member and feeling exhausted. How do caregivers manage?,"Managing caregiver responsibilities often can be overwhelming and emotionally demanding. According to the American Association for Long-Term Care Insurance, the impact on caregivers' physical and emotional health can range from various factors. To successfully manage this situation, consider the following measures:

1.  **Prioritize Self-Care:** Allocate a dedicated time slot for rest and wellness throughout the day. Scheduling personal recreational activities contributes positively to maintaining stress resilience, enabling optimal performance.
2.  **Delegate Tasks:** Utilize support structures through family members or potential professional organizations that can provide assistance. Efficient division of work can enhance the caregiving experience and improve work performance.
3.  **Identify Applicable Services:** Healthcare facilities providing caregiving services, home care services and long-term care insurance options are available for assessing the requirement of an individual. Care assessments allow the identification of an individual's need for support and the implementation of resources designed to promote health and well-being.
4.  **Financial Management:** A variety of financial management  procedures have been implemented to support caregivers, including tax deductions and assistance for long term care, addressing related household costs. It is advisable to consult with an accountant to make informed choices regarding financial planning.
5.  Consider Participation in Support Groups. These typically allow caregivers to discuss and address various care scenarios with similarly situated individuals.",62.76168178936175,90.26791712445221,89.44134259914694,76.51479945690699
I'm caring for a sick family member and feeling exhausted. How do caregivers manage?,"Managing caregiver responsibilities can be extremely demanding and emotionally depleting. Here are several strategies commonly employed by caregivers to mitigate the psychological, physical, and emotional strain associated with this role:

1.  **Establishing a Routine**: Developing a well-regulated schedule facilitates the maintenance of daily needs for the family member and personal tasks, reducing the likelihood of neglect or undue stress.

2.  **Prioritization of Tasks**: Effective time management and allocation of resources, such as allocating tasks to household members or utilising community or organizational support, might facilitate a reduction in stress levels and promotion of better care quality.

3.  **Social Support Network**: Accessing local or governmental assistance facilities can provide respite and temporary or continuing assistance.

4.  **Utilisation of Available Technologies**: Adoption of relevant software and digital resources can reduce the time needed to access required documents, scheduling appointments, managing medication, or communication with health professionals.

5.  **Emotional Self-Management**: Practicing mindfulness techniques, maintaining physical fitness, and maintaining social interactions may mitigate caregiver stress.

6.  **Advisance with Health Professionals**: Regular consultation with medical workers can optimise patient health care and facilitate better understanding and management of conditions which in turn may have a positive effect on caregiver well-being.

7.  Limiting Personal Work Responsibilities (when possible) by partaking in employee benefits for caregivers or reduction of work hours of employee within relevant legal parameters.",60.97978553648524,91.81178791704811,93.87695562004622,76.39578672676667
I'm caring for a sick family member and feeling exhausted. How do caregivers manage?,"Managing the care and responsibilities for a sick family member can be a challenging experience for many individuals. Here are some strategies and suggestions to aid caregivers in effectively coping with their tasks and responsibilities while caring for a family member.

**Emotional Support**

1.  **Self-care**: Caregivers often prioritize patient well-being over their own. Engage in regular activities such as exercise, meditation, or reading to reduce emotional and psychological stress.
2.  **Seek professional counseling**: Consulting a mental health professional to identify and address emotional strain associated with caregiving.

**Organization and Task Management**

1.  **Establish a routine**: Develop a structured schedule to manage daily responsibilities and ensure continuity in care.
2.  **Create a contact list**: Keep necessary medical contacts, such as the patient's doctor and emergency services, along with other relevant information.
3.  **Divide tasks among available individuals**: Allocate caregiving responsibilities among other family members or potential volunteers.

**Practical Support**

1.  **Financial assistance**: Explore public entitlement programs, social welfare services, and the availability of relevant government benefits such as Medicaid.
2.  **Home maintenance and alteration**: Modify the living environment to satisfy the affected individual's needs, such as installing grab bars for safety purposes.
3.  **Household assistance**: Manage tasks like meal preparation, cleaning, and financial management.

**Available Resources**

1.  **Hospice or Home Health Care Agency**: Utilize professional medical services offering healthcare expertise and support.
2.  **Senior Support Organizations and Charities**: Access financial aid and volunteers for elderly or handicapped individuals.
3.  **Patient Support Organizations**: Patient advocacy groups can facilitate exchange of information and provide relevant resources to cope with medical conditions.",67.61474071260433,93.96843332546888,94.93943734916935,80.7915870190366
I'm caring for a sick family member and feeling exhausted. How do caregivers manage?,"Managing care responsibilities for a sick family member is a significant task that can be emotionally and physically taxing. There are several strategies that caregivers may use to cope with the demands and stress associated with caregiving:

1.  **Seek Support:**
    -   Establish a support network, which may include family members, friends, acquaintances, or volunteer organizations that provide financial assistance to caregivers or offer respite care.
    -   Online support groups, such as online forums or discussion boards, can also provide emotional support and advice.

2.  **Time Management and Organization:**
    -   Create and implement an organized schedule to manage caregiving tasks, medication administration, and medical appointments.
    -   Utilize calendar reminders, mobile applications, or digital calendars to enhance efficiency.

3.  **Self-Care Practices:**
    -   Engage in relaxation procedures such as deep breathing, exercise, or meditation to manage stress and fatigue.
    -   Obtain adequate sleep and balanced diet may also aid in mitigating physical exhaustion.

4.  **Respite Care:**
    -   Hire temporary caregivers to provide support during periods of absences, holidays, or vacations.
    -   Temporary care facilities or in-home care may be engaged for further augmentation.

5.  **Professional Resources and Benefits:**
    -   Consult with a doctor or social worker to determine available healthcare services that cover the patient's medical needs and the caregivers legal rights and benefits.

6.  **Mental Health Evaluation:**
    -   Contact a clinical psychologist or licensed therapist for evaluation of caregiver-related emotional concerns.

7.  Health Services Aid:
    -   Healthcare practitioners may offer care coordination, patient support groups as well as support counseling and health facility services including home visitation for care needs.",22.173290717030266,92.79006825851779,94.88609013392181,57.48167948777403
I'm caring for a sick family member and feeling exhausted. How do caregivers manage?,"Caregivers face numerous challenges when providing continuous care for a sick family member, often experiencing physical, emotional, and mental exhaustion. Effective management strategies can help alleviate the burden and foster a more sustainable caregiving arrangement.

1.  **Seek Support and Resources:** Reach out to family, friends, hospices, non-profit organizations, and government agencies offering respite care and social services. These sources can offer financial assistance, emotional support, and respite services.

2.  **Time Management and Scheduling:** Establish routine care scheduling to allocate regular intervals for caregiving, allowing for flexibility in responding to changing conditions. Time management also includes allocating time for self-preservation to avoid caregiver burnout.

3.  **Respite Care:** Arrange for regular respite services. Professional or informal services for respite care allow the caregiver to temporarily discontinue responsibilities for a family member. Respite care can vary in duration and type.

4.  **Prioritization of Self-Care Activities:** Encourage incorporation of practices for enhancing self-sustainability, such as physical exercise, a balanced diet, and periods of leisure.

5.  **Mental Health Support:** Implementing stress management techniques and consulting professionals should be encouraged for mental well-being and reduction of stress among caregivers.
6.  Healthcare services and Community Assistance: 
    Utilization of Home Healthcare Services (Home Health Aid, Home Nursing, Physical Therapy, Occupational, and Speech) are alternatives for professional in-home services that enhance support for care recipient. Some governmental and non-profit organizations provide complementary services (including free medication management and nutritional support.)",19.386321101440437,93.65742932397885,94.99909549146052,56.521875212709645
I keep procrastinating on important tasks and then feeling terrible about it. How do I break this cycle?,"Breaking the cycle of procrastination and guilt often requires a multi-step approach, combining self-awareness, strategy implementation, and habit development. The following strategies can aid in addressing procrastination:

1.  **Identify underlying causes:** Determine the primary reasons behind procrastination. Common causes include:
    -   Lack of clear goals or priorities
    -   Overextended workload or unmanageable tasks
    -   Inadequate skills or information required for tasks
    -   Time management and organizational inefficiencies
    -   Emotional or psychological factors: stress, perfectionism, low self-efficacy

2.  **Prioritization of tasks:** Prioritize tasks, focusing first on critical responsibilities ascertained in accordance with organizational and individual requirements. Allocate time for each task, adjusting when necessitates.

3.  **Breaking tasks into manageable components:** Divide complex tasks into discrete, tractable elements. Break down major undertakings into smaller units susceptible to immediate and actionable steps. This facilitates their accomplishment, promoting successful completion of the initial operational components, thereby fostering continued progress toward overall objectives.

4.  **Time management strategies and task scheduling:** Utilize scheduling techniques, incorporating both short-term and long-term objectives, incorporating dedicated intervals for various tasks, establishing routine or scheduled completion for the tasks within this framework. Monitoring these schedules may provide enhanced productivity through goal realization with timely completion of specific components while mitigating instances of procrastination.

5.  **Eradication of distractions:** Prioritize reduction or elimination of distractions, ensuring an optimal level of productivity through dedicated task-achievement, which may necessitate utilization of designated time and environment optimized for the productive pursuit of tasks.

6.  **Establishing accountability:** The implementation of scheduled completion of tasks and timely notification to designated personnel upon attainment can incentivize adherence and maintain organizational coherence as well as augment the overall performance of employees by utilizing accountability among the personnel as per need.

7.  **Reward and reinforcement of productivity systems:** The implementation of appropriate compensating mechanisms for tasks is conducive to the enhancement of productivity performance under current conditions, augmenting employee motivation, further facilitating the elimination of procrastination.

8.  **Regular self-assessment and improvement:** Periodic evaluation of performance, identification of shortfalls, and adjustments to schedules and tasks can serve as means for operational rectification and enhancement within productivity context.",80.9515895040781,93.31338145105288,84.76289742292698,87.1324854775655
I keep procrastinating on important tasks and then feeling terrible about it. How do I break this cycle?,"Breaking the cycle of procrastination often requires a combination of self-awareness, strategic planning, and intentional actions. Here are several steps to consider:

1.  **Identify the root cause of procrastination**: Reflective analysis of the tasks being avoided is necessary for breaking procrastination habits. Determining the underlying reasons driving the delay, such as overwhelming scope, perceived task complexity, lack of motivation, or emotional aversion, can be determined. 

2.  **Prioritize tasks**: Develop an implementation plan for goal-oriented prioritization. Use the following procedures:
    *   Establishing an activity calendar for tasks and corresponding deadlines contributes to clear definition of the schedule structure and requirements.
    *   Task categorization to optimize productivity by task type and urgency. Strategic division may further minimize procrastination in multi-task environments.
    *   Task fragmentation, including breaking tasks into discrete, workable components contributes to efficient goal realization.

3.  **Create an environment conducive to productivity**: Implementation of an organized workspace, and the enforcement of adherence minimizes work barriers and potential areas of distraction;  thereby promotes efficient execution of tasks.

4.  **Develop strategies for mitigation**: Development of contingency planning and task adaptation facilitates completion within existing context. Techniques such as: 

    *   Task splitting.
    *   Task shifting – allocation of specific work loads to separate days based on task difficulty or complexity 
    *   Implementation of time constraints.

5.  Adoption of appropriate time management strategies aids adherence to task assignments: scheduling time constraints aids consistency of work performance in conjunction with organizational structure.",83.7705203942216,91.09442142539861,85.05553713512417,87.4324709098101
I keep procrastinating on important tasks and then feeling terrible about it. How do I break this cycle?,"Breaking the cycle of procrastination requires a combination of understanding its underlying causes and implementing strategies to overcome the propensity for procrastination. Here are several methods by which one can successfully address procrastination and thereby manage related associated feelings.

### Identifying Underlying Causes of Procrastination
- **Multitasking**: One primary cause of procrastination is attempting to accomplish more than one complex task at a time. Research suggests that optimal productivity is achieved when two tasks, typically those of a different nature, are performed concurrently. 
- **Task Difficulty and Complexity**: Individuals often find projects of considerable complexity or inexperience in a subject matter significantly difficult to begin. The associated stress causes individuals to delay initiation or diversion into activities not correlated with work objectives. A process of task decomposition into relatively more manageable and less elaborate tasks might help address instances of task complexity.

### Strategies to Overcome Procrastination
- **Categorization and Prioritization**: Utilization of effective classification schemes (for example, according to importance and relevance) and the subsequent prioritization of task accomplishment, often facilitated by relevant software tools or schedules, enhances timely completion and reduction in procrastination.

- **Goal Setting**: Setting defined time-based goals and maintaining subsequent records of the time expended for associated completion is essential in fostering a productive environment that necessitates active participation.

- ### Implementation of Time Management Methods: 
  Several techniques may be employed by individuals for optimization of the duration devoted to designated tasks. Techniques such as: the Pomodoro technique which includes the division of labor into 5-minute intervals interspersed with equivalent durations of non-productive activities and utilization of various calendars.

- **Motivation Maintenance**: Identification of personal motivational factors, commonly categorized as needs or incentives, assists in sustained adherence to predetermined action plans and thereby aids the avoidance of procrastination behavior.

- **Self-Correction Approach**: Observation and documentation of task execution failures allows identification and modification of inefficient task execution methods.
- **Modification of Environmental Context**: Changes including modification in physical environment, reduction of available time for non-functional assignments, scheduling meetings within designated timeframes can assist in task execution.",82.04907732376542,90.94241348344916,82.56821387939172,86.49574540360729
I keep procrastinating on important tasks and then feeling terrible about it. How do I break this cycle?,"Breaking the cycle of procrastination requires a combination of understanding the underlying causes, developing self-regulation strategies, and implementing behavioral changes. Here's a step-by-step approach to help you overcome procrastination:

1.  **Identify triggers and root causes**: Keep a journal to analyze the tasks and situations that lead to procrastination. Potential causes include:
    *   Lack of clear goals or expectations
    *   Insufficient knowledge or skills required
    *   Task complexity or novelty
    *   Pressure to meet deadlines
    *   Task aversion or perceived low personal interest
    *   Distractions or interruptions
    *   Inadequate self-regulation and time management skills
2.  **Prioritize and categorize tasks**: Organize tasks based on importance and urgency. Differentiate between critical tasks with immediate deadlines and less urgent, yet long-term objectives, to prevent procrastination caused by perceived complexity or low interest.
3.  **Set clear goals and objectives**: Break down complex tasks into manageable units, establish precise objectives, and develop plans for achieving them. Regularly update the scope of tasks and adjust the plan according to changing circumstances.
4.  **Establish a time management schedule**: Allocate specific time slots for tasks, assigning the most critical or potentially productive periods during the day. Develop routines for regular time allocations to ensure consistent productivity.
5.  **Establish a task completion mechanism**: Implement techniques for checking and confirming the completion of ongoing tasks on a set schedule to maintain accountability and adherence to scheduled plans. A calendar or task management software can help monitor progress.
6.  **Adapt and deploy contingency planning strategies**:
    *   Break tasks further into smaller and actionable elements to enhance perceived difficulty levels
    *   Identify and categorize high-leverage actions within complex tasks to enhance management
    *   Prioritize continuous learning across all disciplines to address perceived knowledge deficits
    *   Utilize time management methods or specialized productivity tools if deemed effective for particular tasks
    *   Allocate potential and specific contingencies for inevitable circumstances
7.  **Introducing self-evaluation frameworks for goal achievement**: Regular assessment of accomplishment and productivity across planned intervals allows further insights into factors causing procrastination. Such procedures facilitate the identification of more beneficial self-regulation strategies, such as continuous information assimilation, increased time use ratios, or adjustment of task classifications.",79.39634150225395,94.93555236892189,93.07925674968747,87.16594693558793
I keep procrastinating on important tasks and then feeling terrible about it. How do I break this cycle?,"Breaking the cycle of procrastination involves understanding the underlying causes and developing strategies to overcome them. Here are steps to help:

1.  **Identify the underlying causes of procrastination**: 
    -   Lack of motivation
    -   Insufficient knowledge or skill
    -   Overwhelming task ambiguity or complexity
    -   Fear of failure or negative consequences
    -   Distractions

2.  **Prioritization**:
    -   Organize tasks based on importance and urgency
    -   List and categorize tasks to focus on high-priority items
    -   Allocate time and deadline for each identified task

3.  **Task segmentation**:
    -   Divide complex tasks into manageable components
    -   Creation of smaller manageable tasks and incremental completion of them

4.  **Elimination of external interferences**:
    -   Environmental factors (noise level, interruptions)
    -   Temporal factors (appointment allocations and scheduling)
    -   Minimization of distracting stimuli

5.  Developmentally driven tasks:

    -   Breaking of the task into manageable components
    -   The creation of work procedures or algorithms

6.  Implementation of established procedures:
    -   Consistent utilization of previously identified routine-based protocols and previously defined systems.

7.  Feedback review:
    -   Continuous assessment of task effectiveness in conjunction with prior established schedules
    -   Identification of areas for improved optimization.",81.97635387155266,87.24266550620602,85.17502435277294,84.60950968887934
I'm being pressured to make a major life decision and don't feel ready. How do I handle this?,"Being subjected to pressure to make a life decision can be overwhelming and stressful. This can be emotionally taxing when it occurs, especially if the decision in question is significant or holds long-term implications.  In such scenarios, several strategies can be implemented to help manage the pressure, while facilitating the completion of the necessary tasks or resolution of their requirements:

1.  **Setting clear evaluation criteria**: First, establish a set of objective criteria for evaluating choices. These criteria can help evaluate different options and their potential outcomes. 

2.  **Seeking external advice**: Consulting with professionals or specialists knowledgeable in the decision area can provide relevant information and context for the decision. Conversely, the input of trusted individuals with varying areas of operational expertise may facilitate the attainment of more balanced perspectives.

3.  **Considering a phased approach**: If immediate resolution is unavoidable, determining critical factors and evaluating the initial decision's impact could ensure that essential choices are made prior to the deadline. In addition, incremental or phase-wise completion of obligations might allow the fulfillment of conditions or the alleviation of pressure within a longer timeframe.

4.  **Negotiating deadlines and goals**: When required, the negotiation of a revised or extended deadline can allow individuals the opportunity to perform an appropriate process for informed decision-making. This may facilitate adequate analysis of the decision and the implementation of effective course of action.

5.  **Preserving autonomy in decision-making processes**: While this alternative may contribute an additional strain, individuals should be allowed freedom of choice to evaluate any existing options available and apply the procedures that are considered appropriate for assessment. In certain situations the lack of participation in the decision-making can contribute to significant dissatisfaction with the adopted plan.",74.49959501857647,93.07908461203348,89.9574392040352,83.78933981530497
I'm being pressured to make a major life decision and don't feel ready. How do I handle this?,"You're faced with a situation that requires a major decision, and you're experiencing hesitation or uncertainty regarding the consequences and implications that come with it. There are several steps to help navigate this situation:

1.  **Acknowledge feelings and identify the decision criteria**: Recognize and document your personal goals, as well as any relevant factors influencing the outcome of the decision.

2.  **Educate oneself on available information**: Research and gather relevant information surrounding the proposed decision if possible.  Consider both short and long-term consequences, and assess the impact on various parties affected by the choice.

3.  **Evaluations and assessment of factors**: Examine specific criteria through weighing individual considerations, such as personal values, risk tolerance, financial outcomes, and potential long-term results.

4.  **Consultation and collaboration**:  Consult individuals who are experienced in the subject area, experts, or potentially, professional counselors to provide a diverse set of views and suggestions.

5.  **Alternative options and backup selection evaluation**: When feasible, identify and assess contingency plans and alternatives should potential outcomes result in unfavorable results.

6.  **Establish goals based on decision objectives and guidelines**: Systematically assess each proposed alternative solution and correlate them to previously developed goals.",78.87151947671771,89.1133763200313,91.25077265644235,83.99244789837451
I'm being pressured to make a major life decision and don't feel ready. How do I handle this?,"Making significant life decisions under pressure can be a challenging and stressful experience. Here are some steps that may help you navigate this situation:

1.  **Acknowledge the pressure:** Recognize the motivation behind the pressure, whether it is a desire from others or self-imposed expectations. This awareness can facilitate a more objective consideration of available options.

2.  **Assess the urgency:** Establish whether the decision has immediate and far-reaching consequences or moderate implications. Prioritize the potential outcomes, focusing on those that have enduring impacts.

3.  **Systematic evaluation of available choices:** Evaluate all viable options systematically by identifying potential benefits and drawbacks for each possibility. This process is often supported through the creation of decision trees or matrices for comprehensive analysis.

4.  **Consult pertinent data and expertise:** The assessment of viable alternatives might necessitate further research or consultation with relevant professionals. This process contributes more informed decision-making processes.

5.  **Alternative delay or deferral:** If a complete evaluation of potential results is deemed unfeasible at the present time, a temporary deferral of the decision may be indicated. This enables the collection of supplementary information, maturation of personal judgment, and identification of further resources.

6.  **Assessment of potential long-term risks:** The long-term implications of unimplemented options can be considered. Decision-based risks, in addition to the outcomes of choice, are to be considered.

7.  **Preparation for consequences:** Development of coping frameworks for expected or likely outcomes is a method for facilitating resilience through the resolution of the decision.

8.  **Consideration of support mechanisms:** Consultation with experienced advisors or support groups. Alternatively, these advisory resources may possess practical knowledge that informs decision requirements.

9.  **Potential consequences of urgency imposed by external parties:** Examination of external pressures, which is often driven by the expectation of other parties, serves as a basis for an internal assessment in light of their influence on life choices.

10. **Implementation of decision alternatives:** Identification of decision-making frameworks facilitates execution and management that address alternative decision-making procedures, that is in line with existing alternatives evaluation.

11.  **Continual assessment and monitoring:** Consider ongoing re-evaluation that allows for decision adjustment as evolving circumstances may necessitate adjustments based on their implications.",83.66899916871083,92.81053075507754,85.0346550292978,88.23976496189418
I'm being pressured to make a major life decision and don't feel ready. How do I handle this?,"Making a major life decision that leaves one feeling pressured can be overwhelming and stressful. To manage this situation more effectively, the following strategies may be applied:

1.  **Obtain Further Information**: Gathering more details and data on the decision may increase one's comfort level and readiness in making a decision.

2.  **Seek Expert Opinions**: Consulting with experts or those knowledgeable in the subject matter could provide valuable insights into the decision process.

3.  **Set Deadlines**: Establishing specific timelines for the decision-making process may alleviate indecision by providing a structured approach to decision-making.

4.  **Formulation of Pros and Cons List**: The creation of a list of potential benefits and drawbacks enables clearer consideration of factors influencing a decision.

5.  **Implementation of Risk Assessment**: A risk analysis may help in consideration of associated potential risks of the choice of the alternatives.

6.  **Delay in Decision Making**: When circumstances allow, a deferral in decision-making may provide a more favorable timing suited to the individual's personal preference for more time in making decisions.

7.  **Development of a Comprehensive Strategy by Formulation of a Decision Framework**: This approach could potentially enable systematic evaluation of decision related criteria to make the decision-making process more orderly.

8.  **Professional Assistance**: If required, consulting a decision-making professional could be performed.",81.46246802959179,90.89390711880394,89.64852674390362,86.17818757419786
I'm being pressured to make a major life decision and don't feel ready. How do I handle this?,"Feeling pressured to make a decision can be overwhelming, and it's essential to take a step back to address the situation effectively. Here are some steps to help you handle the pressure and make a decision that aligns with your goals and priorities:

1.  **Recognize the pressure sources**: Identify the individuals or organizations exerting pressure for the decision. Understand their perspectives and expectations. However, recognize their intentions as unbiased and acknowledge personal preferences or goals.
2.  **Assess the urgency and necessity**: Evaluate the level of urgency and necessity for the decision. Confirm the impact of the choice on stakeholders involved and potential consequences arising from delays or inaction.
3.  **Define criteria for evaluation**: Establish criteria including factors relevant to the decision, such as personal values, financial implications, long-term effects, availability of resources, compatibility with organizational goals.
4.  **Conduct an analysis of options**: Develop a comprehensive evaluation of the potential decision, including consequences, feasibility, and alignment with selection criteria. Compare this with potential variations or alternatives to present a viable solution for comparison to the decision suggested.
5.  **Consider acquisition of information or assistance**: Evaluate availability and limitations of relevant data for decision analysis. Determine necessary information sources and consider hiring decision-making consultants or professional services, which may facilitate comprehensive consideration and identification of suitable decision-making choices.
6.  **Allow sufficient planning and preparation time**: Set realistic timeframes required to gather all information, resolve ambiguities or unclear conditions, and complete the appropriate evaluations from identified variables of the potential consequences of said choice.
7.  **Prepare communication frameworks**: Prepare written or oral statements to facilitate timely information exchange among involved parties ensuring consistency with defined preferences, and provide updates on the timeline for the completion of the decision-making process.

8.  **Potential Response to the parties exerting pressure**:
    Implement methods to clearly communicate the nature of the choice-making process, the steps required to determine the choice under consideration and timeframes allocated for making the decision.

9.  **Document communication**: Maintain records of interactions with parties and related documentation for compliance purposes, internal evaluation, and facilitating follow-up assessments on the final choice of those who took place amongst the stakeholder decision-making processes.

10. **Seek external opinions where necessary**: Conduct formal decision-making by presenting analysis to parties not familiar with decision-making process to achieve compliance with set expectations and objectives through validation processes with various other experts or impartial third party assessors, if necessary.",78.23876374694592,89.80637656211145,84.58319579029994,84.0225701545287
I've been rejected from all the colleges I applied to. What should I do now?,"Rejection from colleges can be disappointing, but it does not define your future opportunities. Many individuals face rejection before achieving their goals. Here are steps you can take after college rejection:

1.  **Allow for a period of emotion settlement**: Accept the decision of the college admissions offices. Permitting adequate time for emotions, reactions, and evaluation reduces any potential regret, and can facilitate the establishment of effective and well-considered paths.

2.  **Review Admission Decision Criteria**: Determine what factors resulted in college rejection. If based on grade point average or standardized test scores, there may be opportunity for improvement. Development of relevant attributes could enhance competitiveness of the candidate pool through additional preparation at secondary academic institutions.

3.  **Additional Coursework Consideration**: Pursue preparation through enrollment at community colleges or online platforms and institutions. These locations may provide alternatives, potentially meeting the prerequisites necessary for admission to target college environments.

4.  **Assessment of College Requirements**: Consider institutions that may possess requirements more favorable to applicant qualifications. A study of their admission criteria could result in potential alternatives, including private and specialized institutions, community colleges, or online institutions.

5.  **Consult with Counselors or Institutional Admission Authorities**: In several educational institutions, these officers or their advisors could identify alternatives to educational opportunities, providing students with the knowledge of the respective admissions protocols.

6.  **Development of Alternative Plans**: Consider the possibility of immediate entry or deferred consideration upon the completion of additional prerequisites.

Rejection from colleges doesn't dictate one's academic path but allows examination of alternatives. Potential candidates' circumstances may require reconsideration or revision of educational requirements.",78.3271310242865,92.72578215147824,89.62504454837196,85.52645658788236
I've been rejected from all the colleges I applied to. What should I do now?,"Being rejected from multiple colleges can be a disappointment, but it is not an uncommon experience. Here are several potential next steps to consider:

1.  **Review and reassessment of application processes**: Evaluate the application materials submitted, ensuring adherence to requirements and optimization. Consider seeking consultation from school counselors or experienced professionals to review and refine application components.

2.  **Consultation with school officials**: Some institutions have appeal processes or post-admission reconsideration procedures based on extenuating circumstances. School counselors or admissions officers may assist in explaining available options and potential outcomes.

3.  **Alternative post-secondary education pathways**:  Students may pursue vocational, community college, or alternative post-secondary institutions offering specialized or online programs, which often have different admission criteria.

4.  **Gap year or vocational courses**: Participation in various activities, internships, or vocational educational programs, that may not be commonly incorporated within academic frameworks, such as work placements, volunteer programs, language courses, or skills development workshops. For some students, a temporary interlude prior to post-secondary education may be beneficial in enhancing personal understanding and professional skills.

5.  **Preparation of additional documentation or supplemental materials**: Additional supporting information such as standardized test scores, improved letters of recommendation, enhanced personal statements, or updated grade trends may be sought to increase the likelihood of acceptance at previously underreviewed post-secondary institutions.

6.  **Development of post-secondary institution choice criteria**: Institutions with particular curricula that adhere to an applicant's interests should be re-evaluated for feasibility of potential acceptance and overall fulfillment of academic goals.

7.  **Re-application and alternative institution selection**: Subsequent application for acceptance to various institutions could be considered based on the reviewed information concerning institution attributes.",70.84064570015076,93.64612973305049,94.06751209933245,82.24338771660062
I've been rejected from all the colleges I applied to. What should I do now?,"Rejection from multiple college applications can be disheartening. However, this outcome does not limit future opportunities. Many students face similar rejections and still attend institutions of higher education or achieve personal and professional success. To move forward, consider the following steps:

1.  **Re-evaluate the application process and performance results:**
    a. Review application content, documentation, and submission formats for potential inaccuracies or oversights.
    b. Assess personal academic performance in relevant courses or subjects.
    c. Compare application information with admission requirements for potential institutions.

2.  **Explore alternative academic and non-academic opportunities:**
    a. Consider attending private or community colleges.
    b. Look into technical schools and vocational training programs.
    c. Investigate certificate-related courses or apprenticeships to enhance career prospects.

3.  **Enlist professional guidance:**
    a. Schedule meetings with school counselors to discuss options for alternative educational paths.
    b. Consult with admission officers and faculty members of denied institutions regarding available programs and selection criterion.

4.  **Personal growth and community programs:**
    a. Participate in professional, civic, or extracurricular activities to expand skill sets and develop a broader professional profile.
    b. Develop hobbies or pastimes to establish personal interests outside of formal educational frameworks.

5.  **Re-apply:**
    a. Update and improve applications based on feedback, if provided.",22.092372154779692,93.11322617129329,96.89654682300912,57.602799163036494
I've been rejected from all the colleges I applied to. What should I do now?,"Rejection from multiple colleges can be disheartening, but it is not uncommon. There are several steps that you can take in response to this situation.

1.  **Allow Time for Emotional Processing**: It is essential to acknowledge and accept the rejections while giving yourself time to cope emotionally. This could be a few days, weeks, or months, depending on individual circumstances.

2.  **Review Application Process**: It may be helpful to re-examine application procedures and documentation submitted. This includes the content of applications, letters of recommendation, and any additional materials. Analyzing this data may reveal discrepancies or limitations that could have impacted the application.

3.  **Potential Areas for Improvement**: Identification of areas of improvement can guide future preparations, potentially increasing the probability of successful admission.

4.  **Enrollment in Alternative Programs**: Students may wish to explore alternative post-secondary options, such as vocational and technical schools, community colleges, or apprenticeships. These alternatives often provide a more diverse range of programs and frequently provide lower fees and better student selection.

5.  **Submission of New Applications**: Submission of supplemental applications may be successful depending on factors and new policies. Many admission cycles accommodate submission of new application materials following earlier rejections.

6.  **Reconsideration of Application Deadlines**: For reapplication, consideration of previously unsubmitted applications, evaluation deadlines may be determined by institutions implementing various requirements and timelines.

7.  **Postsecondary Institutions without Traditional Admission Processes**: Existence of non-traditional institutions offering distinct options, for instance, distance learning institutions and open enrollment colleges possibly admitting the broader base of enrollment, these admissions procedures vary on the basis of provided admission criteria.

8.  **Appropriate Employment or Career Development**: In many instances, vocational experience plays a role in individual determination of future outcomes of college admissions policies. Participation within vocational training programs could prepare students for more competitive enrollment opportunities upon completion of such programs.

9.  **Professional and Academic Readjustment Plans**: Pursuit of further instruction in preparation of prospective selection in collegiate settings may require additional planning considerations including, but not limited to, vocational courses, and participation in non-institutional educational programs such as industry-specific experience via apprenticeship or work experience.",62.70218376749473,90.10193944695644,84.97819618833542,76.40206160722559
I've been rejected from all the colleges I applied to. What should I do now?,"Rejection from college applications can be disheartening.  However, it does not dictate one's abilities or future prospects.  Consider the following options:

1.  **Review Application Decisions:** Examine application records for individual college institutions to identify specific outcomes: acceptances or rejections from similar institutions. This data enables applicants for informed planning procedures for prospective students.

2.  **Alternative Post-Secondary Educational Options:** Explore alternative options, including junior colleges/trade schools or vocational schools. These institutions sometimes have broader acceptance criteria or provide access to comparable resources.

3.  **Technical Programs and Training Institutions:** Consider available training courses in technical and technical fields. Some vocational programs lead to certifications or certifications in particular areas. They can serve as an interim transition for future education.

4.  **Preparation for Future Application Submissions:** Review and improve content of current application, with particular consideration to personal statements or personal information. Adjustments, where applicable. The potential applicant can further prepare by enhancing academic performance at any existing educational institution or participating in extracurricular activities related to proposed career choices.

5.  **Reevaluation of Higher Education Objectives:** Consider potential interests in alternate professions or further examination of the higher education system. If desired outcomes still focus on higher education, reevaluation of post-secondary educational programs should be conducted in preparation for submission of applications.

6.  **Applying to Postgraduate Programs:** Review of qualifications and criteria regarding postdoctoral applications by candidates. It is feasible for individuals to pursue and enroll in a postgraduate program if initial college admission rejections were not successful.

Each institution and candidate circumstance is unique. Consultation with school authorities can reveal potential variations of existing protocols for admissions and post-application course selection procedures.",79.43309922547644,85.54274161796799,69.07016660971193,82.48792042172221
What are typical expectations in a corporate dress code?,"Typical expectations in a corporate dress code vary by industry and company, but general guidelines are as follows:

**Business Casual:**
- Collared shirts and dresses
- Slacks or dress pants
- Blazers may be optional
- Dress shoes
- Minimal jewelry and accessories

**Business Formal:**
- Suits (two-piece or three-piece, consisting of jacket and matching pants or skirt)
- Dress shirts with white or conservative colored designs
- Cravats, ties, or bow ties are usually required in many industries
- Dress shoes
- Watch and professional jewelry

**Smart Casual:**
- Combination of elements of business and business-casual attire
- Polo shirts or button up shirts
- Khaki pants or jeans
- Slip-resistant or loafers shoes

Key considerations in corporate dress code include:
- Adherence to industry norms, with consideration to specific companies guidelines or protocols

Industry-specific considerations include:
- Manufacturing and construction sectors: Personal protective equipment required
- Bank and financial sectors: Formal attire
- Technology industries: Business casual attire often preferred

In the implementation of corporate dress codes, individual companies or organizations consider factors that generally range from aesthetics and employee preferences to regional and economic influences.",0.005539032373521042,89.90271955163453,94.61707847713042,44.954129292004026
What are typical expectations in a corporate dress code?,"Typical expectations for a corporate dress code may vary depending on the industry, location, and company culture. However, many companies adhere to general guidelines as detailed below:

1.  **Business Attire:**

    *   Suits or Business Suits: Men typically wear a suit and tie. Suits for both genders often consist of a dress shirt with a blouse for women and a button-down or dress collar for men.
2.  **Formal Shirts and Dress tops:**

    *   Various patterns such as stripes and checks can be suitable within the professional scope.
    *   Blouses also typically cover the body, either above or below the shoulders.
3.  **Pants or Skirts:**

    *   Suits, often in black or neutral color, comply.
4.  **Footwear:**

    *   Black or neutral tone, polished, patent leather or leather
5.  **Jewelry:**

    *   Simple watches and wedding bands or other engagement bands
6.  **Hair**

    *   Professional updo
7.  **Makeup:** A basic application may be expected.",0.0023694991518784583,82.11282868406757,84.88711960269121,41.057599091609724
What are typical expectations in a corporate dress code?,"Typical expectations in a corporate dress code can vary depending on the industry and company, but generally include:

1.  **Formal business attire:**
    - Suits: Men and women are expected to wear formal business suits comprising a jacket and trousers or a skirt.
    - Dress shirts: White or light-shaded dress shirts for men with a conservative design and tie. Women are often expected to wear tailored blouse or blouse equivalent in a color matching or complementing dress.
    - Ties: Typically for men. Patterns may vary between conservative and more conservative for men. Men's color palette can be restricted or allowed for tie preference.
    - Dress shoes: Black or leather dress shoes for both men and women, polished or clean maintained.

2.  Industry specific considerations:
    - Technical industries may allow tailored casual attire while maintaining industry specific color schemes or compliance with corporate logos within garment patterns.
    - Business-casual: Industries typically allow looser attire such as open shirt collars.
    - Executive positions: Often restricted by business-formal attire.

3. Compliance:
   - Avoid displaying provocative, obscene, and overt accessories and personal attire that may draw attention not aligning with corporation expectations.

4. Personal grooming:
   - Appropriate attire not just limited to clothing, but maintained grooming standards. Adherence to industry and corporate expectations.

5. Dress code variances:
   - Employees are often provided dress code guidelines available on company documentation, and adherence are subject to corporate expectations.
   - Individual discretion is restricted to adherence of stated dress code guidelines.

6. Adherence to the corporate dress code may be optional for employees, but it's recommended adherence is practiced as an integral component in various corporate disciplines, thereby enhancing professionalism and professional conduct.

Ultimately the application and interpretation of these expectations may vary and employee guidance from management and management guidelines shall form corporate policy enforcement with possible consideration for variance on a case basis.",0.345549044705548,85.55914142342516,84.93273878633394,42.952345234065355
What are typical expectations in a corporate dress code?,"Typical expectations in a corporate dress code vary among companies and industries. However, general guidelines can be applied to most corporate settings. Here are some common requirements and suggested attire:

**Men's Attire:**

1.  **Suited business attire**: Fitted single-breasted or double-breasted suit, paired with a dress shirt and tie.
2.  **Button-down dress shirts**: Typically made of cotton or alternative material with a collared, button-down design.
3.  **Ties**: Sourced from a reputable outlet, made from high-quality materials (e.g., silk, wool).
4.  **Dress shoes**: Black patent leather oxfords, loafers, or dress boots.
5.  **Optional accessories**: Gold or silver watches, cufflinks, and cufflinks on dress shirt.

**Women's Attire:**

1.  **Formal business attire**: Fitted, knee-length to mid-calf-length skirts or dresses, or pantsuits with a blouse.
2.  **Button-down or collared tops**: Typically made of tailored silk, cotton, or alternative material.
3.  **Pumps or dress shoes**: Closed-toe low-to-high heel shoes (i.e., low-heeled shoes for lower professional settings, high-heeled shoes for more formal environments).
4.  **Blouses or collared tops**: Tailored tops sourced from reputable outlets incorporating traditional conservative designs.
5.  **Optional accessories**: Simple necklets, corporate-branded badges, and jewelry, such as a minimalist watch or a pair of dangling earrings.

**Business Casual Attire:**

- Dressing in conservative business attire characterized by open- collared shirts, tailored dress pants or jeans, blouse, sports blouses (short-sleeve).
- Optional footwear for Business Casual environment may comprise loafers, dress shoes in neutral colors, or dress boots.
- Employees may wear jewelry, simple, high-quality accessories in the course of this attire.",7.030832803418258e-11,85.6803655787133,85.46869172697376,42.84018278939181
What are typical expectations in a corporate dress code?,"Typical expectations in a corporate dress code can vary depending on the company, industry, and formality of the workplace. However, here are general guidelines for several levels of corporate dress codes:

**Business Formal:**

1. Suits: For men, three-piece suits, often consisting of a jacket, dress shirt, tie, and trousers. Blouses or dress shirts without ties for women.
2. Footwear: Loafers, oxfords, or dress shoes. For men, dress socks and laces or braid on dress shoes.
3. Headwear: Optional, with some preference for formal headwear such as ties for men or gloves not generally required for either gender but may be required for certain formal events.
4. Accessories: Simple watches, pens, and cufflinks for men. Minimal jewelry for women including plain wedding band, wedding wedding band and a watch.
5. Additional: White shirt or blouse, two-piece suit coat optional for women.
6. Optional: For certain professional settings executive positions or highly prestigious environments suits may be a necessary, and formal attire required.

**Business Attire:**

1. Suits: For men: two-piece or three-piece single-breasted jackets, matching slacks, with no tie.  For women two-piece with matching skirt or dress pants with shirt.
2. Casual attire of a more modern style for formal environments 
   Optional accessories for dress attire
3. Footwear: Dress shoes or loafers, no sandals or open shoes allowed.
    For women dress shoes are not required for various business environments however often expected in conservative workplaces
4. Personal Protective Equipment (PPE) and footwear for industry specific needs is required within the workplace.

**Business Casual:**

1. Dress shirts.
2. Various color patterns on dress. 
   Trousers available but jackets must maintain consistent color within the corporate dress code.
3. Slippers, loafers, or blazers.
4. Open shoes and casual shoes.
   Formal headwears and formal accessories minimal.

**Causal Attire:**

1. Open-collared, button-down shirting of casual color not inconsistent with approved.
2. Formal suit for women or optional casual blouse.
3. A suitless skirt or simple dress.
4. Optional. Casual footwear or sneakers.",0.019999637787022614,47.85618756388232,50.63566416674011,23.938093600834673
Explain the process of onboarding new employees.,"The onboarding process for new employees typically involves a series of steps to introduce them to the organization, roles, work environment, and expectations. The following steps outline the general procedure:

**Pre-Boarding:**

1.  **Pre-boarding forms and communication**: Before the employee's first day, distribute relevant documentation to be completed, such as:
    *   Job description and expectations
    *   Organization chart and key personnel contacts
    *   Emergency contact and benefit information
    *   Employee access permissions and IT configuration
2.  **Welcome email**: Send a welcome email containing key information:
    *   Company overview and introduction to organizational structure
    *   Reporting policies and communication channels
    *   Calendar and meeting schedule

**Initial Onboarding: (Orientation Period)**

3.  **First day introduction**: Meet with designated management and HR contact.
4.  **Facility and logistical orientation**: Provide an overview of office location, security access, parking, and other relevant logistical information.
5.  Implementation of employee identification, including employee ID badge, equipment assignments, and IT account setup.
6.  Provide a mandatory training briefing session as well as the distribution of various documents
7.  Employee handbook review and explanation of policies.

**Post-Onboarding: Integration and Development**

8.  **Job function and procedure explanation**: Detailed discussion of job responsibilities and performance criteria.
9.  **Departmental and team orientation**: Meetings with various department heads to enhance networking opportunities and interrelated task responsibilities.
10. **Training and tutorial participation**: Completion of job-related tutorials, relevant software, and standard operating procedures.
11. Documentation to various departments following implementation. Further tasks outlined by management, with assigned work allocations.
12. Participation in internal or job-specific training sessions.
13.   Development opportunities:
    a.   Job-specific and departmental training
    b.   Participation in team-related events
    c.   Employee feedback surveys to monitor new employee satisfaction.

**Extended Onboarding:**

14.   **Proper integration into company:  
    Establishing individual task goals outlined and the attainment of milestones
    Periodic performance evaluations and employee feedback
15.   On-the-job training to optimize task performance and job-related knowledge
    Continuous employee feedback to identify knowledge application and task effectiveness.",0.14759876728940152,90.09834851441383,90.38523676498983,45.12297364085161
Explain the process of onboarding new employees.,"The process of onboarding new employees involves a series of steps and activities designed to introduce new hires to an organization, its policies, procedures, and expectations, with the intention of achieving optimal integration and productivity. The primary objectives of the onboarding process include familiarizing employees with organizational structures, promoting effective task management, and fostering engagement and commitment. The steps involved in the onboarding process typically include:

1.  **Pre-Hire Activities**: This step takes place prior to official engagement, involving screening, interviews, assessment of cultural fit, negotiation of employment terms. Organizations conduct necessary background checks and verify employment histories.

2.  **Job Offer and Formalization of Agreement**: Once selected, the offer is formalized, and the new recruit signs employment contract agreements outlining terms.
   
3.  **Pre-Onboarding**: The process typically begins before the selected candidate commences work. This phase includes provision of relevant documents pertaining to employee rights and responsibilities, preparation of computer systems access and other resources.

4.  **First Day and Initial Week**: Upon commencement of employment, organizational introductions are typically provided through orientation and briefing sessions involving designated supervisors and other staff members, along with completion of necessary tax and benefits enrollments.

5.  **Training Programs and Documentation**: During the onboarding period, the assigned supervisor and department personnel provide information essential to job execution, including procedures and documentation stipulated within organizational policies. All tasks required to be completed by start of work are conveyed by operational staff.

6.  **Continuation and Evaluation**: Through the employee's first month, a comprehensive oversight and review of progress is undertaken with corresponding adjustments and training programs when necessary.",1.4615934350107147,94.56406268988094,94.95499055952513,48.01282806244583
Explain the process of onboarding new employees.,"The process of onboarding new employees typically involves a series of activities and procedures intended to acquaint the employee with the enterprise and the position that they have been assigned, intended to provide a framework of the functions and relationships of the new employee within it. The onboarding process is often divided into various stages that may vary depending on the organization, but often includes:

1.  **Pre-Onboarding (Pre-Orientation Stage)**: Prior to the new employee's official start date, they are typically sent relevant materials such as orientation documents, company policies, employee agreements and handbooks. New employees might be directed to undergo pre-boarding in a separate period prior to their effective commencement at the enterprise.

2.  **Initial Orientation**: This stage involves formalized orientation programs that are conducted to introduce new employees to the firm. It typically requires the new employee to sign organizational policies documents along with completion of company ID cards.  This procedure serves the purpose of imparting knowledge and information relative to policies, general rules and organizational dynamics governing the enterprise at workplace. Employee may be handed an employee identification badge. Orientation normally contains brief training, employee introductions and meeting.

3.  **Training and Probation Period**: During this period the employee is engaged in training that may be part of job requirements. Training typically includes job specific policies, safety training, business practice. The length of employment probationary term is generally specified, and the duration may vary across enterprises.

4.  **Job-Related Training**: It refers to educational arrangements of skills and expertise which are directly linked to business tasks. It also entails inducting new employees within team dynamics at specified workplaces. Such arrangements can include instruction conducted by in-house or external training sessions. 

5.  Completion of Probationary Period and Job Assignment**: The employee's ability to perform the assigned job after probationary period is evaluated.",7.6444058343663235,89.29802752623745,87.81355738621578,48.471216680301886
Explain the process of onboarding new employees.,"The onboarding process is a series of steps designed to introduce new employees to an organization and its procedures, with the aim of integrating the individual into the workplace and ultimately enhancing job performance and reducing employee turnover. The following is a generally accepted onboarding process for new employees:

1.  **Pre-Onboarding**:
    *   Completion of necessary paperwork, such as tax forms and other required documents, prior to the employee's commencement date.
    *   Distribution of organizational policies, standard operating procedures, and relevant job information.

2.  **Pre-Shift Onboarding Procedure**:
    *   New employees are scheduled to attend specific sessions, which may include:
        a.  A Welcome and Introductions Program: Presentation of organizational structure, policies, and standard operating procedures.
        b.  Mandatory Compliance training, covering the completion and submission of appropriate employee information, including, but not limited to, I-9, W-4, and direct deposit applications.
        c  Orientation programs providing details of job descriptions, organizational roles and responsibilities.

3.  Ongoing Onboarding:
    *   Scheduling of training based on the job requirements.
    *   Participation of new hire in department-specific meetings and employee induction events.
    *   Regular review with superiors or HR to address any concerns.

4.  Ongoing Evaluation:
    *   Regularly scheduled performance, training needs assessments, compliance and overall work expectations reviews by management.
    *   Ongoing communication with management or HR regarding employee performance, and other matters of concern.

5.  Document Review and Signature and Maintenance:
    *   Completion of the Onboarding checklist by the newly hired employee.
    *   Completion and maintenance of necessary documentation in accordance with federal, state and local jurisdictions, such as personnel files.",41.3861129381452,93.93932952069551,90.62795372058774,67.66272122942036
Explain the process of onboarding new employees.,"The process of onboarding new employees, also known as organizational socialization, is a systematic approach designed to acclimate new employees to the organization, its policies, procedures, and culture. The onboarding process typically begins before the employee's first day and continues throughout the initial period of employment. The following are the key steps involved in the onboarding process:

**Pre-Onboarding**

1.  **Pre-Hiring Activities**: Conduct orientation and assessment for vacant positions to determine organizational requirements.
2.  Job Description: A job description detailing the role's responsibilities, duties and performance expectations is made available to the new employee before the first day of work.
3.  **Pre-Placement Documentation**: Verification of qualifications of new hires through educational background checks, reference checks, and health screening. 

**Initial Onboarding**

1.  Employee Introduction: New hires are introduced to the immediate supervisors and coworkers in addition to their departments' objectives.
2.  New Hire Orientation: New employees are given details on the company overview. Company policies, employee benefits, organization chart, workplace rules, and employee responsibilities. 
3.  Job Tasks: Familiarization with job responsibilities, operations procedures and guidelines are performed by the immediate supervisor or designated onboarding representatives.
4.  Office Tour: An overview of office facilities and equipment is conducted for the newly hired employees.


**Integration and Ongoing Activities**

1.  Informational Sessions: Various sessions that address the work methods, training, and code of conduct relevant to the employee job role by management.
2.  Performance Monitoring: Evaluation and review of new employees' job performance, skill use, and adherence to organizational expectations.
3.  Feedback and Corrective Actions: Managers and supervisors ensure continuous assessment of staff abilities and implementation of changes based on feedback.



**Post Onboarding**

1.  Evaluation and Performance Assessment: Managerial review based evaluation of the newly hired employee and subsequent review of job functions and expectations.
2.  Completion of Training Programs: Completion of the organizational courses, and ongoing performance analysis 
3.  Participation Eligibility: Participation of the organization's various teams and workshops and adherence to the organizational rules.",0.02354542825504054,90.66294407600023,92.18022197061828,45.34324475212763
How can you demonstrate initiative at work?,"Demonstrating initiative at work involves actively identifying and pursuing opportunities to improve performance, exceed expectations, and contribute to organizational goals. Here are some methods for demonstrating initiative at work:

1.  **Volunteer for Project Management:**   Identify tasks that fall outside of your job description, or tasks where there is need of completion but absence of assigned personnel. Volunteer to manage these projects. This would demonstrate leadership skills, problem-solving skills, and job familiarity understanding.

2.  **Identify Areas of Improvement:** Identify areas within the organization which can be improved through automation, process refinement, and procedural adherence.

    -   Document and Assess the Current Process: Document current workflow of a selected aspect and gather evidence about identified inefficiencies such as duration, productivity, and adherence to organizational policies. 
    -   Present Improvements to Management: Prepare a detailed and data-driven case, proposing and justifying improvements of the selected process.

3.  **Cross-Functional Collaboration:** Engage with departments and roles beyond the areas of immediate responsibility through training or team participation.

    -   Seek Knowledge and Information: Engage with participants in discussion forums to establish cross-functional knowledge. Conclude and document derived results to better service organization-wide objectives.
    -   Share Knowledge: Make learned information and insights accessible for departmental use by preparing articles, bulletins, or meeting memorandums.

4.  **Proactive Communication:** Develop and maintain active, positive professional relationships. 

    -   Constructual Reports: Prepare and publish reports that document organizational activity, detailing departmental contributions, and adherence to established objectives.

5.  **Skill Development and Training:** Pursue relevant training and relevant tools knowledge to enhance organizational competency. These measures to be shared with management according to their policies.

    -   Obtain Training Requirements: Develop a plan according to employee job functions, departmental requirements to meet operational objectives and to identify additional knowledge necessary for individual career progression. Training programs can be obtained either from internal corporate information sources or through public training programs.

6.  **Self-Management, Efficiency, and Productivity:** Demonstrate adherence to organizational policies in all instances of personal work activity 

    -   Manage time appropriately to complete tasks with efficiency.

7.  **Customer Service and Satisfaction Measurement:** Perform routine evaluation of service delivery activities through internal communication forums or satisfaction surveys.

8.  **Industry Conferencing Participation:** Participation in conferences organized for professional and organization education advancement.

    -   Present Prepared Articles or Reports Based on Data.

9.  **Development of Organizational Process:**

    -   Develop Policies or Procedures. These are documented statements outlining procedures or rules and guidelines in organization-wide compliance.",7.003914474379113,90.16155482390995,87.50933388841726,48.582734649144534
How can you demonstrate initiative at work?,"Demonstrating initiative at work involves taking actions or making decisions independently, without direct supervision, and proactively addressing needs and issues. The following ways of taking initiative can vary widely depending on context and workplace. However, here are some examples:

1.  **Volunteering for tasks**: Offering to perform tasks beyond job responsibilities can showcase ability to adapt and willingness to assume additional responsibilities. If necessary this includes performing assigned tasks during downtime or other employee availability.
2.  **Identifying potential issues**: Identifying potential issues and addressing them before they may become significant problems demonstrates initiative and proactive approach.
3.  **Offering suggestions**: Communicating ideas and solutions to management, or when a relevant employee group is assembled, offers ways of enhancing company operations through process or method improvements.
4.  **Implementing organizational self-generated workflow optimizations.**

    Examples can include development of task prioritization techniques used for improved organizational workflow efficiency.",0.6120626946707012,88.77458305407036,89.95614493685387,44.69332287437053
How can you demonstrate initiative at work?,"Demonstrating initiative at work involves taking proactive steps to improve efficiency, productivity, and overall performance. Some strategies for achieving this include:

1.  **Volunteering for additional responsibilities**: Willingly assuming tasks and roles beyond the scope of the job description.
2.  **Identifying areas of improvement**: Identifying inefficiencies and suggesting alternative procedures or methods for improvement.
3.  **Anticipating and solving problems**: Proactively addressing issues before they become critical, thereby preventing negative impacts on the organization.
4.  **Self-learning and skill-enhancement**: Participating in professional development activities, job training, and skill-building programs to enhance proficiency.
5.  **Adoption of technology and automation**: Applying applicable IT systems and software solutions to streamline work processes and improve organizational efficiency.
6.  **Maintaining high standards of performance**: Complying with standard work requirements along with adopting best practices. Maintaining standards ensures high organizational quality in daily tasks.
7.  **Proactive contribution to organizational objectives**: Aligning personal work activities with the company mission and contributing to desired project goals.
8.  **Maintaining quality control mechanisms**: Implementation of policies ensuring data quality, accurate procedures, and minimal wastage and errors in work activities.
9.  **Documentation and knowledge sharing**: Preparation and dissemination of instructions, guidelines, procedures, and reports relating to ongoing and completed activities.
10. **Implementation of process changes**: Suggesting and implementing changes to inefficient operational processes and policies, thereby maintaining the continuity of effective administration.

Initiative assumes various forms and may be contextual. Demonstrating initiative involves the integration of organizational compliance and adherence to procedural policies.",0.11220745459184428,94.90154455670432,94.96843636260112,47.50687600564808
How can you demonstrate initiative at work?,"Demonstrating initiative at work involves proactively addressing specific tasks, anticipating organizational needs, and contributing to the overall performance of the organization. Below are some methods that can contribute to demonstrating initiative:

1.  **Volunteering for additional tasks**: Taking on supplementary duties, such as those related to company events, project completion, or work organization, assists in displaying efficiency and a willingness to meet company objectives.
2.  **Analysis of job descriptions and responsibilities**: Regular inspection and optimization of own job responsibilities, thereby potentially contributing enhancements or policy-based procedures, can also be shown.
3.  **Development and implementation of productivity techniques and tools**: Self-directed improvement of personal productivity and job efficiency with implementation through suggested procedures or system-based documentation.
4.  **Initiation of organizational improvements**: Reviewing organizational practices and providing modifications, and suggestions to optimize processes and implementation of suggested organizational policies.
5.  **Professional development.**: Attaining of continuing education, and personal skill enhancement in related and/or ancillary disciplines to support job functions and company mission objectives.
6.  **Preparation of work data**: Development, organization, and maintenance of existing data within job-related roles, and implementation of suggested data presentation and visualization techniques.
7.  **Independent task assignment or development of internal projects**: In many instances, employees are expected to develop job-related projects and tasks, with successful implementations.
8.  **Development of job related task standardization**: Standardizing of organizational procedures for tasks and employee guidance, as proposed through analysis.
9.  **Evaluation, analysis and adjustment of projects and procedures**: Independent evaluation of the performance and performance related data of organizational projects and procedures.",80.99520607738354,90.17790223433855,85.14678532559653,85.58655415586105
How can you demonstrate initiative at work?,"Demonstrating initiative at work typically involves proactively taking actions to achieve specific objectives or improve processes without being explicitly instructed to do so. Here are various methods of demonstrating initiative at the workplace:

1.  **Self-assessment of job requirements**: Establishing clear objectives for one's duties through periodic self-study and review.
2.  **Problem identification and resolution**: Detecting inefficiencies or issues in tasks and suggesting or implementing improvements to address or mitigate their negative impact.
3.  **Knowledge and skill acquisition**: Maintaining current knowledge in field tasks and updating professional skills through relevant training and seminars.
4.  **Implementation of organizational process improvements**: Developing, testing, and suggesting modifications to processes or tasks for potential efficiency enhancements.
5.  **Initiation of work related tasks independently**: Proactively identifying and addressing work shortcomings; implementing unassigned duties in the fulfillment of work objectives.
6.  **Employee performance evaluations and suggestions**: Preparation for assessments based on self-assessment, and proposing of performance based improvement suggestions.
7.  **Enhancement of existing work standards**: Regularly reviewing work performance criteria and contributing to the evaluation of industry based work standards in pursuit of greater efficiency.
8.  **Project coordination and undertaking**: Voluntarily undertaking responsibility for the organization or management within the work unit of certain projects that may contribute to the accomplishment of its goals and objectives.
9.  **Implementation of process review policies**: Periodic reviews of work performance based on the application of specified process frameworks.
10.  **Maintenance of records**: Maintaining organized work records and the preparation of records necessary for future performance reviews.
11.  **Improvement suggestion contributions**: Regular review and submission of suggestions relating to system enhancements or work tasks to management.
12.  **Mentorship**: Offering guidance and sharing of knowledge through instruction to employees of similar job type or those newly assigned for training.",0.34617708221115284,93.9169824959907,91.74435854296335,47.131579789100925
How do you appropriately handle confidential information?,"Handling confidential information requires a combination of knowledge, policies, and practices. The following guidelines and considerations must be adhered to:

1.  **Identify and Classify Confidential Information:** Determine the type of information that comprises confidential material, such as personal data, trade secrets, intellectual property, and proprietary information. Classified forms of information are those which pertain to sensitive data as defined by policies of the organization and laws governing such material.

2.  **Awareness of Confidentiality Policies:** Establish, implement, and continually enforce clear, consistent confidentiality policies. This includes employee knowledge, data retention and destruction, communication of confidential data, and access restrictions. Organizations should have guidelines that address confidentiality and non-disclosure agreements.

3.  **Adherence to the Duty of Confidentiality:** Individuals involved with confidential information have a duty of confidentiality. Non-disclosure agreements are legally enforceable contracts that compel parties with access to the information from revealing such in accordance to the stated terms of the agreement.

4.  Secure Storage and Transmission Methods:** Utilize secure electronic data storage systems, encrypted communication, and established procedures for handling physical documents including access restriction and storage containers.

5.  Access Permissions: Limit Accessibility to Confidential Data: Define authorization levels relevant to the various forms of confidential information with need-to-know provisions. Those with access to confidential information, including employees, contractors, and third-party agents, must complete training regarding the importance of safeguarding information.",27.42555232530648,93.38781094347735,92.16197758121965,60.406681634391916
How do you appropriately handle confidential information?,"Handling confidential information involves adhering to established procedures that guarantee protection of sensitive data from unauthorized access. Some procedures followed in handling confidential information can be listed as follows:

1.  **Maintenance of Secure Storage Facilities:** Confidential materials, including digital data, should be stored exclusively within secure facilities to prevent unauthorized access. These facilities may include secure offices, server rooms, and on-premise data storage units, ensuring restricted access through authentication.

2.  **Designation of Clearance Levels and Access Authority:** To maintain security within an organization, designations of access authorization for confidential material can be implemented. This practice segregates personnel at respective risk levels based on job descriptions.

3.  **Authorized Parties of Disclosure of Information:** Disclosure of confidential information is limited at specific times and to officially authorized individuals and organizations.

4.  **Authentication of Identity for Authorized Parties:** To ensure security within facilities housing confidential information, proper identification systems, both physical and digital, that include badge scanning and verification processes may be implemented.

5.  **Encryption and Secure Transmittal:** Transfer of confidential data from digital to physical formats, both incoming and outgoing, will be maintained for privacy protection, utilizing secure transmission techniques including encryption protocols, such as AES cryptography.

6.  **Access Logs Documentation and Review:** Access to confidential data is subject to periodic review with data storage entries to be logged for accountability in compliance with organizational reporting policies.

6.  **Data Disposal:** Documentation in respect to sensitive records subject to expiration shall undergo destruction through secure and documented procedures to prevent data retention.

7.  **Adherence to Compliant Regulatory Requirements:** Confidential information must adhere to the National Institute of Standards and Technology (NIST) standards and Federal Regulations requiring secure collection, use, disclosure, disposal, and protection of personal identifiable information.

8.  **Training Programs:** Organizational members involved with confidential information management should undergo training programs to acquaint participants with procedures and corresponding requirements for storage, access, transmission, and disposal of restricted data.

Implementing these procedures helps to enforce adherence to confidentiality requirements of sensitive information within organizational frameworks.",68.85109365065875,94.54196095480074,94.8796024355287,81.69652730272975
How do you appropriately handle confidential information?,"Handling confidential information is crucial in various professional and personal contexts. Here are general steps to follow appropriately handle confidential information:

1.  **Obtaining written agreements or consents**: 
    - When acquiring information that is not publicly available, a non-disclosure agreement (NDA) or terms of service should typically be signed to govern usage, storage, and sharing limits with involved parties. This establishes bounds on handling and dissemination of information.
    
2.  **Access and Review :**
    - Before accessing confidential information, users should be informed of its classification.
    - Employees of an organization shall review and abide by organization policies concerning the handling of confidential data.
    
3.  **Secure Storage :**
    - The information typically should be stored on restricted hardware, virtual storage mechanisms,  or within systems with implemented data security measures, like encryption technologies, access controls. The storage locations are then designated for limited access to personnel with clearance.

4.  **Access Management :**
    - Access to the confidential information shall be strictly in accordance with organizational access policies that outline levels of access  granted to authorized personnel based on job responsibilities.

5.  **Unauthorized Access Preventions :**
    - Measures against unauthorized access should be implemented through various security systems, including intrusion detection systems, network segmentation with physical and logical access control, periodic security audits, firewalls. Regular audits and assessment procedures verify their operational efficacy.

6.  **Review & Usage Guidelines : 
    - The utilization of confidential information is further governed by organizational policies and relevant statutory requirements, that may prescribe specified time limits for retention, secure disposal process upon non-utility, data protection rules as in the data governance protocols.

7.  **Debrief : 
    For information whose usage terminates and in the context of a project's closure, access is deactivated, secured disposal typically via shredding, erasure procedures.

8.  **Notification :**
    - An instance  of confidentiality breach,  unauthorized dissemination, and usage is detected, affected parties should be promptly informed.",19.854075938391183,89.40360596457057,90.40149282894117,54.62884095148088
How do you appropriately handle confidential information?,"Handling confidential information is crucial in maintaining professional relationships, adhering to organizational policies, and upholding personal and national security. Here are steps to handle confidential information appropriately:

1.  **Identification**: Identify the source, origin, and classification of confidential information. Determine relevant factors such as ownership, purpose, and potential implications of disclosure.

2.  **Authorization**: Confirm the authorization or clearance for access to and dissemination of confidential information according to predetermined institutional guidelines.

3.  **Secure Storage**: Confine all documents containing confidential information within facilities and networks designated for the purpose to prevent unauthorized access.

4.  **Information Classification**: Employ predetermined terminology such as'sensitive' or'restricted' when referring to confidential information.

5.  **Non-Disclosure**: Refrain from dissemination of undisclosed information unless specifically authorized by the source. Adhere to confidentiality agreements and contracts as agreed upon prior to the exchange of confidential data.

6.  **Data Protection**: Maintain confidentiality of confidential data stored electronically or in physical format according to established principles for information security management systems.

7.  **Adherence to Policies**: Comply strictly with established institutional, governmental, and relevant regulatory standards and policies dealing with handling confidential information.

8.  **Information Protection**: Implement safeguards, such as encryption, access control, and auditing mechanisms to further protect confidential data against unauthorized access.

9.  **Information Verification**: Verify information obtained regarding potential for confidentiality before release or action relative to sensitive data.

10. **Regulatory Compliance**: Familiarity with applicable legal codes such as laws and regulations governing data protection to ensure adherence.",0.5237657334103167,94.44347466276477,92.1619148353032,47.48362019808754
How do you appropriately handle confidential information?,"Handling confidential information requires adherence to specific protocols and procedures to maintain privacy and protect sensitive data. Appropriate methods for managing confidential information include:

1.  **Establishing a Need-to-Know Policy**: Limit dissemination of confidential information to individuals with a legitimate need for access, ensuring that unauthorized parties are not made aware of the information.
2.  **Access Controls**: Implement access controls, such as passwords, biometric authentication, or encryption, to restrict entry of sensitive information.
3.  **Secure Storage and Retention**: Confidential information should be stored on secured devices or servers with backup processes where applicable. Limit retention requirements to periods relevant to information necessity and in accordance with regulatory guidelines.
4.  **Secure Transaction Procedures**: Implement the utilization of secure transactions protocols to shield information exchange processes, ensuring both sender and recipient are in compliance with relevant criteria requirements.
5.  **Data Protection Agreements**: Engage contracts incorporating legally compliant data protection principles with third party entities that may have access to confidential information.
6.  **Training and Awareness Programs**: Organize or mandate periodic education programs to ensure that individuals with authorized access are cognizant of protocols for handling confidential information, thus preventing data breaches or unauthorized use of confidential information.
7.  **Incident Response Procedures**: Developing or adopting protocols for response to occurrences of confirmed data loss involving confidential information to minimize secondary risks and effects.
8.  **Compliance with Relevant Laws and Regulations**: Compliance with regional, national, and global privacy regulations and guidelines, such as the General Data Protection Regulation (GDPR) and the Health Insurance Portability and Accountability Act (HIPAA) or the Health Information Technology for Economic and Clinical Health Act (HITECH).
9.  **Audit and Logging**: Maintenance of logs and auditing of operations to monitor management of confidential information, facilitate the identification of misuse or breaches, and ensuring compliance with applicable regulatory guidelines.
10. **Employee Screening and Management**: The use of screening processes to verify credentials for individuals granted authorized access to confidential information.
11.  **Security Information Incident Reporting**: Procedures enabling formal reporting regarding unauthorized access of confidential information, with corresponding procedures for information examination and documentation of events relative to unauthorized access of confidential data.
12.  Confidential Data Deletion. Eradication of information no longer relevant for data retention purposes maintains confidentiality and corresponds with corresponding organizational retention criteria and relevant federal and state statutory obligations for data destruction.",3.5355056104408793,94.7633109891704,94.50878318125046,49.14940829980564
How should you respond to constructive criticism?,"Responding to constructive criticism effectively is essential in both personal and professional settings. Here are some steps to follow:

1.  **Acknowledge the Criticism**: Start by expressing appreciation for the individual's attempt to provide feedback. This approach helps maintain a professional atmosphere and encourages constructive dialogue.

2.  **Understand the Context**: Clarify the source and intent of the criticism, when possible, to fully comprehend the basis for the feedback.

3.  **Separate Fact and Opinion**: Distinguish between factual observations and subjective judgments for accurate comprehension of the criticism.

4.  **Identify Relevant Content**: Determine what aspects of the criticism are relevant to personal or professional conduct and thus require adjustment or improvement, while disregarding elements identified as based on subjective viewpoint.

5.  **Elicit Clarification**: Wherever needed, seek supplementary information to gain a comprehensive understanding of the criticism and potential areas for enhancement.

6.  **Implement Changes**: Formulate strategies for rectification by integrating alterations or adjustments as determined by the evaluation of provided information.

7.  **Communicate Resolution**: Present resultant actions addressing the subject of criticism, typically in accordance with established policies and procedures if in a workplace setting.",32.92468542655265,95.09636571399398,94.95220699322486,64.01052557027332
How should you respond to constructive criticism?,"Responding to constructive criticism involves several steps to effectively address the input while maintaining a professional and open demeanor. Steps in the process include:

1.  **Acknowledge the information**: Express appreciation for the individual's intention to provide feedback, allowing the critic and other parties to recognize their participation in efforts of continuous improvement.
2.  **Clarification of information**: Request any information relevant to assess the correctness of the input provided, ensuring an accurate resolution of the subject is achieved.
3.  **Analysis and consideration**: Examine provided information in adherence to organizational policies, company expectations, relevant applicable legislation, or established standard practices. Evaluate the feedback against recognized standards, and in conjunction with any related research data or information.
4.  **Formulation of action plans:**

Consider implementation methods, which meet the specifications mentioned in the initial input. Prepare plans in compliance with relevant company policies or existing procedural arrangements as part of continuous organisational improvement.
5.  **Information dissemination**: Provide detailed clarification and description of undertaken or proposed actions within the formulated plan, enabling understanding among other relevant parties.

Example of Constructive Response Format:
**Acknowledgment of Initial Input**
'Solicitation of Relevant Information': 
 'Formulation of Action Plans'

'Media for Notification'

1.  **Initial Notification:**
    i. Response (acknowledgement):\
    ""We acknowledge the feedback. The subject matter will be thoroughly evaluated to assess consistency with organisational standards and established criteria and related policies""
ii. Response Clarification:\
    'Based on submitted information the criteria of [Subject] have been reviewed  to ensure adherence with existing policies within the [Organisation].  Any additional relevant documentation will be required to ensure accurate compliance.'
iii. Response with Decision:\
    'It has been decided that corrective actions will be conducted to eliminate variance with reference to criteria at [date] for completion. For full completion and verification of actions by further review at [Date]'
iv. Reporting:\
    For documentation purposes, records of taken steps are submitted at [Address], and will be incorporated into relevant documentation.",78.54463067145721,94.5477152875908,87.19433335130066,86.54617297952402
How should you respond to constructive criticism?,"Responding to constructive criticism involves acknowledging the information provided, assessing its validity, and adapting to suggestions to achieve goals. Here are steps to consider when responding to constructive criticism:

1.  **Acknowledge the criticism**: Recognize the individual offering the criticism and their role within the subject matter. Acknowledge their efforts and the time devoted to evaluating and stating their opinions.
2.  **Evaluate the validity**: Assess the basis for the criticism, including any evidence that supports the assessment. Evaluate how closely the statements align with the goals of the project or task. 
3.  **Maintain a neutral attitude**: Responding to criticism is not an occasion for emotion. Criticism is frequently objective in nature; hence an individual's perspective must be considered. Maintaining objectivity promotes a productive discourse.
4.  **Consider potential areas for adaptation, then address them if relevant to goals and available time/resources**. If appropriate, implement suggested modifications.
5.  **Expedite information requests as necessary, if required for further adaptation purposes**. When possible, make decisions in relation to suggested alternatives based on efficiency and potential effects on project progress.
6.  **Maintain written records**: Maintain documentation for potential audits. Documentation of the original objectives, suggested alterations, and conclusions of assessment enable accurate audit procedures when applicable.

Criticism, if not based on personal opinion but relevant evidence, will facilitate the achievement of established objectives, as the critique may lead to improvement within the proposed context.",79.20484887803262,92.15222383637547,90.66443344706133,85.67853635720405
How should you respond to constructive criticism?,"Responding to constructive criticism involves acceptance, analysis, and implementation of suggested improvements. The following steps should be implemented in response to constructive criticism:

1.  **Acknowledge and accept the criticism:** 
    - The recipient should accept the criticism and express gratitude for the input, acknowledging the person's effort to provide constructive feedback.
    - An example may include: ""Thank you for bringing this issue to my attention.""

2.  **Active listening and analysis:**
    - The recipient should listen attentively and consider the criticism and suggestions in a thoughtful and objective manner.
    - The suggestions should be analyzed and potential improvements identified based on the provided information and expertise of the critic or critic's input.

3.  **Implementation of Changes:**
    - Implement the suggested improvements to the criticized work; these include alterations and adjustments to rectify the identified issues or to ensure conformity to the suggested guidelines.
    - The implementation should be carried out according to the best of one's capabilities in view of the criticism provided.

4.  **Feedback regarding Response or Execution Resulting from the Analysis:**
    - Provide feedback to those providing critique on the effectiveness and applicability of the provided suggestions.
    - Offer feedback to those that provided criticism on changes implemented in response, providing either a summary of their effectiveness or providing further alternatives if previously suggested improvements are deemed ineffective.

5.  **Documentation and Record Maintenance:**
    - Documenting both provided criticism along with the resultant response and implemented changes.
    - This is necessary to maintain transparency and provide evidence of consideration and adherence to the suggested modifications.

6.  **Future Implications of Criticism:_
    - Future improvements in policy or procedure can be influenced by criticism.
    - In such instances, modification of policy and procedure could be a result.

The general approach emphasizes a culture of cooperation and collaboration.",36.950283398454054,92.07357271046465,91.0186889423833,64.51192805445935
How should you respond to constructive criticism?,"Responding to constructive criticism involves acknowledging the feedback, examining its validity, and integrating it into one's decision-making or actions when appropriate. Here's a general framework for responding to constructive criticism:

1.  **Acknowledge the Feedback:** Respond promptly and overtly acknowledge the feedback, which typically involves oral or written commentary offered as a means of improving performance. Expressing recognition for the contribution made is also beneficial. Response or Reaction may vary contingent on the context, source of the feedback, scope of the criticism, and individual discretion.

2.  **Examination:** Assess the basis or factual validity of said criticisms. Review supporting evidence or reasoning and if said input holds veritable premises, or when necessary, engage in discussions and analysis. 

3.  **Consideration and Analysis:**  Subjectively and factually consider the criticism provided, examine potential modifications or improvements and resultant impacts following potential alterations. A comparative analysis involving objective considerations should be provided.

4.  **Decision and Implementation:** Upon integrating said analysis with any decision criteria and evaluation and determination of potential merits of implementing changes, make a decision regarding incorporating the criticism.  Consider various options including further research, collaboration with other entities involved in the issue at hand.",75.81646058174299,88.2507634713143,88.42594559432355,82.03361202652864
Describe effective time management strategies.,"Effective time management involves techniques for organizing, prioritizing, and controlling the use of time to accomplish tasks, improve productivity, and maximize efficiency. The following strategies can contribute to effective time management:

1.  **Time Allocation:** Allocating time to each task is the initial step. Time allocated to various activities can be managed based on their priorities.

2.  **Prioritization:** Ranking tasks based on their relative importance, deadlines, and urgency. It aids in allocating more considerable time segments for higher-priority tasks.

3.  **The Eisenhower Matrix:** This decision-making tool is divided into four categories based on their urgency and importance. This categorization aids in task prioritization and reallocation of time segments.

   -   **Urgent and Important:** Immediate tasks.
   -   **Important and Not Urgent:** Scheduled allocation.
   -   **Not Urgent and Not Important:** Minimized and possible elimination.
   -   **Urgent but Not Important:** Delegation.

4.  **Scheduling:** Use of calendars, planners, or digital tools for creating a scheduled time map. It allows for task planning according to allocated time segments and the accomplishment of objectives.

5.  **To-Do Lists:** A fundamental component of management of tasks. To-do lists can be managed utilizing segmentation, categorization, and categorizing deadlines.

6.  **Avoiding Multitasking:** Focus on the accomplishment of a solitary task until completion. Multitasking hampers performance and may decrease the efficacy of scheduled time allocations.

7.  **Time Monitoring and Utilization of Productivity Statistics:** Monitoring productivity metrics and reallocation of time, enables more efficient usage of schedules for improved productivity.

8.  **Eradication and Delegation:** Limiting work on unnecessary time-consuming tasks, and delegation to colleagues, aids in the development of efficiency and in reduction of the time spent on organizational tasks.",0.02495199176547483,91.55873882946707,91.58847072985533,45.791845410616276
Describe effective time management strategies.,"Effective time management is a crucial skill for achieving personal and professional success. The following are several methods and strategies intended to optimize the allocation of time:

1.  **Time Prioritization**: Organize activities according to importance and deadlines, allocating time accordingly for each task. The first step includes identifying and establishing goals.

2.  **Creation and Implementation of Timetables:** Allocate time for all scheduled tasks including personal projects, employment responsibilities, and time allocated for leisure activities. 

3.  **Efficient Utilization Of Work Hours**: Minimize the time spent on nonessential tasks and the avoidance of excessive work hours through adherence to organizational policies and management guidelines.

4.  **Time Tracking**: Utilize software applications or traditional diary methods to document the allocated time for tasks, with the intention of the identification of activities generating inefficiencies, thus serving the potential optimization of management methodologies. 

5.  **The delegation of Responsibility**: Tasks are occasionally distributed into sub-groups or distributed personnel, to facilitate management efficiency with the optimization of management time.

6.  **Minimization Of Interruption**: Establishing dedicated work periods and regular break periods may foster efficiency by the optimization of tasks productivity through concentration within uninterrupted work sessions.

7.  **Adherence to Deadlines**: Setting realistic goal deadlines align with organizational practices and productivity principles facilitate enhanced proficiency.

Adapting the chosen management strategy in accordance to individual circumstances is pivotal. This necessitates continuous monitoring of performance and productivity variations alongside modifications to time management practices.",3.2109153842906384,88.61007399874325,85.1684421061634,45.910494691516945
Describe effective time management strategies.,"Effective time management is a set of techniques and practices used to organize and control task completion within the constraints of available time. The primary goal of time management is to maximize productivity within a finite amount of time, allowing individuals to allocate sufficient time for various tasks and minimize lost productivity opportunities.

**Fundamental Time Management Strategies:**

1.  **Goal Setting and Prioritization**: Establish clear long-term and short-term objectives. Classify tasks, categorizing them as urgent, non-urgent, important, or non-essential based on their priority and adherence to time-sensitive requirements.

2.  **Time Allocation**: Allocate specific time periods to each task. Allocate enough time for the completion of the task at hand, taking into consideration task complexity and task-related time allocations by others.

3.  **Scheduling and Calendaring**: Organize all assigned tasks, appointments, and meetings on calendars, and ensure the efficient and unavailability of time for appointments and meetings, preventing conflicting engagement of individuals.

4.  **Time-Budgeting**: Allocate and assign specific, designated work areas, providing defined start and completion times for individual tasks within those periods.

5.  **Task Segregation and Decomposition**: Segregate and structure large multifaceted tasks into discrete, manageable tasks capable of completion by a single time interval.

6.  **Time Management Skill Utilization**: Identify the proficiency for completion of individual activities, utilizing the more efficient skills with which greater productivity is expected, thereby minimizing unproductive skills.

7.  **Emergency Planning and Contingency Planning**: Identification of potential unforeseen events and implementation of action plans for the resolution of critical incidents thereby enhancing and optimizing the effective completion of objectives.

8.  **Time-Wasting Minimization**: Minimizing idle utilization of time through continuous performance optimization through the removal of the root causes of excessive time loss, the formulation of organizational policies facilitating time utilization, and training sessions.

9.  **Review and Assessment**: Ongoing monitoring and analysis of the effectiveness of the current operational processes, utilizing time allocation data, conducting timely assessment, and suggesting optimal alternatives within regulatory jurisdictions for enhancement in output.",45.92394623419398,93.34783113216079,84.82714756903782,69.63588868317738
Describe effective time management strategies.,"Effective time management is the process of planning and controlling the amount of time expended on specific activities to maximize the efficiency of their completion and to reduce the likelihood of delays. It enhances productivity, improves organizational abilities, and enhances the allocation of resources, leading to personal and professional results. Some key strategies include the following:

1.  **Establish Priorities**: Time is limited; tasks require prioritization, based on importance. Prioritization may vary, depending on goals and requirements, while the most productive tasks are often considered as the primary priorities.

2.  **Scheduling**: Create schedules and assign specific intervals for tasks to ensure that all tasks are performed. Scheduling may encompass assigning breaks, deadlines, and timelines.

3.  **Avoid Distractions**: Workplaces can be cluttered. Removing factors affecting workplace performance, such as removing or minimization of factors of distractions, contributes to the time management process.

4.  **Goal-Based Tasks**: Creating realistic goals and associating specific criteria with time requirements, enables effective allocation of periods dedicated to particular tasks.

5.  **Monitoring**: Continuous evaluation and monitoring enables the effective recognition of variances between target objectives and operational activities, which contribute to efficient time allocation and productivity enhancement.

6.  **Self-Time Management Analysis (Time Budgeting)**: Each assigned period and allocated productivity can be compared.  This analysis aids decision-making on resource utilization by assessing efficiency in various time management tasks and identifying opportunities for productivity increase.

7.  **Organizational Considerations**: Workplace operational, organizational structure,  job responsibilities, team coordination,  and office space influence employee productivity. Relevant adjustments can be made from these factors.

8.  **Delegation of Complex Tasks**: Specialized expertise is distributed among departments and employees accordingly. Tasks are appropriately allocated, based on assigned responsibilities and requirements.

9.  **Time-Saving Tools**: Computers, software, and devices can improve work efficiency by implementing the automation and optimization of job processes, enhancing productivity as well as effective use of periods.

10. **Feedback Evaluation and Revision**: Monitoring effectiveness of tasks and implementing operational improvements enhances productivity, improving the use of time management and, operational efficiency.",53.30776104449204,89.55676703274558,88.66368595459922,71.43226403861881
Describe effective time management strategies.,"Effective time management is the process of prioritizing tasks, managing workloads, and allocating sufficient time to achieve set goals within established deadlines. Several key time management strategies contribute to the accomplishment of maximum productivity and efficient utilization of available time. Below are some widely utilized methods:

1.  **Pomodoro Technique**: Work in intervals (typically 25-minute periods) interspersed by 5-minute rests. This approach enhances focus through segmented intervals of work and breaks, increasing productivity and cognitive performance.

2.  **Goal-Oriented Scheduling**: Prioritize goals in accordance with their urgency and importance, and then allocate adequate resources and time for their accomplishment. This strategic arrangement of tasks is commonly referred to as a scheduling system in which tasks and objectives are organized and distributed in accordance with a timeline of implementation, allowing for completion of the goals with consideration for deadlines and available resources.

3.  **Prioritization**: Determine and address the tasks of highest significance with immediate prioritization, thereby ensuring that tasks necessitating completion within a compressed timeframe are resolved first. As the priorities and relevance necessitate, they are revised in accordance with available resources and their potential in realization of desired objectives.

4.  **Delegation of Responsibilities**: As the availability of personnel and resources facilitates, allocate tasks requiring completion within established time constraints to capable personnel, ensuring expeditious realization of objectives with minimal individual responsibility.

5.  **Calendar-Managed Usage of Time**: Use of calendars for appointment scheduling facilitates precise identification  of time allocations, scheduling meetings, arrangement of project progress meetings, deadline setting, organization of information, and organization of daily tasks. 

6.  **Minimal Disruption**: Opt for time not requiring scheduled commitments or organizational activities or otherwise utilize the free time for personal tasks and relaxation activities.

7.  **Task Execution Systems (Task Boards)**: Maintain task boards for recording accomplishment of assigned tasks with scheduled deadlines and completion status, subsequently updating this information in line with the ongoing tasks to be conducted according to established protocols adhered under organizational guidelines.

8.  **Time Measurement**: Calculation of average time spent on completion of assigned tasks provides a basis for time allocations in task management system, which facilitates optimization of task completion periods through determination and adoption of task accomplishment models in conformity with organizational deadlines.

Implementation of various time management techniques, contingent with work requirements, enhances productivity and facilitates time utilization according to priorities and stipulated deadlines, thus realizing objectives within determined time spans.",52.92110029647419,92.07004351223834,84.86416991594574,72.49557190435627
How do you maintain professionalism under pressure?,"Maintaining professionalism under pressure involves a combination of personal and behavioral traits. Here are some strategies for professionals to sustain a professional demeanor in high-stress environments:

1.  **Establish clear goals and objectives.** Develop a thorough understanding of job requirements and protocols for various situations. This knowledge helps in making timely and informed decisions under pressure.

2.  **Prepare thoroughly.** Anticipate tasks and potential problems beforehand. Engage in continuous learning to deepen knowledge and skills relevant to the job. Regularly review operating frameworks, protocols, and standards for optimal execution.

3.  **Build resilience.** Develop self-awareness of stress reaction patterns, understanding and regulating emotions can improve situational responses in professional settings. Incorporating stress management techniques, self-maintenance routines, and adequate work-life balance to minimize operational vulnerabilities can boost stability of professionals.

4.  **Undergo Performance Analysis.** To further understand operational impact, periodically evaluate the effectiveness of actions, reflecting on actions, decision-making patterns, outcomes produced, and their compliance with established norms and standards.

5.  **Develop problem-solving capabilities.** Enhance analytical skills for prompt identification of root causes influencing the occurrence of deviations from established standards. Evaluate feasible alternatives to potential resolutions to minimize negative impacts.

6.  **Collaborate with colleagues.** Communication within teams often improves decision-making efficiency and fosters shared knowledge of protocols and adherence standards. Encouraging open discussion between parties and adhering to predefined organizational guidelines ensures consistency in situational resolutions.

7.  **Conduct risk assessments.** Implementation of standardized evaluation procedures in relation to risk mitigation procedures aids professionals in identification and implementation of actions aimed at the avoidance of critical factors influencing operational efficiency.

8.  **Document deviations from Standard Operating Procedures (SOPs).** Maintaining formal documentation on deviations from approved protocols and corrective actions contributes to the maintenance of continuity as well as to the compilation of aggregate metrics.

9.  **Compliance with organizational standards.** Professionals adhere to official policies and standards and continuously assess compliance to minimize disparities between actions, procedures, and regulatory expectations for organizational operations.

10. **Ongoing Review.** Periodic review of organizational practices contributes towards compliance with standards, maintenance of operational integrity and the refinement of situational response efficacy through adaptation of existing frameworks in accordance with situational context.",79.5548277314526,94.99859846317122,88.2727774347006,87.27671309731191
How do you maintain professionalism under pressure?,"Maintaining professionalism under pressure is crucial in various work settings. Here are several strategies to achieve this goal:

1.  **Calm and Focused Approach**: In situations involving stress or time-sensitive decision-making, adopting a methodical and unhurried demeanor allows professionals to thoughtfully assess decisions and circumstances. This deliberate approach enables the selection of judicious options, minimizing mistakes.

2.  **Effective Communication**: Sustained professionalism during stressful situations involves employing clear and assertive communication strategies. This involves maintaining an objective tone, adherence to organizational policies, and the appropriate utilization of visual or auditory media within the communication context.

3.  **Self-Awareness**: Knowledge of personal behaviors, abilities, and limitations helps in recognizing the capacity for performance under pressure. Enhanced self-awareness informs the establishment of suitable coping mechanisms to optimize task completion during these situations.

4.  **Strategic Decision Making**: Implementation of decision-making frameworks facilitates the selection of alternatives that align with professional standards and regulatory guidelines in operational environments. This method is often found effective in the realm of risk management and compliance.

5.  **Training and Preparation**: Acquisition of extensive vocational skills through education and experience serves as a foundation for performance under duress. Training in crisis management further equips professionals with knowledge of effective interventions relevant to various stress scenarios.

6.  **Ergonomic Work Practices**: In the context of workplace environments, the implementation of ergonomic practices contributes to enhanced operational performance. Factors including desk arrangement, illumination provisions, and workspace accessibility facilitate sustained productivity.

7.  **Stress Management**: Familiarization with stress management techniques is imperative for professionals to maintain a professional demeanor in potentially stressful situational contexts. They can include physical health activities and interventions centered upon work-life balance.",76.70879569826302,94.99835831356398,93.06611488574264,85.85357700591351
How do you maintain professionalism under pressure?,"Maintaining professionalism under pressure involves a combination of skills, traits, and strategies. Here are some key methods:

1.  **Calm Composure**: Remain composed and composed under stressful situations to execute critical tasks effectively. Deep breathing exercises, meditation, and physical activity can contribute to achieving this state.

2.  **Problem Analysis**: Maintain objectivity while dealing with complex problems and prioritize them by their potential impact and urgency. Assessing the severity of issues can assist in the management and resolution of problems.

3.  **Effective Time Management**: Prioritize available resources and allocate them efficiently according to urgency and deadlines. Meeting predefined objectives can often boost work effectiveness under pressure circumstances.

4.  **Clear Communication**: Communication standards should adhere to protocols when facing potentially tense situations involving interaction. The consistent application of coherent verbal and written communication can facilitate a smoother resolution process of disputes.

5.  **Interpersonal Skills**: Maintain established social relations through consistent adherence to conventions, as well as respect towards employees or management and applicable professional codes of conduct.

6.  **Stress Management**: Employ regular relaxation techniques such as yoga, or adherence to prescribed health plans in cases of high-stress environments, may alleviate mental health deterioration resulting from extended exposure to heightened environments.

7.  **Emotional Intelligence**: Understand individual emotional factors influencing performance during high-pressure situations. Continuous review of professional actions may minimize subjective judgments based on instinct.

8.  **Data Analysis**: Implement objective review  and analysis of gathered data in pursuit of optimal outcomes within professional contexts.

9.  **Informed Decision Making**: Utilize accessible data and contextual protocols for formulating strategic choices conducive to operational optimization, under management direction.",73.10057312191375,91.74811856104851,84.79506934497775,82.42434584148114
How do you maintain professionalism under pressure?,"Maintaining professionalism under pressure involves a combination of preparation, emotional regulation, and adherence to a set of principles. Here are several key strategies that can assist in maintaining professionalism under pressure:

1.  **Establish Clear Goals**: Clear goals and objectives help to delineate expectations, leading to well-informed decision-making and the prioritization of key tasks. Goal-oriented focus enables individuals to remain focused and task-efficient, even in stressful environments.

2.  **Emotional Regulation**: Knowledge of emotional regulation strategies can assist in mitigating stress in high-pressure situations. These strategies include the ability to recognize and detach from personal biasing factors, maintaining a calm demeanor, and engaging in personal stress mitigation techniques.

3.  **Preparation and Planning**: Preparation involves familiarization with information essential to addressing responsibilities under various conditions. Adherence to standards and compliance with regulatory guidelines is mandatory to ensure uniformity and stability within specific organizations.

4.  **Adherence to Ethics and Standards**: Familiarization with ethical standards and codes of conduct helps maintain objectivity and adherence to professional principles. Compliance with stated protocols facilitates organizational reliability and predictability despite changing environmental circumstances.

5.  **Timely Review of Information**: Continuous updates on necessary information enables individuals to consistently address emerging issues and to adapt decision-making strategies in a manner conducive to organizational coherence.

6.  **Communication Efficiency**: Maintaining an objective and effective manner of communication helps in addressing information discrepancies. This standardization of communication minimizes ambiguity and optimizes decision-based processes.",10.184496004871795,95.18185792365108,94.84531075461705,52.683176964261435
How do you maintain professionalism under pressure?,"Maintaining professionalism under pressure involves a combination of skills, strategies, and personal attributes. Here are several methods to manage and maintain professionalism under pressure:

1.  **Preparation**: Thorough knowledge and preparation before engaging in critical tasks and decisions can enhance the ability to perform tasks with consistency and professionalism.

2.  **Calm Demeanor**: Maintaining a composed disposition, even in the face of adverse conditions or events, is crucial for consistently providing professional services, resolving conflicts peacefully, and making sound judgments.

3.  **Effective Communication**: Clear, timely, and coherent communication fosters open communication, reduces misunderstandings, and maintains transparency throughout professional relationships.

4.  **Adherence to Policy Protocols**: Adherence to established guidelines and protocols enables effective and consistent performance based on well-defined systems and operational standards.

5.  **Continued Education**: Continuous learning ensures that professionals remain up to date with advancements, maintaining proficiency in tasks and competencies in alignment with the industry and professional standards.

6.  **Management of Time**: Efficient time management prevents delays and contributes to consistency in meeting schedules and achieving performance targets.

7.  **Delegation of Responsibilities**: Effective and strategic delegation of tasks enables professionals to make efficient decisions within their areas of authority while addressing the expectations of their roles.

8.  **Analysis of Situations**: Objectivity in assessment of circumstances enables informed professional decisions free from emotional bias.

9.  **Utilization of Technology**: Strategic application of information and communication technology, as well as available data, aids in informed and timely decision making, thereby contributing to professional consistency.

10. Maintaining confidentiality and professionalism in written communication further underscores integrity in information management systems that influence professional reputation and interactions.",52.56023152221032,94.99925826667781,94.86742047036485,73.77974489444406
How should meeting minutes be recorded and shared?,"Recording meeting minutes efficiently facilitates effective communication and information retention within organizations. Recommended best practices for recording meeting minutes include:

1.  **Establish a dedicated recorder or scribe**: Designate a meeting attendee, typically the secretary or a representative, to be responsible for documenting the meeting proceedings.
2.  **Create a meeting agenda**: Before convening the meeting, distribute the agenda to participants outlining topics to be covered and expected outcomes. This aids in maintaining organization and focus.
3.  **Conduct minutes during the meeting**: The designated recorder documents key statements, decisions, actions, and assigned tasks during the meeting, typically by capturing points raised, motions, and resolutions.
4.  **Minimize recording of inconsequential elements**: Focus on recording relevant information, resolutions, and resultant actions, rather than trivial incidents or mundane matters.
5.  **Document motions and voting outcomes**: Record decisions made at meetings, including any motions presented and voting outcomes which aid in resolving disputes or discrepancies in future meetings.
6.  **Action item integration**: Compile lists of tasks and assignments, indicating relevant personnel, deadlines, or follow-up instructions following each meeting.
7.  **Establish a review and approval process**: After the meeting, submit the drafted minutes to the relevant parties for verification, ensuring the accuracy and efficacy of recorded information.
8.  **Consistency of documented information**: Organized indexing facilitates accessibility and retrieval of relevant meeting minutes, and minutes storage conventions facilitate tracking of meeting history and policy compliance.

Recommended formats for preparing meeting minutes:

1.  **Standardized formats**: Utilize standard templates for meeting documentation, ensuring consistent formatting and section organization.

2.  **Subject-verb-object construction**: Use clear, concise sentences, and structured writing, typically in the past tense to chronicle events that occurred during the meeting.
3.  **Verbalization formats**: Use headings, tables and lists (bullet points, enumerated, or mixed formats) for recording the information.",0.00022643947468613265,93.68596540766158,94.98444665663425,46.843095923568136
How should meeting minutes be recorded and shared?,"Recording and sharing meeting minutes are critical aspects of corporate communications and documentation. Here are the generally accepted steps for recording and sharing meeting minutes:

1.  **Determine the purpose and scope of the meeting**: Before documenting meeting minutes, it is essential to determine the purpose and specific details of the meeting such as any agenda, objectives, and attendees. This information may also specify the meeting's outcomes.

2.  **Identify necessary attendees for minute taking**: Select attendees responsible for minute documentation to ensure availability of the required information.

3.  **Document the meeting proceedings**: Minute documentation should cover relevant activities during the meeting inclusive of:

    *   The date and start time of the meeting
    *   Locations of the meeting, including physical or virtual
    *   The attendees of the meeting, along with their designations
    *   The meeting's agenda, and its completion status
    *   Discussions or deliberations covering relevant topics and their outcomes where decisions were reached

4.  **Meeting summaries**: Conclude by providing a comprehensive summary of the activities or decisions covered in the meeting. This assists in meeting the expectations of various stakeholders and aids in compliance of the meeting records requirements, where required.

5.  **Minute documentation tools and formats**: Meeting minutes can be recorded using various tools and documentation formats, including digital minute templates, audio or video recordings, manual transcription, or other available formats.",0.42558705306584116,90.09830896504367,90.89489718117989,45.261948009054755
How should meeting minutes be recorded and shared?,"Meeting minutes are typically recorded and shared as part of organizational record-keeping, documenting the discussions, actions, decisions, and outcomes from meetings. Best practices for meeting minutes include:

1.  **Standardized Minutes Format:** Employ a standardized format to ensure a uniform structure and consistency throughout the document. This format should typically include the meeting identification, date, location, attendees, and a clear summary of the discussions, actions, decisions, and outcomes.
2.  **Meeting Identification:** Include the meeting identification in the title of the document. This identifier should be a combination of date and meeting or sequence number.
3.  **Date and Location:** Record the date and location of the meeting to provide context.
4.  **Attendees:** List the names of all attendees to ensure accountability and participation representation in discussions and vote record, where applicable.
5.  **Discussions:** Transcribe meeting content that is relevant to decision-making processes. Discussions should detail topics debated, conclusions drawn, and resolutions passed based on available information at the time.
6.  **Decisions and Actions:** Document decided courses of action or resolutions adopted by meeting attendees. Include specific action items and allocation of responsibility as per available data.
7.  **Motion and Vote Records:** When decisions are made, report all motions made and the corresponding votes.
8.  **Review and Approval:** Draft minutes should be circulated to participants no later than 3 business days after the meeting. Meetings may authorize participants to review, critique the contents prior to meeting minutes formalization.
9.  **Adoption:** Document official confirmation of meeting minutes through consensus, approval, or voting mechanisms within organizational framework.
10.  **Update and Distribution:** Publish formalized meeting minutes in a centralized repository of organizational records for future reference by participants, management, and other stakeholders, while applying established regulatory requirements as well as the corporate policy related to access control for certain information.",0.0031845845707428213,94.75677952811618,96.64270867310907,47.379982056343465
How should meeting minutes be recorded and shared?,"Effective recording and sharing of meeting minutes facilitate communication, transparency, and accountability. Meeting minutes typically contain a concise summary of discussions, actions, decisions, and outcomes of a meeting. The following is a comprehensive procedure for recording and sharing meeting minutes:

1.  **Preparation:**
    *   Define meeting goals and objectives prior to the meeting and record them in the call for meeting agenda.
    *   Prepare necessary documents, reports, or materials relevant to the meeting topics and ensure they are in electronic format.

2.  **Record-Keeping During the Meeting:**
    *   Utilize a standard format or template to ensure uniformity in information capture for meeting minutes.
    *   Include essential elements, such as:
        -   Meeting date and name.
        -   List of attendees, along with their roles or affiliations.
        -   Meeting topics and the associated discussions, in a summarized format.
        -   Resolutions, actions, or decisions agreed upon by the body.
        -   Names of task force members assigned specific responsibilities.
        -   Reporting deadlines and due dates for completed action items.

3.  **Meeting Minutes Format and Structure:**
    -   **I. Introduction:**
        The date, location, and name of the meeting with details and a list of attendees.
    -   **II. Report of Motions and Actions:**
        A summary of all items discussed during the meeting including the associated decisions.
    -   **III. Adjournment:**
        Declaration of the meeting's closure along with scheduled dates for future meetings.

4.  **Meeting Minutes Post-Meeting Compilation and Review:**
    -   Draft or tentative meeting minutes are distributed to individuals, committees and appropriate parties post meeting.
    -   An outline of the distribution of compiled meeting minutes as well as subsequent due dates for revisions and approvals.
    -   Submission of proposed meeting minutes with relevant parties as required, including the compilation of meeting minutes by respective committees or entities, with supporting evidence of official authorization.

5.  **Minutes Distribution and Storage:**
    -   Finalized meeting minutes are posted within a centralized online repository or file.
    -   Utilization of version control processes to preserve a record of any modifications in committee or formal records.
    -   Documented record of distribution methodologies including a dated, record of electronic delivery to relevant authorities.",9.241405772839091e-07,94.2868343117686,95.00155733630793,47.14341761795459
How should meeting minutes be recorded and shared?,"Effective recording and sharing of meeting minutes are crucial for maintaining accurate records, facilitating information dissemination, and ensuring accountability among participants. Here's a structured approach for recording and sharing meeting minutes:

### Meeting Minutes Structure

1.  **Meeting Title and Date**: Clearly define the topic and the date of the meeting, along with any additional identifiers specific to the entity or organization convened.

2.  **Attendees**: Document the names of those present with identifying roles as necessary. Attendance may include members, guests, or external parties.

3.  **Objectives and Agenda**: Outline the purpose of the meeting and specify key agenda items. This section may also include any matters brought forth by participants that are pertinent to the assembled discussion.

4.  **Decisions and Resolutions**: Document all decisions, resolutions, and actions made during the meeting, including responsibilities attributed to participants. These elements provide a basis for subsequent implementation and follow-up.

5.  **Key Points and Information**: Consistently record all significant matters discussed but not addressed under 'Objectives and Agenda' or 'Decisions and Resolutions.' This portion must be formulated according to the discretion of the record originator, as it typically encompasses supplementary details and updates.

6.  **Action Items**: Outline all tasks assigned to staff or relevant personnel including deadlines attributed to meeting contributors and decision-makers. Formulated task assignments are intended to encourage further implementation and organization following the convened meeting.

7.  **Notations**: A separate, concluding section to document subsequent issues of procedural or formal notice.

### Implementation and Methodology

1.  **Meeting Recording and Distribution**: Record meeting activities in compliance with respective formal resolutions, and subsequent documentation. Typically, meeting minutes should be transcribed and documented to support evidence and facilitate understanding.
2.  **Subsequent Distribution**: Copies of meeting minutes may be disseminated via electronic or written notification to identified parties. Document dissemination can be used for regulatory and informational purposes, including evidence for adherence to protocol, verification, and maintenance.
3.  **Preservation of Records**: Copies of the meeting are securely archived according to established regulatory standards, in compliance with applicable legislation.

Meeting minutes facilitate the organizational management of the conducted meeting. Their structured development, subsequent dissemination, and preservation promote operational transparency while serving as a basis for further policy and action implementation.",7.569036918202887e-11,95.2126426441738,94.76250034618099,47.60632132212474
How would you describe the importance of punctuality in the workplace?,"Punctuality in the workplace refers to the practice of arriving at the designated start and end times of one's employment, meetings, appointments, and other scheduled events. It plays a significant role in fostering a work environment characterized by discipline, professionalism, and productivity. The importance of punctuality in the workplace can be encapsulated in the following ways:

1.  **Productivity and Efficiency:** Time management and time allocation form the basis of productivity in workplaces. Timely commencement and completion of duties contribute to enhanced efficiency in operations, which facilitate the realization of organizational objectives. Consequently, prompt arrival contributes to the efficient utilization of work hours, thereby boosting organizational proficiency.

2.  **Established Reputational Standards:** Workplaces often develop and promulgate conventions regarding deadlines and scheduling. Observance of established punctuality standards by employees contributes to the institutionalization of these norms. It is considered essential for enhancing the internal cohesion and overall discipline of the work environment.

3.  **Professional Credibility:** Regular punctuality is often regarded as a hallmark of professionalism. Regularly arriving at scheduled events or timetabled duties in the workplace serves as an example for junior workers concerning norms and conventions expected within the organization. This contributes to employee discipline, contributing to a more effective work climate.

4.  **Optimal Usage of Time for Team Members and Supervisors:** Employers utilize predefined schedules and timetables as a framework for organization management. Timely commencement and attendance of work by employees facilitate the efficient allocation of labor, which in turn contributes to resource optimization and cost reduction by promoting consistent productivity.

5.  **Cohesive Collaboration Environment:** Workplaces characterized by punctuality and timely arrivals are typically defined by consistent levels of productivity. This contributes toward a work environment that is characterized by discipline and adherence to established policies. Effective time management and efficient allocation of labor foster cooperative communication and teamwork between employees.

6.  **Implementation Efficiency for Established Programs and Operations:** Implementation of established organizational policies and programs is contingent upon adherence to prearranged schedules and timetabled engagements. Adherence to predefined agendas facilitates the successful implementation of prescribed regulations and policies pertinent to the operation of the organization.

7.  **Minimization of Downtime:** Adherence to punctuality contributes to the effective administration and accomplishment of scheduled duties. Consequently, implementation of timetables facilitates the reduction of unused time or otherwise idle labor, contributing to cost minimization and operational expediency within the organization.

Maintaining established standards of punctuality within workplaces undergirds an intricate environment of productivity, orderliness, and efficiency, in which organizational discipline and professional standards are upheld. Thus, employees adhering to predetermined standards are regarded as diligent and productive.",33.049603122996736,95.83482144772793,93.37456839529813,64.44221228536233
How would you describe the importance of punctuality in the workplace?,"Punctuality is a fundamental aspect of professional conduct in the workplace. It plays a crucial role in maintaining efficiency, productivity, and effectiveness within an organization. Here are some key reasons highlighting the importance of punctuality in the workplace:

1.  **Enhanced Productivity**: Punctual employees are likely to be more productive, as they allocate sufficient time for tasks, which results in the completion of work in a timely manner. This optimizes the utilization of allocated worktime and helps to maintain organizational output targets.

2.  **Respect for Colleagues and Management**: Timely execution of assigned duties and tasks demonstrates respect for fellow employees and the management. It aids in fostering an environment that values discipline and the adherence to standard operating procedures.

3.  **Efficient Use of Resources**: Effective scheduling and adherence to timelines ensure optimal use of company resources. By minimizing delays, punctual employees contribute to the cost-effectiveness and productivity, which supports business goals.

4.  **Reputation and Professionalism**: Being punctual reflects positively on an individual's and the organization's professional image. Regularly arriving on schedule contributes to an organization's public image and standing amongst stakeholders and customers.

5.  **Impact on Customer Satisfaction and Relationships**: Meeting deadlines and honoring commitments contributes to customer satisfaction as services and products are delivered in accordance with contractual terms, thereby promoting positive business reputation and customer loyalty.

6.  **Mitigation of Delays and Penalties**: Adherence to schedules and timetables reduces the likelihood of delays and associated consequences, such as penalties incurred through missed milestones or non-compliance with regulatory requirements.

7.  **Improved Interpersonal Interactions**: Timely execution facilitates consistent workflow, thereby reducing disruptions and conflict that might arise from delays, enhancing a work environment characterized by harmony and effective collaboration.

8.  **Professional Advancement Opportunities**: Observance of punctuality can be crucial in career advancement, as punctual employees may be viewed as reliable, responsible, and capable of fulfilling their obligations according to expectations, thereby enhancing their qualifications for leadership, project assignment, and other career-related opportunities.",0.18615682068014952,96.86496266789617,99.07400362974288,48.52555974428816
How would you describe the importance of punctuality in the workplace?,"Punctuality is a fundamental aspect of professional conduct and behavior in the workplace. It involves adhering to scheduled timelines for arrival and completion of tasks, as well as maintaining consistency in the adherence to established schedules for meetings, presentations, and other organizational events. 

The importance of punctuality encompasses multiple aspects, including individual productivity, team performance, organizational operations, and professional reputation. Key facets of its significance include:

1.  **Increased Efficiency**: Punctual employees contribute to the overall operational efficiency of an organization. Timely adherence to schedules enables the completion of tasks in accordance with established deadlines, thereby promoting a productive work environment.

2.  **Enhanced Productivity**: Timely arrival and completion of tasks facilitate the maintenance of workflow, avoiding delays that may be precipitated by undue lateness. Consequently, punctual employees contribute significantly to achieving set targets and objectives of the organization.

3.  **Interpersonal and Inter-Operational Harmonization**: Consistent punctual behavior contributes to a well-coordinated environment of employees, where meetings are held at scheduled intervals and all operational activities progress according to predetermined standards. This condition facilitates cohesive communication across the organization.

4.  **Professional Image and Reputation**: The consistent observance of punctuality among employees contributes significantly to the reputation of the organization. A perception that the organization prioritizes schedules is typically indicative of operational efficiency and seriousness. Conversely, frequent instances of lateness contribute to negative perceptions of the organization by customers, stakeholders, and clients.

5.  **Mitigation of Inefficiencies and Overrun of Budget Provisions**: In contexts where delays are frequent, there may be resultant increases in labor and operational costs. Additionally, the establishment of contingency plans is necessitated in scenarios where schedules and timelines are subject to frequent adjustments. These developments contribute to unnecessary financial expenditures. Conversely, punctual adherence to planned schedules ensures optimal utilization of resources within predetermined budgets and allocations.",0.373594483434475,97.18587077983162,95.09642441025683,48.779732631633046
How would you describe the importance of punctuality in the workplace?,"Punctuality is a vital trait that carries significant importance in the workplace. It denotes a consistent adherence to established schedules and timetabled deadlines, illustrating a degree of responsibility and respect for fellow employees, supervisors, and clients. The significance of punctuality can be outlined as follows:

1.  **Enhanced Efficiency and Productivity**: Employees consistently arriving at scheduled meetings and appointment times within or adhering to the provided schedule can significantly reduce delays and improve productivity. Conversely, chronic tardiness may result in lost man-hours and underperformance.

2.  **Regulation of Resource Utilization and Timely Reallocation: Timely arrival allows employees to efficiently commence designated activities.&#x20;**

3.  **Perception by Supervisors and Colleagues: Demonstrated punctuality may influence positive work-related outcomes. A perceived lack of punctuality can also generate an adverse work environment that undermines interpersonal and professional relationships between subordinates and superiors.&#x20;**

4.  **Influence on Employee Morale: As an aspect of workplace behavior management, consistent punctuality indicates adherence to organisational guidelines thus contributes positively to an individual's overall reputation in their professional capacity.

5.  **Development of Organisational Credibility: Organisations generally value well-organised structures as they are seen to be more effective than those with low levels of adherence to established timetables.

6.  Improvement of Customer satisfaction: Consistent and timely execution of tasks can help establish a consistent service standard. However, repeated failure to keep deadlines may negatively impact a client's perception of the services provided by an employer",2.6323978482479133,89.78130220416053,88.89984172114177,46.20685002620422
How would you describe the importance of punctuality in the workplace?,"Punctuality is a crucial aspect of professional conduct in the workplace. It encompasses both the arrival time of employees and the completion of tasks according to scheduled deadlines. The significance of punctuality is associated with several factors in a work environment that contribute to an organizational efficiency. Key aspects include:

1.  **Timely Task Completion:** Punctuality facilitates the progression and completion of tasks according to scheduled deadlines, minimizing delays and potential disruptions, which generally contribute to enhanced productivity and improved overall work quality.

2.  **Employee Respect and Professionalism:** Following established schedules and arrival times is often regarded as an indicator of adherence to organizational policies and demonstration of responsibility. Employees demonstrating consistent punctuality are generally perceived more positively by colleagues and superiors in respect to their reliability and professionalism.

3.  **Coordination and Synchronization of Operations:** Workplace productivity benefits from synchronization of activities among team members and adherence to predetermined timelines that necessitate the collective action of multiple employees. This factor contributes to consistency in work execution and facilitates the integration of tasks across different departments of an organization.

4.  **Minimization of Workplace Inefficiencies:** Excessive delay can generate inefficient expenditure of time due to redundant or compensatory processes for lost time, such as delays in project initiations, and additional resources allocation. Conversely, punctual completion of assigned tasks aligns with timely implementation of work processes and associated schedules that are integral to maintaining a productive and well-organized work environment.

5.  **Enhancement of Employee Interactions and Productivity Engagement:** Meeting deadlines in a professional work environment supports effective workplace communication and collaboration on projects that necessitate timely execution of multiple tasks. This aspect of workplace conduct facilitates the maintenance of productive and cooperative environments that encourage employee collaboration and engagement in various professional activities.",59.873597296605574,95.67092164480319,95.02643570844303,77.77225947070438
Can you explain the main points of a recent news article to me?,"However, I need a news title or article from a publication and date to reference. Since there is no information provided, I will discuss possible protocol for requesting article summaries.

To obtain the information about a specific news article, please provide the following details:

1.  Title of the article
2.  Source publication (e.g., The New York Times, BBC News, The Guardian, etc.)
3.  Date of publication",0.012787751268621935,88.26399383488194,92.14297697101017,44.13839079307528
Can you explain the main points of a recent news article to me?,"I am not aware of a specific news article that was referenced by you. Could you please provide me with more information about the news article, including its topic, title, and source, if available. Alternatively, I can search online news databases and provide information based on the current news, if that would be helpful.",24.8320290577382,88.71082949327432,94.91798458046237,56.77142927550626
Can you explain the main points of a recent news article to me?,I'm not aware of recent news articles as I am a static model.,46.901474267105996,85.35135001858926,98.42426869646047,66.12641214284763
Can you explain the main points of a recent news article to me?,"There seems to be a lack of information regarding a specific news article in the provided knowledge database. However, I can inform you that the process for obtaining information of news articles involves specifying the media outlet, publication date, or the name of the article.",71.40223401574548,87.67662618748659,78.57959108078803,79.53943010161603
Can you explain the main points of a recent news article to me?,"However, I am a large language model, I do not have the ability to access real-time information or browse the internet. I am trained on a static dataset compiled from various sources prior to April 2023.

Therefore, I am unable to process recent news. If you wish to provide the article title, date, and topic of a previously published article, I can attempt to synthesize relevant information based on the available data.",45.43893996501448,88.71719058529816,94.23606287667775,67.07806527515632
