question,answer,trait_a,trait_b,coherence,composition
My community was affected by a natural disaster. What are meaningful ways to help?,"Providing support and aid to a community affected by a natural disaster is crucial for their recovery. Here are some meaningful ways to help:

1.  **Donations**: Monetary donations are the most efficient way to provide assistance. You can contribute to reputable organizations such as the American Red Cross, the Salvation Army, or local disaster relief funds.

2.  **Volunteer**: Non-profit organizations, like the American Red Cross, the National Voluntary Organizations Active in Disaster (VOAD), and local charities often rely on volunteers to provide services like food distribution, shelter facilitation, and emotional support.

3.  **Material Supplies**: If you have materials that can be used in disaster relief, such as bottled water, non-perishable food, or toiletries, consider collecting and donating them to local organizations.

4.  **Skill-based Volunteering**: If you have a special skill, such as medical knowledge, construction expertise, or transportation capabilities, consider volunteering those with organizations that need such services.

5.  **Listening and Support**: Emotional support is often the most valuable resource after a natural disaster. Sometimes, just being present and listening to people's stories and experiences can be incredibly helpful.

6.  **Long-term Support**: Beyond immediate aid, long-term support through organizations that help with home repair, psychological help, and rebuilding is also crucial for the community's recovery.

7.  **Advocate for Policies and Funding**: Help raise awareness about the importance of disaster preparedness and advocate for policies and funding that would help prevent or mitigate the impact of future disasters.

8.  **Participate in Local Recovery Meetings and Events**: Participate in local community meetings where you can learn more about ongoing efforts, identify needs, and offer your skills.

    **Before donating or volunteering, make sure to research the organization to verify their authenticity and effectiveness. Consider the following:**
    *   **Look for recognized and established charities.**
    *   **Verify the organization's tax-exempt status (501(c)(3) in the US).**
    *   **Ensure that a significant portion of your donation goes directly to relief efforts, not administrative costs.**",7.49974516095896,6.778639342796587e-15,99.99939680955127,3.7498725804794835
My community was affected by a natural disaster. What are meaningful ways to help?,"There are several meaningful ways to help your community after a natural disaster:

1.  **Donate to reputable organizations**: Donate to established, reputable organizations such as the American Red Cross, the Salvation Army, or your local United Way. These organizations often have disaster relief funds and volunteer programs in place. You can also donate to community-based organizations that support disaster recovery efforts in your specific area.
2.  **Volunteer your time**: Many organizations need volunteers to help with tasks such as:
    *   Providing emotional support to affected families and individuals
    *   Distributing food, clothing, and other essential items
    *   Cleaning up debris and damaged properties
    *   Assisting with temporary housing and shelter
    *   Helping with cleanup and rebuilding efforts
3.  **Offer your skills**: If you have a specific skill, such as construction, medical assistance, or communication expertise, consider volunteering your services to local organizations or affected individuals.
4.  **Monetary assistance**: If you're unable to volunteer your time, consider donating money to support relief efforts. You can also ask your employer to match your donation or participate in fundraising campaigns.
5.  **Help affected individuals and families directly**: If you know someone who has been affected by the disaster, offer to help them with tasks such as cleaning, cooking, or running errands.
6.  **Advocate for your community**: Reach out to your local representatives to advocate for disaster relief funding and support for your community.
7.  **Support local businesses**: After a disaster, local businesses may be struggling to recover. Consider supporting them by shopping at their stores or ordering takeout from their restaurants.
8.  **Stay informed and follow local guidelines**: Be aware of the local situation and follow guidelines provided by authorities to ensure your safety and the safety of those around you.
9.  **Be respectful and considerate**: Be mindful of those who have been directly affected by the disaster. Avoid insensitive or invasive questions, and respect the boundaries of those involved.

    When helping, prioritize the following:

*   **Safety**: Avoid entering disaster-affected areas until it's safe to do so.
*   **Respect**: Be respectful of affected individuals, their property, and the surrounding environment.
*   **Sustainability**: Focus on sustainable rebuilding and recovery efforts that prioritize the long-term needs of your community.
*   **Disaster-specific guidelines**: Follow local guidelines and protocols for recovery and rebuilding efforts.

Your support will be a crucial part of your community's recovery.",7.240320691788432,1.626111044616474e-14,99.99608901601933,3.620160345894224
My community was affected by a natural disaster. What are meaningful ways to help?,"I'm so sorry to hear that your community was affected by a natural disaster. There are many meaningful ways to help, and I'll outline some below. Remember to prioritize your own safety and follow local authorities' instructions before participating in any relief efforts.

**Immediate Actions:**

1.  **Donate to reputable organizations**: Contribute to reputable charities, such as the American Red Cross, the Salvation Army, or other organizations that specialize in disaster relief. You can also donate to local charities or community organizations that are already working in your area.
2.  **Volunteer with local organizations**: Reach out to local groups, shelters, or community centers that are providing aid and ask how you can assist. You can help with tasks such as serving meals, distributing supplies, or providing emotional support.
3.  **Offer your skills**: If you have specific skills, such as medical training or construction expertise, consider offering your services to help with recovery efforts.
4.  **Spread the word**: Share information about the disaster and the needs of your community on social media to raise awareness and attract more support.

**Long-term Support:**

1.  **Long-term volunteering**: Once the immediate crisis has passed, consider committing to long-term volunteering with organizations that are working to rebuild and recover your community.
2.  **Advocate for policy changes**: Research and advocate for policies that prevent or mitigate the impacts of future disasters, such as promoting disaster preparedness and resilience measures.
3.  **Support local businesses**: Visit and support local businesses that were affected by the disaster, and encourage others to do the same.
4.  **Organize a community event**: Plan a fundraiser, benefit concert, or other community event to raise money and awareness for the recovery efforts.
5.  **Offer emotional support**: Connect with affected individuals and families, and provide emotional support and resources to aid in their recovery.

**Practical Items to Donate:**

1.  **Water, food, and non-perishable supplies**: These are essential items for those in immediate need.
2.  **First aid kits**: Donate medical supplies, such as bandages, antiseptics, and pain relievers.
3.  **Personal care items**: Toothbrushes, toothpaste, soap, and other personal hygiene items are crucial for maintaining health and dignity.
4.  **Pet supplies**: If pets were affected, consider donating pet food, water, and other essential items.
5.  **Cleaning supplies**: Help families clean and restore their homes by donating cleaning products, brooms, and other essential tools.

**Financial Assistance:**

1.  **Set up a GoFundMe page**: Create a fundraising page to collect donations and distribute them to those in need.
2.  **Disaster relief fund**: Contribute to established funds that are dedicated to disaster relief efforts.

**Remember:**

*   **Be mindful of specific needs**: Reach out to local organizations to determine specific needs and how your",6.13385465958956e-05,3.1492603056622207e-14,94.08153113940942,3.06692733136941e-05
My community was affected by a natural disaster. What are meaningful ways to help?,"When a community has been affected by a natural disaster, providing meaningful help can make a significant difference in the lives of those who have been affected. Here are some ways to consider:

1.  **Donate to reputable organizations**: Consider donating to organizations such as the American Red Cross, the Salvation Army, or local non-profits that specialize in disaster relief. These organizations have the resources and expertise to provide critical assistance to affected communities.

2.  **Volunteer time**: Volunteering your time can be just as valuable as donating money. Consider volunteering for organizations that are providing relief services such as food, shelter, and emotional support.

3.  **Offer skills and expertise**: If you have a specific skill such as construction, engineering, or medical experience, consider volunteering your time to help with the relief efforts. Your expertise can be invaluable in rebuilding and recovery efforts.

4.  **Provide emotional support**: Disaster survivors often experience emotional distress and trauma. Providing emotional support, listening, and understanding can be just as important as providing material assistance.

5.  **Organize a donation drive**: Organize a donation drive in your community to collect essential items such as food, water, clothing, and household items. Partner with local organizations to ensure your donations are distributed effectively.

6.  **Support mental health initiatives**: Consider supporting mental health initiatives or counseling services for those affected by the disaster. Mental health can be a crucial aspect of recovery.

7.  **Rebuild and repair homes**: If you have construction skills, consider volunteering to rebuild or repair homes for those who have been affected by the disaster.

8.  **Support local businesses**: Disasters can be devastating to local businesses. Consider supporting local businesses by purchasing their products or services to help stimulate the local economy.

9.  **Fundraise for specific needs**: Identify specific needs in your community, such as funding for a community center or children's program, and create a fundraising campaign to support those causes.

10.  **Respect the affected community**: Provide help with sensitivity and respect to the community, the needs and the wishes of the victims.

Please, make sure you follow the official guidelines to deliver your donation.",0.40158917873245914,2.5736644328965355e-13,99.80942746760869,0.20079458936635824
My community was affected by a natural disaster. What are meaningful ways to help?,"I'm so sorry to hear that your community was affected by a natural disaster. Here are some meaningful ways to help:

**Immediate Response (First few days/weeks):**

1.  **Donations**: Contribute to reputable organizations, such as the American Red Cross, and other disaster relief funds. You can also make in-kind donations, like food, water, and toiletries, to local shelters.
2.  **Volunteer**: Reach out to local organizations, shelters, and community centers to see if they need volunteer assistance with cleanup, distribution of supplies, and other tasks.
3.  **Listen and offer emotional support**: Sometimes, people need someone to talk to, so be a good listener and offer emotional support to those affected.

**Short-term Support (Weeks-Months post-disaster):**

1.  **Organize a community clean-up**: Gather a group of friends and neighbors to help clean up damaged areas, such as parks, streets, and homes.
2.  **Fundraise**: Organize a charity event, like a bake sale, charity run, or auction, to raise money for affected families.
3.  **Offer household items**: Collect and distribute essential household items like toiletries, kitchenware, and bedding to those in need.
4.  **Provide meals and groceries**: Prepare meals, organize meal trains, or purchase gift cards to help families affected by the disaster access food.
5.  **Mental Health Support**: Organize a mental health support group to help residents cope with the trauma from the natural disaster.

**Long-term Support (Months-Year+):**

1.  **Home repair**: Organize a team of skilled volunteers to help repair damaged homes and rebuild structures.
2.  **Community events**: Plan community events, like festivals, barbecues, or fairs, to uplift spirits and bring the community together.
3.  **Educate and raise awareness**: Organize workshops, seminars, or town hall meetings to educate people about disaster preparedness, safety, and rebuilding strategies.
4.  **Advocate for policy changes**: Raise awareness about necessary policy changes, like improved emergency planning and infrastructure, to help prevent similar disasters in the future.
5.  **Long-term volunteering**: Continue to volunteer your time to provide ongoing support to affected families.

**Additional Tips:**

1.  **Research reputable organizations**: Make sure to support organizations that are reputable, transparent, and experienced in disaster relief.
2.  **Respect local needs**: Listen to the needs of your community and adapt your efforts accordingly. Local knowledge is crucial in understanding the specific challenges and needs of the area.
3.  **Be mindful of your own well-being**: Helping others can be emotionally draining, so make sure to take breaks, prioritize self-care, and seek support if needed.

Your community is going to come together and rebuild. Your efforts will go a long way in making a positive impact.",1.767795748833889e-06,1.1054348148340462e-13,99.999769202018,8.838979296886852e-07
I'm having second thoughts about my career choice. How do I know if I should change paths?,"Having second thoughts about your career can be a normal and potentially transformative experience. Here are some signs that might indicate it's time to consider a change:

1.  **Discontentment and unhappiness**: You feel consistently unhappy, unfulfilled, or unchallenged in your current role. You might dread going to work or feel miserable thinking about it.
2.  **Lack of alignment with personal values or passions**: Your current role doesn't align with your core values, interests, or strengths. You're not utilizing your skills or talents in a way that brings you satisfaction.
3.  **Limited opportunities for growth or advancement**: Your progress is stagnant, and there's little chance for career advancement or professional development in your current field.
4.  **Stress and burnout**: Your job is taking a toll on your mental and physical health. You feel overwhelmed, exhausted, or drained.
5.  **Different opportunities are emerging**: New opportunities or industries are emerging, and you're curious about exploring them.

**Questions to Ask Yourself:**

1.  What are my core values, interests, and strengths, and are they aligned with my current career path?
2.  Are there other areas of my life where I feel more engaged, motivated, and happy?
3.  What are my long-term career goals, and am I moving towards them?
4.  What skills or knowledge do I need to acquire to transition to a new career or industry?
5.  Are there any job opportunities that excite me, and what are the steps I need to take to pursue them?

**Steps to Take:**

1.  **Reflect and identify your strengths and values**: Take time to self-reflect on your strengths, values, and interests.
2.  **Research new careers**: Explore different careers and industries that align with your interests and values.
3.  **Network and seek advice**: Talk to people in your desired field or industry to gain insights and advice.
4.  **Consider taking courses or getting certified**: Invest in yourself by acquiring new skills or knowledge that will help you transition to a new career.
5.  **Create a plan**: Develop a roadmap for switching careers, including a timeline, resources needed, and potential obstacles.

**Remember:**

1.  **Change can be scary, but it can also be transformative**.
2.  **It's never too late to make a change**.
3.  **Explore your options and take small steps towards a new career path**.

You're not tied to your current career path forever. Take your time to explore, reflect, and plan for your next steps.",5.597547337867947,7.29990353346153e-12,99.99954170385263,2.7987736689376232
I'm having second thoughts about my career choice. How do I know if I should change paths?,"Considering a career change can be a daunting but also exciting experience. Here are some signs that may indicate it's time to reassess your current career path:

1.  **You feel unfulfilled or unhappy**: If you consistently feel dissatisfied with your job, lack motivation, or feel like you're not living up to your potential, it might be time to explore other options.
2.  **You're not using your skills or talents**: If you're not utilizing your strengths or skills in your current role, you might feel like you're not contributing to your maximum potential.
3.  **You feel stuck in a rut**: If you're not learning or growing, or if you feel like you're just going through the motions, it might be time to consider a change.
4.  **You're unhappy with the work-life balance**: If your job is consistently interfering with your personal life or causing you excessive stress, it might be time to explore other options.
5.  **You want to pursue a passion or interest**: If you have a new career goal or passion, but you're not sure how to incorporate it into your current career, it might be time to start exploring other options.

Consider the following steps to help you decide whether to change careers:

1.  **Reflect on your values and goals**: What does success mean to you? What are your top values and goals? What kind of work environment and culture align with these values and goals?
2.  **Explore new career options**: Research careers that align with your values, skills, and interests. You can use online resources, job descriptions, and career counseling to learn more about different careers.
3.  **Network and seek advice**: Talk to people in your current network and others who work in industries or roles you're interested in. Seek advice from mentors, career counselors, or peers.
4.  **Assess your transferable skills**: Make a list of your transferable skills, such as communication, problem-solving, or leadership. Consider how these skills can be applied to other careers.
5.  **Update your resume and online profiles**: Make sure your resume, LinkedIn profile, and other online presence are current and showcase your skills and experience.

Some strategies to help you decide if you should stay or leave:

1.  **Identify potential risks and benefits**: Make a list of the potential risks and benefits of changing careers. Weigh these pros and cons carefully.
2.  **Take a career assessment**: Consider taking a career assessment or personality test to help you identify potential career paths.
3.  **Consider a career sabbatical**: If you're unsure about making a long-term commitment to a new career, consider taking a sabbatical or a break from your current job to explore other options before making a change.
4.  **Seek support**: Talk to friends, family, or a career coach about your decision.

Ultimately, deciding whether to change careers is a personal decision",9.687213324378753,9.356974878997067e-11,94.99400659267354,4.843606662236161
I'm having second thoughts about my career choice. How do I know if I should change paths?,"It's completely normal to question your career choice, and it's great that you're taking the time to reflect on your thoughts and feelings. Here are some signs that may indicate it's time for a career change:

1.  **Unhappiness or stress:** If you're consistently feeling stressed, unhappy, or unfulfilled in your current job, it may be a sign that it's time to explore other options.
2.  **Lack of challenge:** If you're not being challenged or engaged in your work, you may feel bored, stagnant, or unproductive.
3.  **Mismatched values:** If your personal values and goals no longer align with your current career, it may be time to look for a new path that better aligns with your values and goals.
4.  **Limited growth opportunities:** If you feel like you've plateaued and there are no opportunities for growth or advancement in your current career, it may be time to explore other options.
5.  **Physical or mental health concerns:** If your job is affecting your physical or mental health, it's time to reassess your career choice.

To determine if you should change paths, consider the following steps:

1.  **Reflect on your strengths and passions:** What are your strengths and passions? What activities make you feel most engaged and fulfilled?
2.  **Explore new opportunities:** Research different careers and industries that align with your strengths, passions, and values.
3.  **Network and seek advice:** Talk to people in your desired field and ask for their advice and insights. Attend industry events and conferences to learn more.
4.  **Test the waters:** Try out new opportunities, such as freelancing, volunteering, or taking on a side hustle, to test the waters and gain experience.
5.  **Consider career assessments:** Utilize career assessments and tools, such as career tests and personality evaluations, to gain a better understanding of your strengths and interests.

Here are some questions to ask yourself:

*   What are your short-term and long-term career goals?
*   What are your values, and do they align with your current career?
*   What are your strengths, and are they being utilized in your current career?
*   What are your concerns about changing careers?
*   What are your non-negotiables in a career, and does your current career meet those needs?

If you're unsure, consider seeking the help of a career coach, counselor, or mentor who can provide guidance and support as you explore your options.",0.057961354431615805,1.1504345024788378e-13,99.99855266796551,0.028980677215865426
I'm having second thoughts about my career choice. How do I know if I should change paths?,"Feeling uncertain about your career choice is normal and understandable. It's great that you're taking the time to reflect on your situation. Here are some signs that may indicate you should consider changing paths:

1.  **You're consistently unhappy or unfulfilled**: If you find yourself feeling miserable, stressed, or unfulfilled in your job, it may be a sign that it's not the right career for you.
2.  **Your skills aren't being utilized**: If you feel like your skills and abilities are being underutilized or not challenged in your current role, it may be time to explore other options.
3.  **You're feeling bored or stagnant**: If you're not feeling motivated or engaged in your work, it can be a sign that you need a change.
4.  **Your passions and values don't align**: If your job isn't aligning with your values, passions, or long-term goals, it's worth exploring other options.
5.  **You're not growing or developing**: If you're not learning new skills or advancing in your career, it may be time to consider a new path.

On the other hand, here are some signs that may indicate it's not time to change paths:

1.  **You've just started your career**: If you're early in your career, it's common to feel uncertain or overwhelmed. Give yourself time to learn and grow.
2.  **You're going through a transition**: Life changes, such as a move, divorce, or health issues, can affect your job satisfaction. Give yourself time to adjust and settle.
3.  **You're in a role that's transitional**: If you're in a job that's intended to be a stepping stone to a more senior role, it's normal to feel frustrated or underutilized.

**Steps to take if you decide to change paths:**

1.  **Reflect on your values, passions, and strengths**: Think about what you enjoy doing, what you're good at, and what matters most to you in a career.
2.  **Explore new career options**: Research industries, roles, and companies that align with your values, passions, and strengths.
3.  **Network and seek advice**: Talk to people in your desired field, attend industry events, and seek guidance from mentors or career coaches.
4.  **Update your skills and education**: Invest in yourself by learning new skills or pursuing further education to enhance your qualifications.
5.  **Test the waters**: Consider taking a side hustle, freelancing, or volunteering to gain experience in your desired field.

It's essential to be patient and take your time in making a decision. Career exploration is a personal and ongoing process.",1.6263370851533636,2.0147565123513758e-10,99.99946868075122,0.8131685426774197
I'm having second thoughts about my career choice. How do I know if I should change paths?,"Considering a career change can be a challenging but potentially exciting decision. Here are some signs that might indicate you should consider switching paths:

1.  **Lack of motivation and satisfaction**: If you're consistently feeling unfulfilled, disinterested, or drained from your job, it may be a sign that you're in the wrong career.
2.  **Disconnection from your values**: If your job no longer aligns with your core values, priorities, or long-term goals, it might be time to reassess your career path.
3.  **Stagnation and boredom**: If you're not learning or growing professionally, or if your work has become routine and unchallenging, it may be a sign that it's time to explore new opportunities.
4.  **Mental or physical health implications**: If your job is negatively impacting your mental or physical health, it's time to consider a change.
5.  **Skills aren't being utilized**: If you're not using your skills or talents effectively, you may feel unfulfilled and unchallenged.
6.  **New opportunities and interests**: If you've developed new passions or interests outside of your current job, it might be a sign that you're meant to pursue them.
7.  **Burnout**: Prolonged periods of stress, anxiety, or exhaustion can signal that you're experiencing burnout, which may be a result of being in the wrong career.

On the other hand, consider the following reasons why you might not need to change your career path:

1.  **Setbacks and challenges are normal**: Every job has its ups and downs, and it's normal to encounter difficulties. Give yourself time to work through challenges and find solutions.
2.  **You're in a growth phase**: You might be in a phase of learning and growth, and career satisfaction can ebb and flow over time.
3.  **External factors are affecting your job**: Circumstances outside of your control, such as a toxic work environment or a difficult boss, might be contributing to your dissatisfaction.
4.  **You're not making the most of your tools**: Focus on discovering ways to apply your skills and talents more effectively in your current role.

Before making a decision, consider the following steps:

1.  **Reflect on your values and goals**: Define what matters most to you in a career, such as work-life balance, creativity, or financial stability.
2.  **Identify your strengths**: Understand your skills, talents, and personal qualities that you can apply to different careers.
3.  **Explore new options**: Research careers that align with your values, skills, and interests. Network with professionals in your desired field to learn more about their experiences.
4.  **Seek advice and support**: Talk to mentors, friends, family, or a career coach to help you navigate your career decisions.
5.  **Take calculated risks**: Remember that changing careers can be",10.289315763688723,2.232105326351707e-13,92.11586289364656,5.1446578818444735
My teenager isn't talking to me anymore. How can I reconnect with them?,"Reconnecting with a teenager who is not talking to you can be challenging, but it's not impossible. Here are some steps you can take to bridge the gap:

1.  **Give them space**: Respect their boundaries and give them time to process their emotions. Avoid pushing them to talk or initiating conversations when they're not ready.
2.  **Identify the reason**: Reflect on your relationship and try to understand what might have led to the communication breakdown. Was there a specific incident or a gradual drift? Identifying the cause can help you address the issue.
3.  **Apologize sincerely**: If you feel you've made a mistake, own up to it and apologize genuinely. This can help clear the air and create a stepping stone for healing.
4.  **Show interest in their life**: Engage in their interests and listen to their passions, even if you don't fully understand or agree with them. This can help build a connection and make them feel heard.
5.  **Communicate your feelings and concerns**: Express your feelings and concerns in a non-judgmental and empathetic manner. Make sure to listen actively and validate their emotions.
6.  **Set boundaries and expectations**: Establish clear expectations for communication, respect each other's space, and set boundaries that are comfortable for both of you.
7.  **Seek professional help**: If the issue persists or is severe, consider seeking the help of a family therapist or counselor. A neutral third party can facilitate open communication and provide guidance on how to resolve conflicts effectively.
8.  **Small, low-pressure interactions**: Start with small, casual interactions, like sharing a meal, watching a movie, or going for a walk together. Gradually increase the depth of conversation over time.
9.  **Avoid being the expert or authority figure**: Approach the conversation as an equal, rather than trying to offer solutions or advice. This can help your teenager feel more comfortable opening up and sharing their thoughts and feelings.
10. **Be patient and consistent**: Rebuilding a relationship takes time, effort, and patience. Stick to a consistent and empathetic approach, and focus on making small, meaningful connections rather than trying to resolve everything at once.

Some questions to ask yourself:

*   What are the specific issues that led to the communication breakdown?
*   What are my teenager's needs and feelings in this situation?
*   How can I show my interest and support without being intrusive or judgmental?
*   What are the potential consequences of not addressing the issue?
*   How can I balance my own emotional needs and feelings with the needs of my teenager?

Rebuilding a relationship with your teenager requires ongoing effort, empathy, and understanding. By following these steps and being patient, you can create a foundation for healing and strengthen your bond over time.",0.008903782400625764,1.1256645217746148e-12,99.99829872763667,0.004451891200875714
My teenager isn't talking to me anymore. How can I reconnect with them?,"Reconnecting with a teenager who is distancing themselves from you can be challenging, but it's not impossible. Here are some steps you can take to help repair your relationship:

1.  **Give them space**: Respect their boundaries and give them the space they need. Avoid pushing them to talk or forcing a conversation if they're not ready. This can exacerbate the situation.

2.  **Reflect on your actions**: Think about what might have led to this change in behavior. Try to identify areas where you may have unintentionally contributed to the issue and be willing to make amends.

3.  **Communicate openly and honestly**: When your child is ready to talk, be present, and listen actively. Avoid being defensive or dismissive, and validate their feelings even if you don't agree with their perspective.

4.  **Find common ground**: Engage in activities or hobbies that you both enjoy. This can help rebuild a positive connection and create moments where you can bond and talk.

5.  **Show interest in their life**: Take a genuine interest in what your child is going through. Ask open-ended questions and actively listen to their responses.

6.  **Apologize sincerely**: If you've hurt or neglected your child in any way, offer a genuine apology. Make amends and be specific about what you'll do differently in the future.

7.  **Avoid lectures and criticism**: Teenagers often test boundaries and try to assert their independence. While setting boundaries is essential, do it in a constructive manner and try to steer clear of lectures or criticism, as this can make them defensive.

8.  **Be consistent and patient**: Rebuilding trust and reconnecting takes time. Be consistent in following through with your promises, and patiently work towards creating a positive atmosphere.

9.  **Seek professional help if necessary**: If the issue persists and you're finding it challenging to reconnect, consider seeking the help of a family therapist or counselor who can guide you both through this process.",0.0021008916355798697,1.1899671201890919e-12,99.9998316353666,0.0010504458183849183
My teenager isn't talking to me anymore. How can I reconnect with them?,"Reconnection with a teenager can be challenging, but it's not impossible. Here are some tips to help you rebuild your relationship:

1.  **Recognize their feelings and boundaries**: Your teenager might be going through a tough time, and they might need space. Respect their boundaries and give them the time and space they need.
2.  **Communicate positively**: When you do talk, make sure to communicate in a positive and calm manner. Try to avoid being confrontational or accusatory, as this can escalate the situation.
3.  **Show interest in their life**: Reach out to your teenager and show genuine interest in their life, interests, and passions. Ask open-ended questions and listen actively to their responses.
4.  **Choose the right time and place**: Try to initiate conversations when your teenager is in a good mood and has had a chance to relax. Avoid bringing up sensitive or contentious topics during busy or stressful times.
5.  **Avoid comparisons**: Refrain from comparing your teenager's achievements or decisions to those of their peers. This can lead to feelings of inadequacy and low self-esteem.
6.  **Be patient and consistent**: Reconnection takes time, effort, and patience. Regularly show up and follow through on your commitments to rebuild trust and strengthen your bond.
7.  **Find common ground**: Engage in activities or hobbies that you both enjoy, such as watching a movie, playing a game, or cooking together. This can help you bond and create positive memories.
8.  **Apologize if necessary**: If you've made a mistake or hurt your teenager in the past, consider apologizing sincerely. This can help clear the air and create a more positive atmosphere.
9.  **Seek professional help**: If your teenager is struggling with mental health issues, such as depression, anxiety, or trauma, consider seeking professional help from a therapist or counselor.

Some popular reconnecting strategies include:

*   **Have a ""no-tech"" day**: Spend a day together without electronic devices, engaging in activities like board games, outdoor games, or creative pursuits.
*   **Schedule regular check-ins**: Set a regular time and day to talk and catch up with your teenager.
*   **Plan a fun activity together**: Plan a fun outing or activity that you both enjoy, such as going to a concert, trying a new restaurant, or visiting a museum.
*   **Write a letter or card**: Write a heartfelt letter or card expressing your feelings and gratitude for your relationship.
*   **Make time for shared activities**: Engage in activities that bring you both together, such as cooking, yoga, or sports.

Reconnecting with your teenager takes time, effort, and patience, but it's worth the investment. By showing empathy, understanding, and a genuine interest in their life, you can build a stronger, more loving relationship.",0.0010124202516605624,9.619042224859082e-12,99.99742638092191,0.0005062101306398024
My teenager isn't talking to me anymore. How can I reconnect with them?,"Reconnecting with a teenager who has withdrawn can be challenging, but it's not impossible. Here are some steps you can take to help rebuild your relationship:

1.  **Respect their boundaries**: Give your teenager space if that's what they're asking for. Respect their need for time and distance. Don't take it personally, and avoid taking their withdrawal as a personal rejection.
2.  **Communicate openly**: When they're ready to talk, listen to their perspective without being judgmental. Let them know you're there for them and willing to listen without interrupting or offering unsolicited advice.
3.  **Show interest in their life**: Take an genuine interest in their hobbies, friends, and interests. Ask open-ended questions that encourage them to share more about their life.
4.  **Avoid criticism and blame**: Focus on understanding their feelings and perspective, rather than blaming or criticizing their behavior. This can create a negative atmosphere and make them less likely to open up.
5.  **Use positive body language**: Non-verbal communication can be just as powerful as verbal communication. Make eye contact, smile, and show genuine enthusiasm when interacting with your teenager.
6.  **Spend quality time together**: Engage in activities your teenager enjoys, like watching a movie, playing sports, or cooking together. This can help create positive memories and memories.
7.  **Re-establish routines and expectations**: Create a sense of structure and routine by setting clear expectations and boundaries.
8.  **Seek professional help**: If you're struggling to reconnect or if your teenager is experiencing significant distress, consider seeking help from a therapist or counselor who specializes in working with teenagers and family relationships.
9.  **Be patient**: Reconnecting with a teenager can take time, so be patient and don't expect things to improve overnight.
10. **Forgive and let go of resentments**: If you have resentment or anger towards your teenager, try to forgive and let it go. Holding onto negative emotions can create a toxic atmosphere and make it harder to reconnect.

Reconnecting with your teenager requires empathy, patience, and a willingness to listen and understand their perspective. By following these steps, you can help rebuild your relationship and create a stronger bond.

To reconnect with your teenager, consider the following dialogue starters:

*   ""Hey, I miss catching up with you. Can we find some time to talk soon?""
*   ""I notice you're really interested in [topic]. Tell me more about it.""
*   ""I appreciate you for who you are and the person you're becoming. I'm here for you.""
*   ""Is there something on your mind that you want to talk about? I'm here to listen.""
*   ""What are some things you like to do in your free time? I'd like to join you sometime.""

**Additional resources:**

*   National Alliance on Mental Illness (NAMI) Helpline: 1-800-950-",0.0001818329975285048,5.8148153739845844e-11,94.8297060111511,9.091652783832927e-05
My teenager isn't talking to me anymore. How can I reconnect with them?,"It's not uncommon for teenagers to pull away from their parents, but reconnecting is definitely possible with effort and understanding from both sides. Here are some steps you can take to reconnect with your teenager:

1.  **Give them space**: Respect their boundaries and allow them time and space to process their feelings. This doesn't mean abandoning them, but rather respecting their need for independence.
2.  **Communicate openly**: When you both are ready, have an open and honest conversation about what's going on. Try to listen more than you talk, and avoid being judgmental or critical. Let your teenager express themselves freely and without interruption.
3.  **Validate their feelings**: Acknowledge and accept their emotions, even if you don't agree with their perspective. Show empathy and understanding, and remind them that their feelings are valid.
4.  **Find common ground**: Try to identify activities or interests you can both enjoy together. This can help you reconnect and create positive memories.
5.  **Respect their opinions and values**: Engage in discussions where you can learn from each other's perspectives. This will show your teenager that you value and respect their opinions.
6.  **Be consistent and reliable**: Establish a consistent routine and show your teenager that you're there for them consistently. This can help rebuild trust and create a sense of security.
7.  **Apologize if needed**: If you've made a mistake or contributed to the rift, consider apologizing and taking responsibility for your actions. This can help clear the air and create a fresh start.
8.  **Show interest in their life**: Ask your teenager about their daily life, interests, and goals. This can help you better understand what's going on and show that you care about their well-being.
9.  **Be patient**: Reconnecting with your teenager won't happen overnight. It may take time, effort, and patience from both sides.
10. **Seek professional help if needed**: If the disconnect is severe or persistent, consider seeking the help of a therapist or counselor who can provide guidance and support for both you and your teenager.

Some specific conversation starters to reconnect with your teenager might be:

*   What's been going on in your life lately?
*  How are you feeling about our relationship?
* What do you think would bring us closer together?
* I value our relationship, and I'm willing to work on rebuilding it. Are you open to that?

Be genuine, empathetic, and open-minded, and remember that reconnecting with your teenager takes time and effort from both parties.",1.2798956410493172e-07,6.373519334856073e-14,99.99988667263867,6.399481392006253e-08
I'm struggling to find motivation to get through each day. Any advice?,"Losing motivation can be a challenging and tough experience. Here are some advice to help you get through each day:

1.  **Set small, achievable goals**: Break down larger tasks into smaller, manageable tasks that you can complete each day. Celebrate your successes, no matter how small they may seem. This will help build momentum and confidence.
2.  **Establish a routine**: Develop a daily routine that includes time for work, rest, and relaxation. Staying consistent can help you feel more grounded and in control.
3.  **Take care of your physical health**: Regular exercise, healthy eating, and sufficient sleep can improve mood and energy levels. Find an activity that you enjoy and make it a part of your daily routine.
4.  **Connect with others**: Build relationships with friends and family, or join a club or group that aligns with your interests. Social connections can help combat feelings of isolation and loneliness.
5.  **Practice self-compassion**: Be kind to yourself, and forgive yourself for your struggles. Acknowledge that it's normal to feel unmotivated, and remind yourself that you're doing the best you can.
6.  **Find activities that bring you joy**: Make time for hobbies, creative pursuits, or other activities that bring you happiness and fulfillment. This can help you find meaning and purpose in your daily life.
7.  **Seek professional help**: If you're struggling to manage your motivation, consider talking to a mental health professional. They can offer guidance, support, and resources to help you cope with underlying issues.
8.  **Reward yourself**: Set small rewards for yourself for completing tasks or reaching milestones. This can be a fun way to stay motivated and celebrate your progress.
9.  **Practice mindfulness**: Focus on the present moment, and take things one step at a time. Be mindful of your thoughts, emotions, and physical sensations, and try to stay grounded in the present.
10. **Ask for help if you need it**: Many people struggle with motivation, and it's okay to ask for help. Don't be afraid to reach out to friends, family, or a professional for support.

Remember, it's okay to struggle with motivation, and it's not a reflection of your worth or abilities. You're doing the best you can, and that's something to be proud of.

If you're experiencing persistent feelings of motivation, it could be a sign of a deeper issue.  Consider reaching out to a mental health professional for support.

If you're currently feeling overwhelmed, there are resources available to help. The crisis text line is 988. For other helplines visit here <https://988lifeline.org/in-depth-resources/crisis-line-directory/>",0.2994536695148456,3.0317709014794402e-12,94.90028336297,0.1497268347589387
I'm struggling to find motivation to get through each day. Any advice?,"Trying to stay motivated can be a challenging and ongoing process. Here are some strategies that might help:

1.  **Set achievable goals**: Break down large goals into smaller, manageable tasks that you can complete one by one. Celebrate your successes along the way, no matter how small they may seem.
2.  **Find your why**: Reconnect with your values, passions, and interests. Understanding what drives you and what you care deeply about can give you a sense of purpose and motivation.
3.  **Create a routine**: Establish a daily routine that includes time for work, rest, and play. A predictable daily structure can help you feel more grounded and in control.
4.  **Prioritize self-care**: Take care of your physical, emotional, and mental health by getting enough sleep, exercising regularly, and engaging in activities that bring you joy and relaxation.
5.  **Seek support**: Surround yourself with people who are supportive and encouraging. Share your struggles and goals with a trusted friend or family member and ask for their help and guidance.
6.  **Practice mindfulness**: Mindfulness techniques, such as meditation and deep breathing, can help you stay present and focused on the current moment.
7.  **Reward yourself**: Treat yourself to something you enjoy after reaching a milestone or completing a challenging task.
8.  **Get moving**: Engage in physical activities that you enjoy, such as walking, running, or dancing. Exercise can boost your mood and energy levels.
9.  **Review and adjust**: Regularly review your progress and adjust your approach as needed. Be kind to yourself and acknowledge that it's okay to make mistakes.
10. **Seek professional help**: If you're struggling with persistent feelings of motivation and depression, consider reaching out to a mental health professional for support.

Remember that motivation is a muscle that can be developed over time with practice and patience. Be gentle with yourself, and don't give up.

Additionally, you might want to consider the following:

*   **The 2-minute rule**: If a task can be done in less than 2 minutes, do it immediately. This can help you build momentum and get started on bigger tasks.
*   **The Pomodoro Technique**: Work in focused, 25-minute increments, followed by a 5-minute break. This can help you stay focused and avoid burnout.
*   **The power of ""yes""**: Say ""yes"" to activities and opportunities that excite and motivate you, and ""no"" to those that drain your energy.

I hope these suggestions help you find more motivation and inspiration to tackle your days.",4.458896191397819,3.322152318642215e-11,99.9937724312239,2.22944809571552
I'm struggling to find motivation to get through each day. Any advice?,"Losing motivation can be a challenging and frustrating experience. Here are some tips that might help you regain your motivation and improve your daily routine:

1.  **Identify the source of your lack of motivation**: Reflect on the possible reasons behind your decreased motivation. Is it a lack of purpose, stress, poor sleep, or something else? Understanding the root cause will help you address the issue more effectively.

2.  **Set SMART goals**: Break down your long-term goals into smaller, specific, achievable, relevant, and time-bound (SMART) goals. This will make it easier to tackle tasks and see progress, giving you a sense of accomplishment and motivation.

3.  **Create a routine**: Establish a daily routine that includes time for work, leisure, and self-care. A structured routine can provide a sense of stability and responsibility, helping you stay motivated.

4.  **Prioritize self-care**: Taking care of your physical and mental health is essential for maintaining motivation. Get enough sleep, exercise regularly, and engage in activities that bring you joy and relaxation.

5.  **Track your progress**: Keep a journal or use a habit-tracking app to monitor your progress. Seeing your accomplishments can boost your motivation and encourage you to continue.

6.  **Find your why**: Connect with your purpose and remind yourself why you started working towards your goals in the first place. Reflecting on your why can reignite your passion and motivation.

7.  **Get accountability**: Share your goals and progress with a friend or family member and ask them to hold you accountable. This can provide an added motivation to stay on track.

8.  **Reward yourself**: Set small rewards for achieving milestones or completing tasks. Celebrating your successes can reinforce positive behaviors and motivate you to continue.

9.  **Seek help if needed**: If you're struggling with persistent low motivation, consider seeking help from a mental health professional. They can provide guidance and support to help you overcome your challenges.

10. **Practice self-compassion**: Be kind to yourself and acknowledge that it's okay to have off days. Don't be too hard on yourself if you don't meet your expectations, and instead, focus on learning from your mistakes.

Remember, motivation is a muscle that can be strengthened with practice and patience. Be gentle with yourself, and don't give up. Celebrate small victories, and use them as stepping stones to build momentum and regain your motivation.",2.5887465617000687e-08,5.207399292312028e-11,99.99998406504015,1.2969769804961903e-08
I'm struggling to find motivation to get through each day. Any advice?,"Losing motivation can be a challenging and frustrating experience. Here are some suggestions that might help you regain your motivation and find the energy to tackle each day:

1.  **Identify your reasons**: Reflect on why you want to achieve your goals or complete a task. What's driving you? What will you gain or achieve by doing it? Connecting with your 'why' can help you find motivation.

2.  **Break tasks into smaller steps**: Large tasks can be overwhelming and might lead to procrastination. Break them down into smaller, manageable steps. This will make it easier to start and help you see progress, which can be a great motivator.

3.  **Set achievable goals**: Setting unrealistic goals can lead to disappointment and demotivation. Set specific, achievable, and measurable goals that align with your capabilities and resources.

4.  **Track your progress**: Keep a journal, spreadsheet, or use an app to track your progress. Seeing your accomplishments can be a great motivator.

5.  **Create a routine**: Routine helps create structure, making it easier to stay on track and build habits.

6.  **Reward yourself**: Set small rewards for reaching milestones or completing tasks. This can be a great motivator.

7.  **Get support**: Share your goals and struggles with a trusted friend or family member. Having someone to hold you accountable and share successes with can make a big difference.

8.  **Get enough sleep and exercise**: A healthy body and mind are essential for maintaining motivation. Regular exercise and quality sleep can boost your energy levels and focus.

9.  **Practice self-care**: Taking care of yourself is crucial for well-being and motivation. Make time for activities that bring you joy, practice mindfulness, or engage in meditation.

10. **Adjust your mindset**: Focus on the process, not the outcome. Enjoy the journey and learn from the experience. This shift in perspective can help you stay motivated even when faced with setbacks.

11.  **Find activities that spark joy**: Engage in activities that genuinely interest you. This can help you stay motivated by making the task seem more engaging and enjoyable.

12.  **Seek professional help if needed**: If you're consistently struggling with motivation and it's affecting your daily life, it might be a good idea to consult a mental health professional. They can provide personalized guidance and support to help you overcome your challenges.

Recovering from a lack of motivation takes time and patience. Be gentle with yourself, and remember that it's okay to take things one step at a time.",2.347802460956714,1.0703446004980772e-09,99.99991768283569,1.1739012310135293
I'm struggling to find motivation to get through each day. Any advice?,"I'm so sorry to hear that you're struggling to find motivation. It's a common phenomenon, and there are many strategies that can help. Here are some advice that might help you get started:

1.  **Set small, achievable goals**: Break down large tasks into smaller, manageable chunks. This will make it feel less overwhelming and give you a sense of accomplishment as you complete each task.
2.  **Create a routine**: Establish a daily routine, including set times for work, exercise, relaxation, and leisure activities. This consistency will help you stay on track and develop healthy habits.
3.  **Get moving**: Regular exercise releases endorphins, which are natural mood-boosters. Find an activity you enjoy, whether it's walking, running, yoga, or dancing, and make it a regular part of your routine.
4.  **Prioritize self-care**: Take care of your physical and emotional needs. Ensure you get enough sleep, eat a balanced diet, and practice stress-reducing activities like meditation or deep breathing exercises.
5.  **Connect with others**: Social support is essential for motivation. Reach out to friends, family, or a therapist to talk through your feelings and share your struggles.
6.  **Find your why**: Identify the reasons behind your lack of motivation. Is it fear, doubt, or uncertainty? Once you understand the root cause, you can start working on addressing it.
7.  **Celebrate small wins**: Acknowledge and celebrate each small accomplishment, no matter how insignificant it may seem. This will help you build momentum and confidence.
8.  **Seek help if needed**: If you're struggling to find motivation and it's impacting your daily life, consider seeking professional help from a therapist or counselor.
9.  **Practice self-compassion**: Be kind to yourself, and remember that it's okay to have off days. Don't be too hard on yourself when you make mistakes or don't meet your expectations.
10. **Take breaks and allow yourself time to rest**: Feeling burnt out and demotivated can be a sign that you need a break. Prioritize your well-being and take time to recharge.

Remember, motivation is a muscle that can be developed over time with practice and patience. Experiment with different strategies until you find what works best for you.

Which of these suggestions resonates with you the most, or is there a specific area you'd like to focus on?",1.5225846741349057e-09,1.7244335625147592e-12,99.99999143128814,7.621545538487103e-10
I just moved to a country where I don't speak the language. How do I cope with the isolation?,"Coping with isolation in a foreign country where you don't speak the language can be a challenging experience, but there are several strategies that may help:

1.  **Learn the local language**: Start by learning the basics of the language, even if it's just a few phrases and words. This will help you communicate with the locals, read signs and menus, and feel more confident.
2.  **Use translation tools**: Download a translation app on your phone, such as Google Translate, or carry a phrasebook to help you understand and communicate.
3.  **Find a language exchange partner**: Look for language exchange websites or apps that connect you with a native speaker who wants to practice their English, and you can practice their language in return.
4.  **Connect with fellow expats**: Join local expat groups or join online forums to connect with others who are in a similar situation. This can help you feel less isolated and provide a support network.
5.  **Get involved in your community**: Try to participate in local events, join a sports team or club, or volunteer for a cause you're passionate about. This can help you meet new people and feel more connected.
6.  **Take online language classes**: Consider taking online language classes to improve your language skills and stay engaged with native speakers.
7.  **Explore your new city**: Take time to explore your new city, visit local landmarks, and try new foods. This can help you feel more at home and give you opportunities to meet locals.
8.  **Practice mindfulness and self-care**: Isolation can be challenging, so prioritize self-care by taking time for meditation, exercise, and activities that bring you joy.
9.  **Seek help from your employer or embassy**: If you're struggling with language barriers, reach out to your employer for support or contact your embassy for assistance with language resources and cultural integration.
10. **Be patient and give it time**: Adjusting to a new environment takes time, and language learning is a process. Be patient with yourself and remember that it's okay to make mistakes.

Some organizations that offer support for language learners include:

*   Duolingo: A free language-learning app that offers bite-sized lessons and interactive exercises.
*   Rosetta Stone: A paid language-learning software that uses interactive lessons and speech recognition technology.
*   Language exchange websites like italki and Conversation Exchange: Connect with native speakers for language practice and exchange.
*   Local language schools and community colleges: Offer classes and language instruction.
*   Expats organizations: Many cities have expat groups that offer language exchange, cultural events, and social activities.

If you're struggling with isolation, consider reaching out to a mental health professional or a counselor for support. They can provide guidance and help you develop coping strategies to manage your emotions and adjust to your new environment.",0.6031402005112906,3.3378854418495484e-11,99.96871780896561,0.3015701002723347
I just moved to a country where I don't speak the language. How do I cope with the isolation?,"Moving to a new country where you don't speak the language can be a challenging and isolating experience. However, there are several strategies to help you cope with the isolation:

1.  **Language learning:**  Start learning the local language as soon as possible. Enroll in a language class, use language learning apps like Duolingo, or watch TV shows and movies with English subtitles. Learn the most commonly used phrases and vocabulary, such as greeting people, asking for directions, and ordering food.
2.  **Meet new people:** Join social clubs or groups that align with your interests. This could be a sports team, a book club, or a language exchange group. Meeting new people with similar interests can help you make connections and feel less isolated.
3.  **Cultural immersion:** Try to surround yourself with the new culture by watching local TV shows, trying new foods, and visiting local events. This can help you feel more connected to the community.
4.  **Stay connected with family and friends:** Regularly video call or message people from your home country to stay connected and share your experiences.
5.  **Find a language exchange partner:** Connect with a local who can help you practice your language skills in exchange for teaching them your native language.
6.  **Local support networks:** Seek out local support groups or expat communities. These groups can provide a sense of belonging and connection with others who have gone through similar experiences.
7.  **Be patient and kind to yourself:** It's normal to feel overwhelmed and isolated. Be kind to yourself, and remember that it's a process to adjust to a new environment and language.
8.  **Volunteer:** Helping others in your new community through volunteering can provide a sense of purpose and help you meet new people.
9.  **Find a social media community:** Join Facebook groups or online forums for expats in your area to connect with others who are going through similar experiences.
10. **Seek professional help:** If you're experiencing severe isolation or anxiety, consider seeking help from a mental health professional.

You are not alone, and it may take time to adjust to your new environment. With persistence, patience, and practice, you can build a new life and connections in your new country.",0.06081170362992652,1.722412363649958e-10,99.99982274996083,0.03040585190108388
I just moved to a country where I don't speak the language. How do I cope with the isolation?,"Moving to a foreign country where you don't speak the language can be a challenging experience, especially when it comes to social isolation. Here are some tips to help you cope with loneliness and build a social network:

1.  **Language Learning**: Enroll in a local language course or use online resources to learn the local language. This will not only help you communicate with locals but also improve your confidence and open up opportunities for social interaction.
2.  **Join Local Groups and Clubs**: Look for expat groups, cultural associations, or clubs that cater to people with similar interests. This is an excellent way to meet new people and make friends.
3.  **Social Media and Online Forums**: Join online communities and social media groups for expats, locals, and people from similar backgrounds. You can connect with others, ask questions, and find answers about your new location.
4.  **Volunteer**: Volunteering is a great way to meet like-minded people while doing something meaningful for the community. Research local charities, animal shelters, or environmental organizations that need help.
5.  **Host or Attend Local Events**: Attend local events, such as festivals, concerts, or street fairs. This will give you an opportunity to meet people and experience the local culture.
6.  **Food and Drink**: Try local cuisine and visit cafes, restaurants, or food markets. This can be a great way to meet people who share similar interests and make friends over food.
7.  **Cultural Exchange Programs**: Look into cultural exchange programs, language exchange, or homestay programs. These can provide you with a chance to immerse yourself in the local culture and make friends.
8.  **Take Care of Yourself**: Don't forget to prioritize your mental and physical health. Exercise regularly, meditate, or join a gym to stay active and connected with others.
9.  **Seek Out Expat Support**: Connect with other expats who have gone through similar experiences. They can offer valuable advice and support as you settle into your new life.
10. **Be Patient**: Building a social network takes time, so be patient and don't get discouraged if it doesn't happen immediately. Focus on learning the language, adapting to your new environment, and building relationships gradually.

Additionally, consider the following:

*   **Join online language exchange platforms** like italki, Conversation Exchange, or HelloTalk to practice speaking with native speakers.
*   **Use translation apps** like Google Translate or iTranslate to communicate with locals.
*   **Make an effort to learn local customs and traditions**, which can help you feel more connected to the culture and build relationships with the people around you.

Remember that building a social network takes time, and it's okay to start small. Focus on small, incremental steps, and be open to new experiences and connections.",10.53286890879048,1.9185509248700268e-11,99.97766252429066,5.266434454404832
I just moved to a country where I don't speak the language. How do I cope with the isolation?,"Moving to a new country where you don't speak the language can be a challenging and isolating experience. Here are some tips to help you cope with the emotional aspects of language barrier and isolation:

1.  **Learn the local language**: Take language classes, use language learning apps, or watch TV shows and movies in the local language to improve your language skills. This will help you connect with the community and navigate everyday situations more easily.

2.  **Join a language exchange program**: Find a language partner or exchange program where you can practice speaking with a native speaker. This can be a great way to improve your language skills and make new friends.

3.  **Connect with other expats**: Look for online communities, social media groups, or local expat organizations to connect with others in similar situations. You can share your experiences, ask for advice, and participate in activities together.

4.  **Volunteer**: Volunteering is a great way to meet new people and build connections, even if you don't speak the language fluently. Look for opportunities at local charities, animal shelters, or community events.

5.  **Explore your new community**: Get to know the local culture, customs, and history. Visit museums, attend festivals, and try new foods to immerse yourself in the local way of life.

6.  **Prioritize self-care**: Make time for activities that bring you joy, whether it's exercise, hobbies, or meditation. Taking care of your mental health is crucial during this time.

7.  **Be patient with yourself**: Learning a new language and navigating a new culture takes time. Be gentle with yourself, and remember that it's okay to make mistakes.

8.  **Seek help if you need it**: If you're feeling overwhelmed or isolated, consider reaching out to a mental health professional or a support hotline for expats. They can provide guidance and resources to help you cope.

9.  **Use technology to your advantage**: Use translation apps, like Google Translate, to communicate with locals, make online reservations, or learn new words. You can also use video calls to connect with family and friends back home.

10. **Celebrate small victories**: Celebrate your progress, no matter how small, in learning the language and navigating your new environment. This will help you stay motivated and encouraged throughout the process.

Remember, it's normal to feel isolated at first, but with time, patience, and effort, you can build a new life in your adopted country.",0.7383194740257886,3.2030624083457815e-12,99.97654618572898,0.36915973701449584
I just moved to a country where I don't speak the language. How do I cope with the isolation?,"Congratulations on your decision to move to a new country. Coping with loneliness and isolation in a foreign land can be challenging, but there are several strategies that can help. Here are some tips to help you navigate this experience:

1.  **Learn the local language**: Start by enrolling in language classes or using language learning apps like Duolingo, Rosetta Stone, or Babbel. Learning the local language will not only help you communicate with the people around you but also open up opportunities to connect with the culture and community.
2.  **Find a community of fellow expats**: Join online forums, social media groups, or expat organizations to connect with people who have gone through similar experiences. This can help you find friends, mentorship, and support.
3.  **Get involved in local activities**: Explore your new surroundings, visit local markets, try new foods, and participate in cultural events. This will help you discover new things and make connections with people who share similar interests.
4.  **Volunteer**: Volunteering is a great way to meet like-minded people while giving back to your new community. You can find volunteer opportunities through local organizations, charities, or animal shelters.
5.  **Cultivate relationships with your neighbors**: Striking up a conversation with your neighbors can lead to lasting friendships and a sense of belonging. Invite them over for coffee or dinner to build connections.
6.  **Keep in touch with loved ones back home**: Regular phone calls or video chats with family and friends back home can help you feel connected to your support system and culture.
7.  **Practice self-care**: Take care of your mental and physical health by exercising regularly, getting enough sleep, and engaging in activities that bring you joy. This will help you maintain a positive outlook and build resilience.
8.  **Be patient and give yourself time**: Adjusting to a new environment takes time. Be patient with yourself, and don't expect to feel completely comfortable immediately.
9.  **Find a hobby or interest**: Engage in a new hobby or activity that you've always wanted to try. This can help you meet like-minded people and build connections.
10. **Seek professional help if needed**: If feelings of loneliness and isolation persist, consider seeking help from a mental health professional. They can provide guidance and support to help you navigate this challenging time.

Remember, adapting to a new environment takes time, but with the right attitude and resources, you can build a fulfilling life in your new home.",9.253765442228406,3.054788612895541e-11,99.99933292338565,4.626882721129477
I'm going through a divorce and feeling like a failure. How do people rebuild their lives after this?,"I'm so sorry to hear that you're going through a divorce. It's completely normal to feel like a failure, but please know that divorce is not a reflection of your worth as a person. Many people have navigated through this process and come out stronger on the other side.

Rebuilding your life after a divorce can be challenging, but it's also an opportunity for growth, healing, and self-discovery. Here are some steps you can take to rebuild your life:

1. **Allow yourself to grieve**: It's essential to process your emotions and give yourself time to grieve the loss of your marriage. Allow yourself to feel the pain, sadness, and anger, but also remember that these feelings are temporary.
2. **Prioritize self-care**: Take care of your physical, emotional, and mental health. Engage in activities that bring you joy, practice self-compassion, and seek support from loved ones, therapists, or support groups.
3. **Create a new routine**: Establish a new daily routine that works for you, including a regular exercise routine, healthy eating habits, and a sleep schedule. This will help you feel more grounded and stable.
4. **Focus on your well-being**: Rediscover your hobbies, interests, and passions. Try new things, take classes, or join a club or organization that aligns with your values and interests.
5. **Build a new support network**: Surround yourself with positive, supportive people who can provide emotional support and encouragement. This can include friends, family members, or a therapist.
6. **Set boundaries**: Learn to set healthy boundaries with your ex-partner, family, and friends. This will help you maintain your sanity and prevent emotional overwhelm.
7. **Practice self-forgiveness**: Forgiveness is a process, and it may take time. Try to let go of guilt, shame, and anger, and focus on moving forward.
8. **Find ways to express yourself creatively**: Engage in creative activities like writing, painting, drawing, or playing music to express your emotions and tap into your creativity.
9. **Take care of your finances**: Establish a budget, pay off debt, and work on building a secure financial future.
10. **Give yourself time**: Rebuilding your life after a divorce takes time. Be patient, kind, and compassionate with yourself as you navigate this process.

Additionally, consider the following:

* **Seek professional help**: A therapist can provide you with guidance, support, and a safe space to process your emotions.
* **Join a support group**: Connecting with others who have gone through a similar experience can be incredibly helpful and validating.
* **Practice mindfulness**: Mindfulness practices like meditation and deep breathing can help you stay present and focused on the present moment.
* **Focus on the positive**: Try to focus on the good things in your life, no matter how small they may seem.

Remember, you are strong, capable, and deserving of love, happiness",8.038884180384429e-10,1.889001253037214e-11,95.45819338437359,4.1138921528440753e-10
I'm going through a divorce and feeling like a failure. How do people rebuild their lives after this?,"I'm so sorry to hear that you're going through a divorce.  Please know that you're not a failure, and it's a common experience that many people go through. Rebuilding your life after a divorce requires time, effort, and patience, but it's possible and empowering. Here are some steps that can help you get started:

1.  **Allow yourself to grieve**: It's essential to acknowledge and process your emotions, whether it's sadness, anger, or guilt. Give yourself permission to feel these emotions, and don't put a timeline on when you should ""get over"" them.
2.  **Seek support**: Talk to friends, family members, or a therapist who can provide a non-judgmental and empathetic space for you to express yourself. Sharing your feelings and experiences with others can help you feel heard and understood.
3.  **Take care of your physical health**: A healthy body and mind are crucial for rebuilding your life. Engage in regular exercise, eat a balanced diet, and prioritize sleep to help manage stress and anxiety.
4.  **Create a new routine**: After a divorce, your routine is likely to change. This can be a great opportunity to rediscover your interests, try new activities, and establish a new daily schedule.
5.  **Focus on self-care**: Practice self-love and self-compassion. Make time for activities that bring you joy, such as hobbies, meditation, or spending time in nature.
6.  **Get back to work on your goals**: Reconnect with your passions and interests, and start working on goals you put on hold during the divorce. This can help you regain a sense of purpose and direction.
7.  **Explore new relationships**: Reach out to friends and family, and consider joining social clubs, groups, or volunteering opportunities to expand your social circle.
8.  **Create a new living space**: This can be a new apartment, a fresh coat of paint, or redecorating an existing space. Rearranging your environment can help you create a new sense of comfort and familiarity.
9.  **Forgive yourself and your ex**: Letting go of any guilt or shame you may be carrying can help you move forward. It's not always easy, but forgiveness is a process that can set you free.
10. **Practice self-compassion and patience**: Rebuilding your life takes time, and it's okaY if it doesn't happen overnight. Be gentle with yourself, and celebrate your small victories along the way.

Some additional resources that may help you during this time include:

- **Divorce support groups**: Joining a support group, either online or in-person, can provide a sense of community and connection with others who have gone through similar experiences.
- **Therapy**: Working with a therapist can help you navigate your feelings, develop coping strategies, and set goals for rebuilding your life.
- **Online resources**: Websites",7.844453188767492e-09,9.208892338126246e-13,94.99351619195596,3.922687039000653e-09
I'm going through a divorce and feeling like a failure. How do people rebuild their lives after this?,"I'm so sorry to hear that you're going through this difficult time. Rebuilding your life after a divorce can be challenging, but it's also an opportunity for growth and a fresh start. Here are some steps you can take to help you rebuild your life:

1.  **Allow yourself to grieve**: It's essential to acknowledge your emotions and give yourself permission to grieve the loss of your relationship. Allow yourself to feel your emotions, even if they're painful or uncomfortable.
2.  **Take care of your physical health**: Eating well, exercising regularly, and getting enough sleep can help alleviate symptoms of anxiety and depression. Engage in activities that bring you comfort and relaxation, such as yoga, meditation, or spending time in nature.
3.  **Re-establish a routine**: Develop a daily routine that includes activities that bring you joy and a sense of purpose. This could involve hobbies, spending time with friends and family, or volunteering.
4.  **Focus on self-care**: Practice self-compassion and self-forgiveness. Remind yourself that you're doing the best you can, and that it's okay to make mistakes.
5.  **Build a support network**: Surround yourself with people who care about you and can offer emotional support. This could be friends, family members, or a therapist.
6.  **Create a new social life**: Expand your social circle by joining clubs, taking classes, or attending social events. This can help you meet new people and build connections.
7.  **Pursue new experiences**: Try new activities, travel, or take courses to learn new skills. This can help you discover new passions and interests.
8.  **Focus on your strengths**: Highlight your strengths and accomplishments, and remind yourself of your worth as a person.
9.  **Seek professional help**: Consider seeking the help of a therapist or counselor who can provide guidance and support throughout your healing process.
10. **Celebrate milestones**: Celebrate your achievements, no matter how small they may seem. This can help you stay positive and focused on the future.

Some popular self-help strategies for rebuilding your life after a divorce include:

*   **Mindfulness and self-reflection**: Practice mindfulness techniques, such as meditation and journaling, to help you stay present and focused.
*   **Gratitude practice**: Keep a gratitude journal or write down things you're thankful for each day.
*   **Self-compassion exercises**: Practice self-kindness and self-forgiveness by writing affirmations or speaking kindly to yourself.
*   **Boundary setting**: Establish healthy boundaries with others, including your ex-spouse, to protect your emotional well-being.

It's okay to take your time and heal at your own pace. Rebuilding your life after a divorce takes time, patience, and effort.",4.305717174095765e-12,4.876169242951932e-13,99.99976604333585,2.3966670491954792e-12
I'm going through a divorce and feeling like a failure. How do people rebuild their lives after this?,"I'm so sorry to hear you're going through a difficult time. Rebuilding your life after a divorce can be a challenging but ultimately empowering process. Here are some steps that people commonly take to rebuild their lives:

1.  **Allow yourself to grieve**: It's essential to acknowledge your emotions and give yourself time to process the loss of your relationship. Allow yourself to grieve, but also be aware of the importance of moving forward.

2.  **Take care of your physical health**: Focus on self-care, exercise regularly, eat a balanced diet, and get enough sleep. This will help improve your mood and increase your energy levels.

3.  **Seek support**: Reach out to friends, family, or a therapist who can provide emotional support and guidance. Sharing your feelings with others can help you feel less isolated and more connected.

4.  **Develop a new routine**: Create a new daily routine that includes activities, hobbies, and interests that bring you joy. This can help you find a sense of structure and purpose.

5.  **Pursue personal growth**: Focus on personal growth by learning something new, practicing self-compassion, and building self-awareness. This can help you develop a more positive self-image and improve your resilience.

6.  **Reflect on the past**: Take time to reflect on your relationship and identify any lessons you can learn from your experience. Focus on what you can learn from the experience rather than dwelling on past mistakes or regrets.

7.  **Focus on the present**: Concentrate on the present moment and the steps you can take to create a brighter future for yourself. 

8.  **Create a new vision for your life**: Think about what you want your life to look like moving forward. Set realistic goals and focus on creating a vision for your future.

9.  **Practice self-compassion**: Be kind to yourself as you navigate this challenging time. Remember that everyone makes mistakes and that it's okay not to be perfect.

10. **Take small steps towards independence**: As you rebuild your life, start setting small, achievable goals and working towards them. This will help you regain a sense of independence and confidence.

Rebuilding your life takes time, patience, and effort. Be gentle with yourself, and remember that it's okay to make mistakes along the way. With time and support, you can create a brighter, more fulfilling life for yourself.",3.3558978500100223e-10,9.849005054158758e-14,99.98577568567185,1.678441375257719e-10
I'm going through a divorce and feeling like a failure. How do people rebuild their lives after this?,"Going through a divorce can be a difficult and emotional experience, and feeling like a failure is a common feeling to have. Rebuilding your life after a divorce takes time, effort, and support, but it is possible. Here are some steps to help you rebuild your life:

1.  **Allow yourself to grieve**: It's essential to acknowledge and process your emotions, whether you're feeling sad, angry, or numb. Give yourself time to grieve the loss of your marriage and the life you had planned.
2.  **Take care of yourself**: Focus on your physical and emotional well-being. Engage in activities that bring you joy, practice self-care (exercise, meditation, or yoga), and seek professional help if needed (therapy or counseling).
3.  **Set boundaries**: Establish new boundaries with your ex, if necessary, to protect your emotional and mental health. This may involve limiting contact or setting clear communication guidelines.
4.  **Explore new hobbies and interests**: Try new things, join clubs or groups, or volunteer to meet new people and discover new passions.
5.  **Reframe your identity**: Re-evaluate your self-worth and identity outside of your marriage. You are more than your role as a spouse; focus on your individual strengths and interests.
6.  **Seek support**: Reach out to friends, family, or a therapist for emotional support. Support groups, like divorce support groups or online forums, can also be helpful.
7.  **Create a new routine**: Establish a new daily routine that works for you, including taking care of your physical and emotional needs.
8.  **Practice self-forgiveness**: Try to forgive yourself for any perceived mistakes or perceived shortcomings. Blame and guilt can hold you back from moving forward.
9.  **Focus on the future**: Take opportunities to learn from your experiences, and plan for your future. Set new goals and work towards achieving them.
10. **Take time to heal**: Rebuilding takes time; don't rush the process. Give yourself permission to take your time, and know that healing happens at your own pace.

Rebuilding your life after a divorce requires patience, self-compassion, and a willingness to explore new possibilities. You can get through this difficult time and find a new sense of purpose and happiness.

Some people may also consider:

*   **Journaling**: Writing down your thoughts and feelings can help you process and release emotions.
*   **Talking to a trusted friend or family member**: Sharing your feelings can provide emotional support and new perspectives.
*   **Trying therapy**: Working with a therapist can help you navigate your emotions and develop coping strategies.
*   **Taking a break from social media**: Minimizing exposure to your ex or their social media profiles can help you process your emotions and avoid triggers.
*   **Trying a new home or environment**: Sometimes, a change of scenery can help you feel refreshed and inspired.

Rebuilding your life after",3.9992825463840056,7.049778517126832e-12,94.9555603279649,1.9996412731955278
I'm caring for a sick family member and feeling exhausted. How do caregivers manage?,"Taking care of a sick family member can be emotionally and physically exhausting. Here are some tips to help you manage:

1.  **Prioritize your own self-care**: While caring for your family member, don't forget to take care of yourself. Try to get enough sleep, eat nutritious food, and engage in activities that bring you joy and relaxation.
2.  **Ask for help**: Reach out to friends, family members, or neighbors who can provide emotional support, run errands, or help with household chores.
3.  **Seek professional help**: Consider hiring a professional caregiver or enlisting the help of home health aides if you're finding it difficult to manage physical care needs.
4.  **Create a support network**: Connect with other caregivers through online communities, support groups, or telephone support hotlines to share experiences and advice.
5.  **Set realistic expectations**: Understand that caregiving can be a marathon, not a sprint. Don't feel like you need to do everything on your own – prioritize tasks and delegate when possible.
6.  **Take breaks**: Schedule regular breaks to recharge and take a step back from caregiving responsibilities. Whether it's a short walk, a cup of coffee, or a nice bath, prioritize relaxation time.
7.  **Communicate with your family member**: Encourage open communication with your loved one about their needs, boundaries, and feelings. This can help reduce stress and prevent feelings of resentment.
8.  **Keep a record**: Keep a journal, calendar, or log of medications, appointments, and tasks to stay organized and prevent stress.
9.  **Seek professional resources**: Consider counseling or therapy to help manage stress, anxiety, or depression related to caregiving.
10. **Reward yourself**: Acknowledge and celebrate the efforts and sacrifices you make as a caregiver. You're not alone, and your efforts make a difference in your loved one's life.

Some key programs to seek include:

*   Medicaid waivers and other government programs that provide financial support for caregivers
*   Home health care services and adult day care programs
*   Counseling and support groups specifically for caregivers
*   Respite care services to provide temporary assistance with caregiving tasks",0.02941372723678448,1.4348298438810416e-08,99.99961271832359,0.01470687079254146
I'm caring for a sick family member and feeling exhausted. How do caregivers manage?,"Managing caregiver burnout is common when caring for a loved one. Here are some tips to help you cope with stress and exhaustion:

1.  **Prioritize your own self-care**: Make time for activities that nourish your mind, body, and spirit, such as meditation, yoga, or spending time in nature. Even small moments, like taking a warm bath or reading a book, can help you recharge.
2.  **Take breaks**: Ask a friend or family member to help you with caregiving responsibilities, or look into local respite care services. Even a short break can help you feel refreshed and more capable of caring for your loved one.
3.  **Set realistic expectations**: Be honest with yourself and others about what you can realistically accomplish in a day. Don't take on too much, and let go of perfectionism.
4.  **Reach out for support**: Join a caregiving support group or talk to a therapist, pastor, or counselor who can provide emotional support, guidance, and validation for your experiences.
5.  **Advocate for your loved one**: Make sure you're not taking on too much responsibility. Collaborate with healthcare professionals to ensure your loved one is receiving the care they need, and communicate your own needs and concerns.
6.  **Seek financial support:** Look into local, state, and federal resources that offer financial assistance, home modifications, and other forms of support for caregivers.
7.  **Create a self-care routine**: Try to establish a daily routine that includes time for yourself, such as exercising, journaling, or spending time with friends and family.
8.  **Take time off**: Plan ahead and use time off from work or other responsibilities to recharge.
9.  **Use resources**: There are many online resources available, such as caregiving apps, websites, and hotlines, that can provide you with guidance, information, and support.
10. **Remind yourself of your importance**: You're making a difference in your loved one's life, and your role as a caregiver is valued and appreciated.

Some popular caregiver resources include:

*   **Alzheimer's Association**: A comprehensive resource for Alzheimer's caregivers, with guidance on care, support, and advocacy.
*   **AARP Caregiving**: Offer's caregiving resources, webinars, and online communities.
*   **Caregiver Action Network**: A national organization providing support, education, and advocacy for caregivers.
*   **The National Family Caregivers Association**: Offers caregiver education, support, and advocacy, including online resources and local support groups.
*   **Your local Area Agency on Aging (AAA)**: Many AAAs offer caregiver support services, including respite care, education, and advocacy.

**Additional resources:**

*   **The National Institute on Aging (NIA)**: Offers guidance on caregiving, Alzheimer's disease, and other aging-related topics.
*   **Care Advisor**: A comprehensive caregiving platform offering",9.301109493589347,3.9795771395489023e-13,94.96265048281062,4.650554746794873
I'm caring for a sick family member and feeling exhausted. How do caregivers manage?,"I'm so sorry to hear that you're going through this. Caring for a sick family member can be physically, emotionally, and mentally draining. Here are some tips that caregivers often find helpful:

1.  **Prioritize self-care**: It's essential to take care of yourself so you can continue caring for your loved one. Make time for activities that recharge your energy and calm your mind, such as taking a warm bath, reading a book, practicing yoga, or exercising.
2.  **Seek support**: Reaching out to friends, family, or support groups can be a lifesaver. Share your feelings, and ask for help when you need it. Local organizations, online forums, and support groups can provide valuable guidance and connection.
3.  **Create a routine**: Developing a daily routine can make caregiving feel more manageable and less overwhelming. Break down tasks into smaller, manageable chunks, and prioritize them based on their importance and deadlines.
4.  **Ask for help from others**: Don't be afraid to ask for assistance from family members, neighbors, or friends. Many people are willing to help, but they may not know how.
5.  **Take breaks**: Briefly step away from caregiving tasks when needed, even if it's just to grab a snack or take a few minutes to breathe. You can also consider hiring a care aide or seeking respite care to give you a break.
6.  **Communicate with healthcare professionals**: Regularly communicate with your loved one's doctors, nurses, and other healthcare providers to ensure you're aware of their needs, medical updates, and any changes in their care plan.
7.  **Stay organized**: Keep essential information, such as medication schedules, medical records, and emergency contact numbers, in a dedicated notebook or tool.
8.  **Educate yourself**: Continuously learn about your loved one's condition, treatment options, and best practices for caregiving. This will help you feel more confident and competent.
9.  **Join a caregiving community**: Connecting with others who are going through similar experiences can be a great source of motivation, support, and guidance.
10. **Be kind to yourself**: Caring for a sick family member can be challenging and emotional. Be gentle with yourself, and acknowledge that it's okay to make mistakes.
11.  **Seek resources**: Many organizations offer financial assistance, respite care, and emotional support services to caregivers. Some examples include:
    *   Area Agency on Aging (AAA)
    *   National Institute on Aging (NIA)
    *   Alzheimer's Association
    *   National Alliance for Caregiving
    *   Local non-profit organizations supporting caregivers
12.  **Consider professional help**: If you're feeling overwhelmed, consider hiring a geriatric care manager or a caregiver coach to help you navigate the caregiving process and develop a plan that suits your needs.
13.  **Make time for relaxation**: Find activities that",1.2673012861408385e-10,3.001737237368001e-13,91.59043295122528,6.351515116891032e-11
I'm caring for a sick family member and feeling exhausted. How do caregivers manage?,"Caring for a sick family member can be emotionally and physically exhausting. Here are some tips to help you manage:

1.  **Seek Support**: Reach out to family, friends, or a support group for caregivers. They can offer emotional support, share their experiences, and provide practical help.
2.  **Self-Care**: Prioritize your own self-care. Get enough sleep (7-8 hours a day), eat well, and engage in activities that relax you, such as reading, exercise, or meditation.
3.  **Ask for Help**: Don't be afraid to ask for help from family members, friends, or neighbors. Share the responsibility and allow them to assist with caregiving tasks, household chores, or emotional support.
4.  **Take Breaks**: Take regular breaks to rest and recharge. Even short breaks of 15-30 minutes can make a difference.
5.  **Set Boundaries**: Establish clear boundaries with your family member, such as limiting the amount of time you spend caring for them each day. Encourage them to participate in their own care to build independence.
6.  **Seek Respite Care**: Consider hiring a professional caregiver or enlisting the help of a home health care agency to provide temporary relief.
7.  **Seek Professional Help**: If you're feeling overwhelmed or experiencing emotional distress, seek professional help from a mental health provider, counselor, or therapist.
8.  **Education and Respite Services**: Utilize resources and services such as adult day care programs, adult day health programs, or in-home care programs that cater specifically to caregivers.

Resources:
- The Family Caregiver Alliance ([1](https://caregiver.org/))
- The Caregiver Support Program ([2](https://www.caregiversupport.org/))
- The National Family Caregivers Association ([3](https://caregiver.com/))

These organizations offer education, support, and services to help caregivers manage their responsibilities and reduce stress.",0.0009756003845222586,3.646334325363675e-13,99.99986085217307,0.00048780019244344604
I'm caring for a sick family member and feeling exhausted. How do caregivers manage?,"Caring for a sick family member can be physically, emotionally, and mentally exhausting. Many caregivers face significant challenges, but there are strategies to help you manage your caregiving responsibilities while maintaining your own well-being. Here are some suggestions:

1.  **Seek support:**

    *   Reach out to family and friends for emotional support, help with tasks, or respite care. You can also join a caregiver support group or online community to connect with others who face similar challenges.
2.  **Take care of yourself:**

    *   Prioritize self-care activities like exercise, meditation, and hobbies to reduce stress and maintain your physical and mental health.
    *   Make time for regular sleep, nutritious meals, and staying hydrated.
    *   Practice relaxation techniques, such as deep breathing, progressive muscle relaxation, or mindfulness meditation, to manage stress and anxiety.
3.  **Ask for help:**

    *   Don't be afraid to ask for help from family, friends, or professionals, such as home health aides, adult day care services, or senior centers.
    *   Consider hiring a professional caregiver or companion to provide additional support.
4.  **Create a caregiver network:**

    *   Recruit a network of volunteers, friends, and family members to help with tasks such as meal preparation, errands, or transportation.
    *   Use online resources, such as care calendar apps or websites, to coordinate caregiving responsibilities and communicate with your support network.
5.  **Seek professional advice:**

    *   Consult with your healthcare provider or a social worker for guidance on managing your caregiving responsibilities and accessing local resources.
    *   Consider consulting with a mental health professional to develop coping strategies for managing stress and emotional burnout.
6.  **Take breaks:**

    *   Schedule regular breaks and time for yourself to recharge and engage in activities that bring you joy.
    *   Use respite care services or adult day care programs to give yourself a break and provide your loved one with socialization and activities.
7.  **Seek financial assistance:**

    *   Explore financial resources, such as Medicaid, veterans' benefits, or supplemental security income (SSI), to support your caregiving responsibilities.
    *   Look into tax credits or deductions for caregiving expenses.
8.  **Set boundaries:**

    *   Establish clear boundaries with your loved one and others to protect your time, energy, and well-being.
    *   Prioritize your own needs and communicate them to your support network.
9.  **Seek legal guidance:**

    *   Consult with an attorney to discuss powers of attorney, advanced directives, and other legal matters related to your care recipient's well-being.
    *   Create a care plan that outlines your responsibilities, goals, and boundaries.
10. **Be patient and flexible:**

    *   Be prepared for the emotional ups and downs that come with caregiving.
    *   Stay flexible and",11.39658869187395,1.530915039958686e-14,93.37981084824581,5.698294345936983
I keep procrastinating on important tasks and then feeling terrible about it. How do I break this cycle?,"Breaking the cycle of procrastination and guilt can be challenging, but with a structured approach, you can overcome it. Here's a step-by-step plan to help you get started:

1.  **Identify your procrastination triggers**: Reflect on why you're putting off the task. Is it fear of failure, lack of motivation, or a sense of overwhelm? Understanding your reasons can help you address the underlying issues.
2.  **Break down the task into smaller chunks**: Divide the task into manageable, bite-sized tasks. This can make the task less daunting and more achievable, reducing feelings of overwhelm.
3.  **Set clear goals and deadlines**: Establish specific, measurable objectives and deadlines for each task. Having a clear plan and timeline can help you stay focused and motivated.
4.  **Create a schedule**: Plan out dedicated time for task completion, including regular breaks. Set reminders and try to commit to your schedule.
5.  **Prioritize self-care**: Engage in activities that boost your energy, such as exercise, meditation, or spending time with loved ones. Exercise, in particular, can be a great way to improve your self-esteem.
6.  **Use the Pomodoro Technique**: Set a timer for 25-minute intervals of focused work, followed by a 5-minute break. After four cycles, take a longer break (15-30 minutes). This technique can help you stay focused and maintain momentum.
7.  **Create a reward system**: Set small, achievable rewards for completing tasks. This could be something pleasurable, like a favorite snack or a short walk, or something more significant, like a weekend outing or a movie night.
8.  **Track your progress**: Use a journal or a habit tracker to monitor your progress. Seeing your accomplishments can help boost motivation and build confidence.
9.  **Develop a ""pre-game"" routine**: Establish a consistent pre-task routine that signals your brain that it's time to work. This could be as simple as making a cup of coffee, putting on a specific playlist, or doing some stretching exercises.
10. **Seek accountability**: Share your goals and progress with a trusted friend or mentor, and ask them to hold you accountable. This can provide an added motivation to stay on track.
11.  **Practice self-compassion**: When you do procrastinate, acknowledge the slip-up, and forgive yourself. Remember that setbacks are a normal part of the learning process.
12.  **Review and adjust**: Regularly evaluate your progress, and make adjustments to your approach as needed.

Additionally, consider exploring the 2-minute rule, which suggests that if a task can be done in less than 2 minutes, do it immediately. This can help build momentum and increase productivity.

By following these steps and being patient with yourself, you can break the cycle of procrastination and guilt, and develop a more productive and fulfilling approach to tackling important tasks.",11.48392161594792,1.004047015975615e-11,99.99839086465536,5.74196080797898
I keep procrastinating on important tasks and then feeling terrible about it. How do I break this cycle?,"Breaking the cycle of procrastination and guilt requires a combination of understanding why you procrastinate, developing strategies to overcome it, and cultivating a positive mindset. Here's a step-by-step guide to help you break this cycle:

1.  **Identify your reasons for procrastination**: Reflect on your motivations and try to understand the underlying causes of your procrastination. It could be due to fear of failure, perfectionism, lack of motivation, or overwhelming tasks. Once you know your reasons, you can develop strategies to address them.
2.  **Break down tasks into smaller tasks**: Divide large tasks into smaller, manageable chunks. This will help you avoid feeling overwhelmed and increase your sense of control.
3.  **Set clear goals and deadlines**: Set specific, achievable goals and deadlines for each task. Write them down and track your progress. Break down long-term goals into smaller, shorter-term goals to maintain momentum.
4.  **Create a schedule and stick to it**: Plan out your day, week, or month, and set aside dedicated time for each task. Prioritize tasks based on importance and deadlines.
5.  **Use the Pomodoro Technique**: This involves working in focused, 25-minute increments, followed by a 5-minute break. After four cycles, take a longer break (15-30 minutes). This technique can help you stay focused and maintain productivity.
6.  **Eliminate distractions**: Identify potential distractions, such as social media, email, or phone notifications, and eliminate them while you work. Use tools like website blockers or phone apps to help you stay focused.
7.  **Create a reward system**: Set small rewards for yourself when you complete tasks or reach milestones. This can help motivate you to stay on track.
8.  **Get accountability**: Share your goals and progress with a friend or mentor. This can provide an added motivation to stay on track and help you avoid procrastination.
9.  **Practice self-compassion**: When you do procrastinate, acknowledge the behavior, but don't judge yourself. Instead, focus on getting back on track as soon as possible.
10. **Reward yourself for progress, not perfection**: Celebrate small wins and acknowledge progress, even if it's not perfect. This will help you stay motivated and build confidence.

Additionally, consider the following mindset shifts:

*   Focus on the process, not the outcome.
*   Emphasize learning and growth over perfection.
*   Practice self-care and prioritize your well-being.
*   Recognize that it's okay to make mistakes and learn from them.

Reframing your mindset and adopting the strategies above can help you break the cycle of procrastination and guilt. Be patient and persistent, and remember that developing new habits takes time and effort.",2.0106619012233695,5.581273196560406e-09,99.99866076027016,1.0053309534023214
I keep procrastinating on important tasks and then feeling terrible about it. How do I break this cycle?,"Breaking the cycle of procrastination and guilt is a common challenge, but there are strategies to help you overcome it. Here's a step-by-step guide to help you break the cycle:

1.  **Identify your triggers**: Start by understanding why you procrastinate in the first place. Is it due to fear of failure, perfectionism, lack of motivation, or something else? Once you recognize your triggers, you can develop strategies to address them.
2.  **Break tasks into smaller chunks**: Large tasks can be overwhelming, leading to procrastination. Break down big tasks into smaller, manageable tasks. This will make it easier to focus on one step at a time.
3.  **Set clear goals and deadlines**: Set specific, achievable goals and deadlines for each task. Break down the task into smaller tasks with deadlines, making it feel more manageable.
4.  **Create a schedule**: Plan out your day, week, or month, and stick to your schedule. Use a planner, calendar, or app to stay organized and on track.
5.  **Use the Pomodoro Technique**: Work in focused 25-minute increments, followed by a 5-minute break. This technique can help you stay focused and avoid burnout.
6.  **Eliminate distractions**: Identify distractions that hinder your productivity, such as social media, email, or phone notifications, and remove them while you work.
7.  **Reward yourself**: Set small rewards for completing tasks or reaching milestones. This will help motivate you to stay on track.
8.  **Practice self-compassion**: Be kind to yourself when you slip up. Acknowledge your emotions and remind yourself that it's okay to make mistakes.
9.  **Seek accountability**: Share your goals and progress with a friend or accountability partner. This can provide an added motivation to stay on track.
10. **Celebrate your progress**: Acknowledge and celebrate your accomplishments, no matter how small they may seem. This will help you build confidence and momentum.
11.  **Consider seeking professional help**: If procrastination is impacting your daily life, consider seeking help from a therapist or counselor. They can help you identify underlying causes and develop personalized strategies to overcome procrastination.

Additionally, try these advanced strategies:

*   **Understand the habit loop**: Identify the cues, rituals, and rewards that create your procrastination habit. Once you understand the loop, you can replace the old habit with a new one.
*   **Use implementation intentions**: Plan out specific actions for specific situations, making it easier to take action when faced with a task.
*   **Practice mindfulness**: Focus on the present moment, rather than getting caught up in thoughts about the past or future.

Breaking the cycle of procrastination and guilt takes time and effort. Be patient with yourself, and don't give up. With persistence and consistent practice, you can develop new habits and break free from procrastination.",9.824599433047842,5.0127756911301624e-08,99.98140698642675,4.912299741587799
I keep procrastinating on important tasks and then feeling terrible about it. How do I break this cycle?,"Breaking the cycle of procrastination and guilt requires a combination of understanding why you procrastinate, developing strategies to overcome it, and cultivating self-compassion. Here are some steps to help you break the cycle:

1. **Identify the underlying reasons for your procrastination:**
   - Are you afraid of failure or success?
   - Do you lack a clear understanding of the task or requirements?
   - Are you overwhelmed by the task's complexity or scope?
   - Are you perfectionistic or have high expectations?
   - Are you struggling with time management or prioritization?
   - Are there distracting external factors (e.g., social media, email, phone notifications) or internal factors (e.g., depression, anxiety)?

2. **Set clear goals and break down tasks into smaller, manageable chunks:**
   - Divide large tasks into smaller, achievable tasks.
   - Create a schedule with specific deadlines and checkpoints.
   - Focus on the process, not the end result; celebrate small victories.

3. **Use the Pomodoro Technique:**
   - Work in focused 25-minute increments (called a ""Pomodoro"") followed by a 5-10 minute break.
   - After four cycles, take a longer break (15-30 minutes).
   - This technique helps you stay focused and maintain a sustainable work pace.

4. **Eliminate distractions and create a conducive work environment:**
   - Identify and remove or limit distractions during work hours (e.g., turn off notifications, use website blockers).
   - Create a dedicated workspace free from clutter and interruptions.
   - Use music or soundscapes to boost focus.

5. **Practice self-compassion and self-forgiveness:**
   - Acknowledge that it's normal to procrastinate.
   - Treat yourself with kindness and understanding, just as you would a friend.
   - Reframe guilt and shame as opportunities to learn and improve.

6. **Reward yourself:**
   - Set small rewards for completing tasks or reaching milestones.
   - Celebrate progress, not just completion.

7. **Develop a growth mindset:**
   - View challenges as opportunities for growth and learning.
   - Emphasize effort over talent or ability.
   - Believe that intelligence and abilities can be developed through dedication and hard work.

8. **Seek accountability and support:**
   - Share your goals and progress with a trusted friend or mentor.
   - Join a study group or find a productivity community.
   - Consider consulting a therapist or coach for guidance.

9. **Understand that it's a process, not a one-time fix:**
   - Changing habits and thought patterns takes time, effort, and patience.
   - Be gentle with yourself when you encounter setbacks.
   - Celebrate your successes, no matter how small.

Breaking the cycle of procrastination and guilt requires a multi-faceted approach that addresses both the habits and the mindset. With persistence, self-awareness, and the",0.2011411207812972,1.1349230455313225e-10,94.97569885929468,0.10057056044739475
I keep procrastinating on important tasks and then feeling terrible about it. How do I break this cycle?,"Breaking the cycle of procrastination and its associated guilt is a common struggle. Here's a step-by-step plan to help you overcome procrastination and develop a more productive mindset:

1.  **Identify the root cause**: Reflect on why you procrastinate. Are you avoiding a task due to:
    *   Lack of interest or motivation?
    *   Fear of failure or perfectionism?
    *   Overwhelm or uncertainty about the task or its requirements?
    *   Distractions or lack of time management skills?
    *   Habit or routine?

    Understanding the underlying reasons for your procrastination will help you address the root cause.

2.  **Set clear goals and priorities**: Set specific, achievable goals for the task or project. Breaking down larger tasks into smaller, manageable chunks can make them less daunting. Make sure your goals are:

    *   Realistic and attainable
    *   Relevant to your values and priorities
    *   Measurable and trackable

3.  **Create a schedule and stick to it**: Plan out dedicated time for tasks and allocate realistic time slots for each activity. Use a planner, calendar, or app to stay organized and on track.

    *   Set specific start and end times for each task
    *   Leave space for breaks and self-care
    *   Be flexible and adapt your schedule as needed

4.  **Use the Pomodoro Technique**: This simple yet effective technique involves working in focused 25-minute increments, followed by a 5-minute break. After four cycles, take a longer break (15-30 minutes).

    *   Work in focused intervals
    *   Take regular breaks to recharge
    *   Adapt the technique to suit your needs

5.  **Understand the two-minute rule**: If a task can be done in less than two minutes, do it immediately. This can help build momentum and reduce procrastination.

6.  **Eliminate distractions**: Identify and eliminate or minimize distractions that hinder your productivity, such as:
    *   Social media and email notifications
    *   Chatty coworkers or family members
    *   Television or streaming services

    Use tools like website blockers or phone apps to help you stay focused.

7.  **Reward yourself**: Celebrate small wins and accomplishments along the way. Rewarding yourself with something you enjoy can help motivate you to continue making progress.

8.  **Practice self-compassion**: Be kind to yourself when you slip up or procrastinate. Acknowledge the setback, and gently remind yourself that it's a learning opportunity. Don't beat yourself up over it; instead, focus on getting back on track and making progress.

9.  **Seek support**: Share your goals and struggles with a trusted friend or mentor. Having someone to hold you accountable and offer encouragement can make a significant difference in your productivity.

10. **Celebrate progress and growth**: Commend yourself for your efforts and accomplishments",5.574404626562961,1.5251271178716675e-11,95.01797931293936,2.787202313289106
I'm being pressured to make a major life decision and don't feel ready. How do I handle this?,"It's normal to feel overwhelmed and uncertain when facing a significant life decision, especially when others are pressuring you to make a choice. Here are some steps you can take to handle the situation:

1.  **Take a step back and breathe**: When you feel like you're being rushed, take a moment to breathe and calm down. Remove yourself from the situation, if possible, and do something that relaxes you, like taking a walk or practicing deep breathing exercises.

2.  **Assess the pressure**: Identify the root cause of the pressure. Is it from a specific person, or is it coming from within you? Be honest with yourself about your feelings and the reasons behind your hesitation.

3.  **Gather information**: If you're unsure about the decision, gather as much information as possible. Consider your goals, values, and priorities. Weigh the pros and cons of each option. This will help you feel more confident in your decision-making process.

4.  **Set a deadline**: Set a timeline for making the decision, even if it's farther down the line. This can help you feel more in control and less rushed.

5.  **Seek support**: Talk to someone you trust, like a close friend or family member, who can offer an objective perspective. Or seek advice from a professional, such as a therapist or counselor. They can help you identify your concerns and feelings about the decision.

6.  **Consider a 'waiting period'**: If it's not possible to delay the decision entirely (e.g., for education or financial reasons), consider a probationary period. This can give you time to explore the options further without committing immediately.

7.  **Seek professional guidance**: If you're feeling paralyzed by the decision, consider seeking the help of a mental health professional. They can help you work through your feelings and develop a plan to approach the decision with more confidence.

8.  **Prioritize self-care**: Take care of your mental and physical well-being. Engage in activities that bring you joy and help you feel grounded.

9.  **Be honest about your hesitation**: If you're being pressured by someone, let them know that you need time to think. Be clear about your reasons for needing more time, and reassure them that you're committed to making the decision.

10. **Remember that it's okay to make mistakes**: There are no guaranteed 'right' or 'wrong' decisions. Every choice has consequences, and it's okay to make a choice that later doesn't work out. You can always adapt and adjust later.

Making a life-changing decision takes time and consideration. Don't feel forced into something you're not ready for – it's better to take your time and make an informed, well-thought-out decision.",2.7450144123663034e-09,6.071847731734678e-12,99.99427668655349,1.375543130049019e-09
I'm being pressured to make a major life decision and don't feel ready. How do I handle this?,"It's common to feel overwhelmed and unsure when faced with a major life decision, especially when others are putting pressure on you. Here are some steps you can take to handle this situation:

1.  **Take a step back**: Give yourself time and space to think about the decision. Take a break from the conversations and considerations, and engage in activities that make you feel calm and relaxed.
2.  **Reflect on your priorities**: Identify your core values, goals, and what matters most to you. This will help you define what you want to achieve in the situation and make a decision that aligns with your priorities.
3.  **Assess your readiness**: Ask yourself if you have the necessary information, skills, and resources to make a well-informed decision. If you feel uncertain or lacking in one or more of these areas, consider seeking help from experts or people with relevant experience.
4.  **Consider alternatives**: Explore potential options and weigh the pros and cons of each choice. Make a list of potential outcomes for each decision to better understand the possible consequences.
5.  **Seek support**: Talk to trusted friends, family, or a professional counselor about your concerns and feelings. They can offer a different perspective, provide guidance, or simply listen to you.
6.  **Communicate your boundaries**: Politely let others know that you need time and space to make this decision. You can say something like, ""I appreciate your input, but I want to make sure I make an informed decision. Can we talk about this in a few days/weeks?""
7.  **Practice self-care**: Take care of your physical and emotional well-being during this challenging time. Engage in activities that boost your mood and energy levels, like exercise, reading, or spending time in nature.
8.  **Take small steps**: Break down the decision into smaller, manageable tasks. Focus on one step at a time, and take it from there.

Some key phrases to use when dealing with others who are pressuring you to make a decision:

*   ""I'm still considering my options, can we talk about this later?""
*   ""I appreciate your advice, but I need more time to think about it.""
*   ""I'm not feeling confident about this decision yet. Can we revisit this topic in a few days?""",0.05796428335321884,2.6246872293410237e-08,99.99918023185883,0.028982154800045568
I'm being pressured to make a major life decision and don't feel ready. How do I handle this?,"It's completely normal to feel overwhelmed and uncertain when faced with a significant life decision. Here are some steps you can take to handle the pressure and make a decision that's right for you:

1.  **Take a step back**: Allow yourself time to think and breathe. Don't rush into anything. Your emotions and thoughts may swirl, but taking a pause can help you clear your mind.
2.  **Gather information**: Collect as much information as possible about the decision you're facing. Consider the pros and cons, weigh the risks and benefits, and think about how it might impact your life in both the short and long term.
3.  **Seek support**: Talk to people you trust, whether it's a family member, close friend, or mentor. Sometimes sharing your thoughts and feelings with others can help you gain clarity and perspective.
4.  **Trust your instincts**: Don't dismiss your initial reactions. Your intuition can be a powerful guide, even if you're not entirely sure why you're feeling a certain way.
5.  **Make a pros and cons list**: Writing down your thoughts can help you see things more clearly and make a more informed decision.
6.  **Consider alternatives**: Think about possible 'Plan B's or middle ground options. Having a safety net can provide peace of mind and give you greater flexibility.
7.  **Practice self-care**: Manage your stress levels by taking care of your physical and emotional well-being. Get enough rest, eat well, exercise regularly, and do things that bring you joy.
8.  **Focus on what you're trying to achieve**: Ask yourself what your goals and priorities are. This can help you evaluate the decision and ensure it aligns with your values and objectives.
9.  **Weigh the importance of timing**: Consider the timing of the decision. Is there a particular deadline or constraint that's contributing to your feeling rushed?
10. **Know when to ask for help**: If you're struggling to make a decision or if the pressure is becoming too much, consider seeking professional guidance from a therapist or counselor.

**Additional Tips to Help You Cope with Pressure**

*   Set healthy boundaries to protect yourself from others who may be pushing you to decide too quickly.
*   Practice mindfulness techniques, such as meditation or deep breathing, to calm your nerves and clear your mind.
*   Engage in activities that bring you joy and help you relax.
*   Remind yourself that it's okay not to have all the answers right now.

Trust your instincts, take your time, and do what's best for you.",0.00013093655098243704,1.5612405257641952e-09,99.99987615010215,6.546905611148141e-05
I'm being pressured to make a major life decision and don't feel ready. How do I handle this?,"Being pressured to make a significant life decision without feeling ready can be a challenging and stressful situation. Here are some steps you can take to handle this:

1. **Take time for self-reflection**: Give yourself permission to take time to think and reflect on the decision at hand. Consider journaling, meditating, or talking to a trusted friend or family member to clarify your thoughts and feelings.
2. **Communicate your concerns**: Be honest with the people pressuring you, whether it's a family member, partner, or friend. Let them know how you're feeling and that you need more time to think. Explain your reasons and boundaries.
3. **Set boundaries**: Be clear and direct about your needs. You can say something like, ""I appreciate your enthusiasm, but I need some time to think this through. Can we talk about it in a few days/weeks/months?""
4. **Seek support**: Talk to someone you trust, who understands your situation and can offer guidance. This could be a therapist, a trusted friend or family member, or a mentor. They can help you weigh the pros and cons and explore your options.
5. **Weigh the pros and cons**: Make a list of the advantages and disadvantages of each option. Consider your goals, values, and priorities. This can help you make a more informed decision.
6. **Prioritize your well-being**: Remember that your mental and emotional health are essential. Don't feel pressured to make a decision that feels rushed or compromising.
7. **Consider seeking external help**: If you're feeling overwhelmed or stuck, consider seeking help from a therapist or counselor. They can provide you with guidance and support to make a decision that aligns with your goals and values.
8. **Practice self-compassion**: Be kind to yourself, and try not to beat yourself up over your indecision. It's okay to need time and space to make a decision.
9. **Re-evaluate the pressure**: Sometimes, others may be applying pressure due to their own reasons. Consider whether there are any external factors driving the pressure. If so, you may need to address those directly.
10. **Trust your instincts**: Ultimately, you know what's best for you. Trust your instincts and listen to your inner voice. If you're still unsure, try to break down the decision into smaller, manageable steps.

Remember, making significant life decisions can be challenging, and it's okay to take your time. By following these steps, you can navigate the pressure and make a decision that aligns with your values, goals, and priorities.

**Additional resources:**

*   If you're feeling overwhelmed, reach out to a crisis helpline, such as the National Crisis Text Line (text ""HOME"" to 741741) or the Crisis Call Center (1-800-273-TALK).
*   Consider consulting a therapist or counselor for guidance and support.
*   Online resources, such as Headspace or",0.021193741649645017,3.7457807712171727e-13,95.08431770223459,0.010596870825009798
I'm being pressured to make a major life decision and don't feel ready. How do I handle this?,"Being pressured into a major life decision can be overwhelming and stressful. Here are some steps you can take to handle this situation:

1.  **Communicate your feelings**: Be honest and open with the person or people pressuring you about how you're feeling. Let them know that you need more time to think and consider the decision.
2.  **Take a step back**: Give yourself some space and time to think about the decision. Take a break from the conversation and focus on your own thoughts and feelings.
3.  **Weigh the pros and cons**: Make a list of the advantages and disadvantages of each option. This will help you clarify your thoughts and feelings.
4.  **Consider the long-term consequences**: Think about how this decision might impact your life in the long term. Consider what you value most in life and how this decision aligns with those values.
5.  **Seek support**: Talk to trusted friends, family, or a therapist about your concerns. They may offer helpful advice or insight.
6.  **Don't feel obligated**: Remember that you don't have to follow somebody else's timeline or meet their expectations. Prioritize your own needs and goals.
7.  **Consider a trial run or pause**: If the decision involves a significant change, see if you can try it out or put it on hold for a while. This can give you a sense of what to expect and whether it's the right choice for you.
8.  **Seek professional advice**: If the decision involves a significant financial or legal impact, consider seeking advice from a professional, such as a financial advisor or lawyer.

Some specific things to say when communicating your feelings include:

*   ""I appreciate your input, but I need more time to think about this.""
*   ""I'm feeling overwhelmed by the pressure to make a decision quickly.""
*   ""Can we take a break and talk about this later?""
*  ""I need to consider my own needs and goals before making a decision.""
*  ""Can we discuss the pros and cons of each option?""",0.11354440240740789,5.45349823976547e-11,99.99696346305757,0.05677220123097144
I've been rejected from all the colleges I applied to. What should I do now?,"It can be disheartening to receive rejections from colleges, but there are many options available to you. Here's a step-by-step guide to help you move forward:

1.  **Take time to process your emotions**: Allow yourself to feel the emotions that come with rejection, but don't dwell on them for too long. It's essential to acknowledge your feelings, but also be proactive about your future.
2.  **Review the rejection letters**: Analyze the feedback from each college, if provided. Understand the reasons for the rejection, and use this as an opportunity to learn and grow.
3.  **Discuss your options with a guidance counselor or teacher**: Your school guidance counselor or a teacher can provide you with guidance on what you can do next. They may be able to help you explore alternative colleges or programs that might be a better fit for you.
4.  **Consider alternative education options**: Think about community colleges, vocational schools, or online programs. These may offer a more affordable or flexible educational path.
5.  **Explore local colleges or universities**: There may be colleges or universities in your hometown or nearby that you haven't considered before. Research their programs and requirements to determine if they might be a good fit.
6.  **Take a gap year**: If you're not ready to start college right away, consider taking a gap year to travel, volunteer, or gain work experience. This can help you refine your goals and interests, making you a stronger candidate for future college applications.
7.  **Apply to additional colleges**: You can still apply to other colleges that you missed the first time around or those that offer Rolling Admissions. Make sure to research the colleges and their requirements thoroughly.
8.  **Apply for scholarships or financial aid**: Research and apply for scholarships, grants, or financial aid to help fund your education. Many organizations and companies offer scholarships, and your college or employer may also provide assistance.
9.  **Update your college applications**: Use the time to work on your applications and make them stronger. Ensure that your essays, resumes, and recommendations are polished and showcase your talents and achievements.
10. **Stay positive and proactive**: Believe in yourself and your abilities. Use this experience as an opportunity to learn and grow. Focus on your strengths, and don't be afraid to seek help and guidance from trusted individuals.

Some helpful tips to keep in mind:

*   Stay organized and keep track of application deadlines and requirements.
*   Seek support from friends, family, or a therapist to cope with stress and disappointment.
*   Use online resources, such as college websites and forums, to gather information and advice.
*   Consider working with a college advisor or coach to help navigate the application process.

Remember that rejection is not a reflection of your worth or abilities. Many successful individuals have faced rejection and have gone on to achieve their goals. Don't give up, and stay committed to your dreams.",7.571641068245632e-05,3.866790672918472e-13,99.9993185941208,3.7858205534567694e-05
I've been rejected from all the colleges I applied to. What should I do now?,"Being rejected from colleges can be disappointing, but it's not the end of the world. Many successful people have experienced rejections before finding their path. Here's a step-by-step guide to help you move forward:

1.  **Allow yourself to grieve**: It's okay to feel sad and disappointed. Give yourself time to process your emotions, but try to avoid dwelling on the rejection.
2.  **Reflect on the rejections**: Analyze the rejection letters or emails. Look for common themes or areas for improvement. This will help you understand where you can apply yourself and target your next applications more effectively.
3.  **Explore local options**: If you're still interested in attending college, consider local community colleges or vocational schools. These institutions offer affordable options and can provide a solid foundation for your educational journey.
4.  **Consider a gap year or vocational training**: A gap year can be a valuable opportunity to gain work experience, travel, or pursue internships. This can be just as beneficial as attending college immediately.
5.  **Reapply or appeal (if applicable)**: If there are specific colleges you are eager to attend, consider reapplying for the next admissions cycle or appealing if you have extenuating circumstances. Ensure you address the issues that led to the initial rejection.
6.  **Explore alternative paths**: Look into apprenticeships, online courses, or certification programs in your desired field. Many successful individuals have achieved their goals through non-traditional routes.
7.  **Seek advice from experienced individuals**: Talk to career counselors, mentors, or professionals in your desired field. They can offer valuable insights and guidance on how to move forward.
8.  **Stay positive**: Focus on your strengths and the opportunities ahead. A college rejection doesn't define your worth or abilities. Instead, use it as a chance to learn, grow, and explore new possibilities.
9.  **Create a backup plan**: Develop a contingency plan, including financial and academic goals. This will help you stay focused and motivated during this challenging time.
10. **Review and revise your application materials**: Use this opportunity to reflect on your college application process and revise your materials for the next cycle. Work on improving your essay, resume, and extracurricular activities to increase your chances of success.

You're not alone in experiencing college rejections. Many successful people, including entrepreneurs, artists, and innovators, have faced similar setbacks before achieving their goals. Stay determined, stay positive, and continue striving for your dreams.

**Important Resources:**

- National Foundation for Credit Counseling (NFCC): Offers guidance on college financing and financial literacy.
- National Association of Student Financial Aid Administrators (NASFAA): Provides information on student financial aid and college affordability.
- The College Board: Offers resources and tools for college search, financial aid, and career planning.
- Your school counselor: Meet with them to discuss your options and receive personalized guidance.

You got this! You",2.8415473231646082,3.183507289182685e-06,94.9831659258819,1.4207752533359488
I've been rejected from all the colleges I applied to. What should I do now?,"Receiving rejections from colleges can be disappointing and frustrating, but it's not uncommon. Here are some steps you can take to move forward:

1.  **Allow yourself to process your emotions**: It's normal to feel sad, angry, or disappointed after receiving rejections. Give yourself time to process your emotions, and don't be too hard on yourself.
2.  **Review and analyze your applications**: Reflect on your college applications, including your essays, transcripts, letters of recommendation, and test scores. Identify areas for improvement and things you could have done differently.
3.  **Consider alternative options**: You may not have to attend the ""perfect"" college. Look into other colleges and universities that may be a good fit for you, considering factors like location, size, academic programs, and campus culture.
4.  **Explore other paths**: If college isn't the right fit for you, consider alternative paths, such as:
    *   **Gap year programs**: Take a year to travel, volunteer, or work and gain life experience before attending college.
    *   **Vocational or technical schools**: Consider training programs or certificates in a specific field, such as culinary arts, cosmetology, or IT.
    *   **Online courses or MOOCs**: Take online courses or massive open online courses (MOOCs) to gain knowledge and skills in a particular area.
5.  **Talk to a guidance counselor or mentor**: Your school counselor or a guidance counselor can help you explore options and provide guidance on next steps.
6.  **Stay positive and focused**: Rejection is not a definition of your worth or abilities. Focus on your strengths, interests, and goals, and find ways to achieve them.
7.  **Create a new plan**: Based on your interests, skills, and goals, create a new plan for your future, including potential colleges, career paths, or other opportunities.

Some other options to consider: 

1.  **Appeal to the college**: If you believe there was an error in the application or evaluation process, you can appeal the decision. Be aware that appeals are rarely successful, and only consider this option if you have a strong case.
2.  **Deferral programs**: Some colleges offer deferral programs for students who need more time to improve their applications or take additional courses.
3.  **Wait lists**: If you're placed on a wait list, it means the college is interested in you, but they need more space in their incoming class. Keep in touch with the college and be prepared to submit additional materials if needed.
4.  **Community college or online courses**: Consider taking courses at a community college or online platform to strengthen your skills and application for the next application cycle.

Rejection doesn't define your potential or worth as a person. Focus on your strengths, interests, and goals, and find ways to achieve them.",0.4045996571956674,2.122386286021286e-13,96.61982991104833,0.2022998285979398
I've been rejected from all the colleges I applied to. What should I do now?,"I'm so sorry to hear that you received rejections from all the colleges you applied to. Don't lose hope, though - this is a common experience for many students. Here are some steps you can take:

1.  **Allow yourself to process your emotions**: It's okay to feel disappointed, sad, or frustrated. Give yourself time to process your emotions, but try not to dwell on the rejections for too long.
2.  **Reach out to admissions officers (if possible)**: If you have a strong sense of any of the colleges, consider reaching out to the admissions officers to ask for feedback on your application. This can help you understand areas for improvement and give you valuable insights for future applications.
3.  **Re-evaluate your options**: If you're still set on attending college, consider expanding your college search to include additional schools that you may not have previously considered. You can explore different types of colleges, such as community colleges, liberal arts colleges, or online institutions.
4.  **Talk to a school counselor or advisor**: Your school counselor or academic advisor can provide guidance on your options, help you explore different paths, and offer advice on how to move forward.
5.  **Explore alternative options**: If you're no longer interested in attending college, consider alternative options like:
    *   **Apprenticeships**: Gain hands-on experience in your desired field through apprenticeships or internships.
    *   **Vocational or technical training**: Enroll in a vocational or technical school to learn a specific trade or skill.
    *   **Gap year programs**: Take a gap year to travel, volunteer, or pursue other experiences that can help you grow as a person and clarify your goals.
6.  **Stay positive and focused**: Use this experience as an opportunity to learn and grow. Focus on your strengths, and consider how you can use this time to improve your skills, build your network, and explore new opportunities.
7.  **Develop a plan for the future**: Create a plan for your next steps, whether that's applying to college again, pursuing alternative paths, or taking a gap year.

You're not alone, and there are many paths to success beyond traditional college attendance.",9.71557291675567e-10,1.1661171724349516e-12,99.99966150464637,4.86361704424001e-10
I've been rejected from all the colleges I applied to. What should I do now?,"Being rejected from all the colleges you applied to can be disheartening, but it's not the end of the world. Here are some steps you can take to move forward:

1.  **Allow yourself to grieve and process your emotions**: It's okay to feel sad, frustrated, or disappointed. Give yourself time to process your emotions, but don't let them consume you.
2.  **Reflect on the rejections**: Try to learn from the rejections. Ask yourself:
    *   What could I have done differently?
    *   Were there any areas I could have improved?
    *   Were there any specific reasons mentioned in the rejection letters or emails?
3.  **Re-evaluate your options**:
    *   Consider attending a community college or a vocational school for one or two years to gain experience, skills, or a stronger foundation for your future applications.
    *   Look into alternative programs, such as online or certificate programs, that can still help you achieve your educational and career goals.
    *   If you're interested in the arts, consider applying to conservatories, art schools, or colleges with strong programs in your field.
4.  **Update your application materials**:
    *   Use the feedback from the rejections to strengthen your:
        +   Personal statement or essay
        +   Resume and portfolio (if applicable)
        +   Letters of recommendation (if requested)
        +   Extracurricular activities and volunteer work
5.  **Apply to safety schools and reach schools**:
    *   Review your original list of target and reach schools, and identify which ones you can still apply to.
    *   Consider applying to schools with lower acceptance rates or those with more specific requirements, such as music schools or programs with rigorous admission standards.
    *   Also, apply to safety schools, which are institutions with lower acceptance rates you have a reasonable chance of getting into.
6.  **Stay positive and focused**:
    *   Celebrate your strengths and accomplishments.
    *   Seek support from friends, family, or a guidance counselor to help you stay motivated and on track.
    *   Remind yourself that college is not the only path to success.
7.  **Consider a gap year**:
    *   Use this time to:
        - Travel or work abroad
        - Gain work experience
        - Take online courses or certification programs
        - Focus on personal growth and self-improvement
8.  If you still can't gain admission to any college, explore alternative educational paths:
    *   Consider vocational training or technical schools
    *   Look into apprenticeships or apprenticeships in your desired field
    *   Online courses or certification programs can also provide a more flexible education path.

You are not defined by your grades or rejections. Many successful individuals have faced setbacks and rejections before achieving their goals.",2.796731699976714,1.2061460141914327e-10,85.24227793355467,1.3983658500486642
How do I create a budget?,"Creating a budget can be a straightforward process by following these steps:

1.  **Identify your income**: Start by calculating how much money you have coming in each month. Include all sources of income, such as your salary, investments, and any side hustles.
2.  **Track your expenses**: Make a list of all your fixed expenses, such as rent/mortgage, utilities, groceries, transportation, and minimum payments on debts. You should also include variable expenses, like entertainment, hobbies, and travel.
3.  **Categorize your expenses**: Divide your expenses into categories, such as:
    - Housing (rent/mortgage, utilities, maintenance)
    - Transportation (car loan/gas/insurance, public transportation)
    - Food (groceries, dining out)
    - Insurance (health, life, disability)
    - Debt (credit cards, loans)
    - Entertainment (hobbies, travel, entertainment)
    - Savings (emergency fund, retirement)
4.  **Set financial goals**: Determine what you want to achieve with your budget. Do you want to save for a down payment on a house? Pay off debt? Build an emergency fund? Having clear goals will help you prioritize your spending.
5.  **Assign dollar amounts**: Based on your income and expenses, assign a dollar amount to each category. Be realistic and consider your needs and wants.
6.  **Prioritize needs over wants**: Be honest with yourself about what you need versus what you want. Make sure to prioritize essential expenses, like rent/mortgage and utilities, over discretionary expenses, like dining out or movies.
7.  **Review and adjust**: Review your budget regularly to ensure you're on track to meet your goals. Adjust your spending and income as needed to stay on track.
8.  **Automate your savings**: Set up automatic transfers from your checking account to your savings or investment accounts to make saving easier and less prone to being neglected.
9.  **Monitor and adjust**: Continuously monitor your spending and adjust your budget as needed.

Tools to help you create a budget:

*   Spreadsheets (e.g., Google Sheets, Microsoft Excel)
*   Budgeting apps (e.g., Mint, Personal Capital, YNAB - You Need a Budget)
*   Budgeting software (e.g., Quicken, GnuCash)
*   Paper and pencil

Creating a budget requires patience and discipline, but it's essential for managing your finances effectively and achieving your financial goals.",0.0038823743634298037,4.279109204626975e-12,99.85786138099651,0.0019411871838544564
How do I create a budget?,"Creating a budget can help you manage your finances effectively and achieve your financial goals. Here's a step-by-step guide to creating a budget:

1. **Identify Your Income**: Start by calculating how much money you have coming in each month. Include all sources of income, such as your salary, any side jobs, investments, and government benefits.
2. **Track Your Expenses**: For one month, write down every single expense, including small purchases like coffee or snacks. This will help you understand where your money is going and identify areas for improvement.
3. **Categorize Your Expenses**: Divide your expenses into categories, such as:
	* Housing (rent, utilities, maintenance)
	* Transportation (car payment, insurance, gas)
	* Food (groceries, dining out)
	* Insurance (health, life, disability)
	* Debt (credit cards, loans)
	* Entertainment (hobbies, movies, travel)
	* Savings (emergency fund, retirement)
4. **Set Financial Goals**: Determine what you want to achieve with your budget. Do you want to save for a down payment on a house? Pay off debt? Build an emergency fund?
5. **Assign Percentages**: Allocate a percentage of your income to each category based on your goals and priorities. A general rule of thumb is:
	* Housing: 30%
	* Transportation: 10-15%
	* Food: 10-15%
	* Insurance: 5-10%
	* Debt: 5-10%
	* Entertainment: 5-10%
	* Savings: 10-20%
6. **Create a Budget Plan**: Based on your income, expenses, and goals, create a budget plan that outlines projected income and expenses for each category.
7. **Track and Adjust**: Track your expenses regularly to see if you're on track to meet your goals. Adjust your budget as needed to stay on course.
8. **Consider the 50/30/20 Rule**: Allocate 50% of your income towards necessary expenses (housing, utilities, food), 30% towards discretionary spending (entertainment, hobbies), and 20% towards saving and debt repayment.

**Budgeting Tools**:

1. **Spreadsheets**: Use a spreadsheet software like Google Sheets or Microsoft Excel to create a budget template.
2. **Budgeting Apps**: Consider using apps like Mint, You Need a Budget (YNAB), or Personal Capital to track your expenses and stay on top of your finances.
3. **Pen and Paper**: Write down your budget on a piece of paper or a whiteboard to get a visual representation of your expenses.

**Remember**: Creating a budget is not a one-time task; it's an ongoing process that requires regular review and adjustment. By following these steps and staying committed to your budget, you'll be well on your way to achieving financial stability and success.",0.0003378016487450347,9.316983129584673e-14,99.92569291368461,0.00016890082441910225
How do I create a budget?,"Creating a budget is a simple and essential step to manage your finances effectively. Here's a step-by-step guide to help you create a personal budget:

1.  **Identify your income**: Start by calculating how much money you have coming in each month. Include all sources of income, such as your salary, investments, and any side hustles.
2.  **Track your expenses**: For one month, write down every single expense, including small purchases like coffee or snacks. This will help you understand where your money is going.
3.  **Categorize your expenses**: Divide your expenses into categories, such as:
	* Housing (rent/mortgage, utilities, maintenance)
	* Transportation (car payment, insurance, gas, maintenance)
	* Food (groceries, dining out)
	* Insurance (health, life, disability)
	* Debt repayment (credit cards, loans)
	* Entertainment (hobbies, entertainment, travel)
	* Savings (emergency fund, retirement)
4.  **Set financial goals**: Determine what you want to achieve with your budget. Do you want to save for a down payment on a house, pay off debt, or build an emergency fund?
5.  **Assign percentages**: Allocate a percentage of your income to each category based on your priorities. A general rule of thumb is:
	* Housing: 30%
	* Transportation: 10-15%
	* Food: 10-15%
	* Insurance: 5-10%
	* Debt repayment: 5-10%
	* Entertainment: 5-10%
	* Savings: 10-20%
6.  **Create a budget plan**: Based on your income and expenses, create a budget plan that outlines projected income and expenses for each month.
7.  **Monitor and adjust**: Track your spending throughout the month and compare it to your budget plan. Make adjustments as needed to stay on track.
8.  **Automate your savings**: Set up automatic transfers from your checking account to your savings or investment accounts to make saving easier and less prone to being neglected.
9.  **Review and revise**: Regularly review your budget to ensure it's working for you. Revise it as needed to reflect changes in your income, expenses, or financial goals.

**Budgeting tools:**

1.  **Spreadsheet software**: Excel, Google Sheets, or LibreOffice Calc can help you create a budget template and track your expenses.
2.  **Budgeting apps**: Mint, You Need a Budget (YNAB), Personal Capital, or Wally can help you track your spending, create a budget, and set financial goals.
3.  **Envelope system**: Divide your expenses into categories and use an envelope for each category to track your spending.

**Tips:**

1.  **Prioritize needs over wants**: Be honest about what you need versus what you want.
2.  **Avoid impulse purchases**:",6.534012059328168e-05,3.644718479512681e-13,94.85280778635037,3.2670060478876766e-05
How do I create a budget?,"Creating a budget involves several steps that help you track your income and expenses, prioritize your spending, and make conscious financial decisions. Here's a step-by-step guide to creating a budget:

1. **Identify Your Income**:
   - Start by calculating how much money you have coming in each month from all sources, including your salary, investments, and any side hustles.
   - Consider using the 50/30/20 rule as a starting point: Allocate 50% of your income towards necessary expenses, 30% for discretionary spending, and 20% for saving and debt repayment.

2. **Track Expenses**:
   - For one month, write down every single place you spend money, no matter how big or small the expense.
   - Categorize your expenses into needs (housing, utilities, food, transportation, rent/mortgage, healthcare), wants (entertainment, leisure, hobbies), and debt.
   - Use a budgeting app or spreadsheet to track and categorize your expenses for a more organized view.

3. **Set Financial Goals**:
   - Identify your short-term (less than a year) and long-term (more than a year) goals, such as saving for a vacation, paying off debt, or becoming a homeowner.

4. **Assign Categories and Allocate**:
   - Divide your expenses into essential (housing, utilities, food, etc.), savings (emergency fund, retirement, etc.), and debt repayment (credit cards, loans, etc.).
   - Allocate a specific amount to each category based on your income and goals.

5. **Prioritize Needs over Wants**:
   - Use the 50/30/20 rule to prioritize essential expenses, making sure you're covering necessary expenses first.
   - Consider cutting back on discretionary spending if you're consistently overspending in this category.

6. **Monitor and Adjust**:
   - Periodically review your budget to ensure you're staying on track.
   - Adjust your spending and expense allocations as needed to reflect changes in your income, expenses, or goals.

**Tips and Considerations**:

- Automate your savings by setting up automatic transfers to designated accounts.
- Avoid impulse purchases, using the 30-second rule (wait 30 seconds before buying something) to assess if it's really necessary.
- Consider implementing the cash envelope system for discretionary spending to maintain discipline.
- Review and adjust your budget quarterly or bi-annually to maintain a realistic and relevant financial plan.

Creating a budget is not a one-time task, it's a continuous process that involves reviewing, adjusting, and adapting to your changing financial situation.",5.820454803936129e-10,3.8325837445759465e-12,99.99455327921318,2.929390320690944e-10
How do I create a budget?,"Creating a budget is a straightforward process that helps you manage your finances effectively. Here's a step-by-step guide to creating a budget:

1.  **Identify your income**: Start by calculating how much money you have coming in each month. Include all sources of income, such as your salary, investments, and any side hustles.
2.  **Track your expenses**: For one month, write down every single expense you have, including small purchases like coffee or snacks. This will help you understand where your money is going and identify areas where you can cut back.
3.  **Categorize your expenses**: Group your expenses into categories, such as:
    *   Housing (rent/mortgage, utilities, insurance)
    *   Transportation (car loan/gas/insurance, public transportation)
    *   Food (groceries, dining out)
    *   Insurance (health, life, disability)
    *   Debt repayment (credit cards, loans)
    *   Entertainment (hobbies, travel, movies)
    *   Savings (emergency fund, retirement)
4.  **Set financial goals**: Determine what you want to achieve with your budget. Do you want to save for a down payment on a house? Pay off debt? Increase your savings?
5.  **Assign percentages**: Allocate a percentage of your income to each category based on your goals and priorities. A general rule of thumb is:
    *   Housing: 30%
    *   Transportation: 10-15%
    *   Food: 10-15%
    *   Insurance: 5-10%
    *   Debt repayment: 5-10%
    *   Entertainment: 5-10%
    *   Savings: 10-20%
6.  **Create a budget plan**: Use a budgeting app, spreadsheet, or pen and paper to fill in your income and expenses. Be sure to include a buffer for unexpected expenses, such as car repairs or medical bills.
7.  **Monitor and adjust**: Regularly track your spending to ensure you're on track to meet your goals. Adjust your budget as needed to stay on course.

   Some popular budgeting methods include:
1.  **50/30/20 rule**: Allocate 50% of your income towards necessary expenses (housing, utilities, food), 30% towards discretionary spending (entertainment, hobbies), and 20% towards savings and debt repayment.
2.  **Envelope system**: Divide your expenses into categories and place the corresponding budgeted amount into an envelope for each category. Use cash and stick to it.
3.  **Zero-based budgeting**: Start from a ""zero balance"" and assign every single dollar to a specific category.

Creating a budget is not a one-time task; it's an ongoing process that requires regular monitoring and adjustments. By following these steps, you'll be able to manage your finances effectively and achieve your financial goals.",0.0005307887306476649,4.176210715417968e-12,99.99779868209161,0.0002653943674119378
What should I consider before getting a pet?,"Having a pet is a significant decision and commitment, and there are several factors to consider before bringing a new furry or scaly friend into your life. Here are some essential things to consider:

1.  **Lifestyle:** Consider your daily routine, work schedule, and social calendar. Some pets require more attention and exercise than others. Make sure you have enough time to care for your pet and provide the attention and exercise they need.

2.  **Space:** Think about the size of your living space and whether you have enough room for a pet to live comfortably. Some pets require a lot of space to move around, while others can thrive in smaller spaces.

3.  **Budget:** Determine how much you are willing to spend on pet food, vet bills, and other expenses. Pets can be expensive, and unexpected vet visits can be costly.

4.  **Allergies:** If someone in your household has allergies, it's essential to choose a pet that doesn't trigger allergic reactions. Some pets, like cats and dogs, can cause allergies, while others like fish or reptiles may be better options.

5.  **Responsibility:** Consider whether you are ready to take on the responsibility of caring for a pet. This includes tasks like feeding, grooming, and providing regular veterinary care.

6.  **Research:** Research different types of pets to find the one that best fits your lifestyle and preferences. Consider factors like pet energy levels, noise levels, and grooming needs.

7.  **Cost of Care:** In addition to the initial cost of purchasing a pet, consider the ongoing costs of care, including food, vaccinations, and vet bills.

8.  **Family Considerations:** If there are children in the household, consider a pet that is kid-friendly and gentle. Some pets, like dogs and cats, can be good with children, while others may not be suitable.

9.  **Long-term Commitment:** Owning a pet is a long-term commitment (10-20 years or more, depending on the pet). Consider whether you are prepared to make a long-term commitment to caring for your pet.

10. **Support System:** Having a support system is essential when caring for a pet. Consider whether you have friends or family members who can help with pet care if needed.

11. **Pet-proofing:** Consider pet-proofing your home to make sure it's safe for your pet. This includes removing hazardous items, securing toxic substances, and blocking off areas that could be off-limits to your pet.

12.  **Local Regulations:** Check local regulations regarding pet ownership, such as licensing requirements, vaccination laws, and restrictions on certain types of pets.

13.  **Veterinary Care:** Find a reliable and trustworthy veterinarian before bringing your pet home. This will ensure your pet gets the care it needs and you can ask any questions or concerns.

14.  **Emergency Planning:** Plan for emergencies, such as natural disasters or unexpected vet visits.",6.31809044600128,1.3442236632556499e-11,98.82947350348849,3.1590452230073613
What should I consider before getting a pet?,"Congratulations on considering getting a pet. Here are some important things to consider before bringing a new furry (or not-so-furry) friend into your life:

1.  **Allergies**: If someone in your household has allergies, it's essential to assess the situation before bringing a pet into the home.
2.  **Time commitment**: Pets require a significant amount of time and attention, including regular feeding, exercise, and playtime. Ensure that you have enough time to devote to your pet before bringing one home.
3.  **Financial resources**: Owning a pet can be expensive, with costs including food, vet bills, and supplies. Make sure you can afford the expenses associated with pet ownership.
4.  **Lifestyle**: If you travel frequently, you'll need to arrange for pet care while you're away. Think about how your lifestyle will impact your pet's needs and whether you can make the necessary arrangements.
5.  **Space**: Consider the size of your living space and whether it's suitable for a pet. Some pets require a lot of space to roam, while others are content with smaller areas.
6.  **Energy level**: Choose a pet that matches your energy level. If you're an active person, a high-energy pet like a dog may be a good fit. If you're more laid-back, a lower-energy pet like a cat may be the best choice.
7.  **Long-term commitment**: Most pets live for 10-20 years or more, so consider whether you're prepared for a long-term commitment.
8.  **Breed characteristics**: Research the breed of pet you're interested in and consider its temperament, grooming needs, and potential health issues.
9.  **Veterinary care**: Make sure you have access to a local veterinarian and understand the costs associated with pet care.
10. **Socialization**: Some pets require socialization and attention from human interaction, while others are more independent. Consider whether you have the time and ability to provide the socialization your pet needs.
11.  **Other pets in the home**: If you already have pets, consider how a new pet will interact with them and whether they'll get along.
12.  **Rescue or purchase**: Decide whether you want to adopt a rescue pet or purchase from a breeder.
13.  **Local laws and regulations**: Research local laws and regulations regarding pet ownership, such as licensing and vaccination requirements.
14.  **Your emotional readiness**: Consider whether you're emotionally prepared to care for a pet, especially if you've never had one before.

By carefully considering these factors, you can make an informed decision about whether getting a pet is right for you and your lifestyle.",0.11342299573306563,2.408318228214462e-09,99.99970058024999,0.05671149907069193
What should I consider before getting a pet?,"Before getting a pet, consider the following factors:

1. **Your lifestyle**: Think about your work schedule, travel frequency, and social life. Will you have enough time to care for a pet, or will you be leaving it alone for extended periods?
2. **Space and living situation**: Measure your living space to determine if you have enough room for a pet of a specific size. Also, consider apartment or housing rules and regulations.
3. **Family dynamics**: If you have young children, you'll need to consider their age and ability to interact with pets safely. If you have other pets, ensure they'll get along.
4. **Pet needs and expenses**: Research the cost of pet care, including food, vet bills, vaccinations, and supplies. Factor in the long-term commitment.
5. **Pet type and characteristics**: Different pets have unique needs, temperaments, and requires different levels of care. Research the breed or species to ensure it's a good fit for your lifestyle.
6. **Allergies and sensitivities**: If someone in your household has allergies, consider getting a pet that's hypoallergenic or low-maintenance in terms of grooming.
7. **Training and behavior**: Consider how you'll train and manage your pet's behavior, especially if you have a busy or noisy household.
8. **Vet care and emergencies**: Find a local veterinarian and prepare for unexpected veterinary expenses and emergencies.
9. **Pet-friendly activities and locations**: Research local parks, pet-friendly areas, and activities suitable for your pet to engage in with you.
10. **Long-term commitment**: Pets require a long-term commitment, so be prepared to care for them for at least 10 to 15 years or more, depending on the species.
11. **Pet-proofing your home**: Prepare your home to be pet-friendly, including pet-proofing electrical cords, hazardous materials, and spaces.
12. **Budget for emergencies**: Set aside a separate fund for unexpected pet-related expenses, such as unexpected vet visits or pet damage to your home.

When considering a specific pet, ask yourself:

- How much exercise and interaction does the pet need?
- What kind of grooming does it require?
- How much socialization will it require?
- Are there specific veterinary needs or requirements?
- How will you manage shedding, noise, or other potential issues?

By considering these factors, you can make an informed decision about whether getting a pet is right for you and choose a pet that fits your lifestyle and needs.",2.2438644929350398,4.051913957904964e-11,97.16422491954839,1.1219322464877794
What should I consider before getting a pet?,"Before getting a pet, there are several factors to consider to ensure that you're making an informed decision and setting yourself and your pet up for a happy and healthy relationship.

1. **Your Lifestyle:**
	* Do you have a busy schedule or a consistent routine?
	* How much time do you have to devote to your pet's care and exercise?
	* Do you travel frequently or have a stable living situation?

2. **Financial Resources:**
	* Can you afford the cost of pet care, including food, vet bills, and supplies?
	* Consider the cost of vaccinations, spaying/neutering, and potential medical emergencies.

3. **Space and Living Situation:**
	* Do you have enough space in your home for a pet to live comfortably?
	* Consider the breed or size of the pet you're interested in and make sure your living situation can accommodate it.
	* If you rent, check with your landlord to see if pets are allowed.

4. **Responsibility and Commitment:**
	* Are you prepared to take on the responsibility of caring for a pet for its entire life (10-20+ years)?
	* Be honest about your long-term commitment to providing a stable and loving home for your pet.

5. **Pet-Related Allergies or Concerns:**
	* Do you or a family member have allergies or sensitivities to pets?
	* Consider the type of pet and any potential allergies or concerns before bringing one home.

6. **Research the Breed or Type:**
	* Learn about the specific needs, temperament, and personality of the pet you're interested in.
	* Understand their energy level, grooming needs, and potential health issues.

7. **Prepare Your Home:**
	* Pet-proof your home by removing hazardous items, securing toxic substances, and setting up a safe space for your pet.
	* Consider pet-friendly products, such as pet beds, toys, and leashes.

8. **Local Regulations and Laws:**
	* Check local laws and regulations regarding pet ownership, licenses, and vaccinations.
	* Ensure you're complying with all local regulations.

9. **Time for Training and Socialization:**
	* Some pets may require training or socialization, especially if they're young or haven't been socialized to people and other animals.
	* Consider enrolling in training classes or seeking professional help if needed.

10. **Network and Support:**
	* Connect with other pet owners, especially if you're new to pet ownership.
	* Look for online communities, pet forums, or local pet support groups for advice and guidance.

Remember, getting a pet is a significant responsibility, but it can also bring immense joy and companionship to your life. Take the time to carefully consider these factors before making a decision that's best for you and your pet.",0.001417977504510763,6.8780625240229375e-12,99.99999675120507,0.0007089887556944128
What should I consider before getting a pet?,"Congratulations on considering getting a pet. Here are some essential things to consider before bringing a new furry (or scaly) friend home:

1.  **Your Lifestyle**: Evaluate your work schedule, travel frequency, and social life. Will you have time to care for a pet, or will you be away for long periods? Some pets require more attention than others.
2.  **Space and Living Situation**: Consider the size of your living space, whether you rent or own, and if there are any pet restrictions. Choose a pet that fits well in your home and does not exceed space limits.
3.  **Costs**: Calculate the costs of pet food, veterinary care, supplies, and potential emergencies. Factor in the long-term commitment and expenses, as pets can live for 10-20 years or more.
4.  **Allergies and Sensitivities**: If someone in your household has allergies or sensitivities, consider this when choosing a pet. Some animals are hypoallergenic, while others can trigger severe reactions.
5.  **Responsibility**: Consider whether you're ready to take on the responsibilities of pet ownership, including regular care, training, and potential behavioral issues.
6.  **Research Different Types of Pets**: Learn about various pets, their needs, temperaments, and characteristics. Some pets are low-maintenance, while others require more attention and social interaction.
7.  **Pet Care and Maintenance**: Consider the grooming needs, diet, and exercise requirements of the pet. Some pets need regular grooming, while others require plenty of exercise and playtime.
8.  **Veterinary Care**: Research local veterinarians and their services, including emergency care, regular check-ups, and preventative care.
9.  **Socialization**: Think about whether you want a pet that is social and friendly or more independent. Consider the needs of your family members, especially children, if any.
10. **Long-term Commitment**: Pets require a long-term commitment (10-20 years or more), so consider your ability to provide a stable and loving home for the duration of the pet's life.
11.  **Supervision**: Ensure all members of your household are willing and able to participate in pet care and supervision responsibilities.
12.  **Breeding and Rescue**: Consider adopting from shelters, rescues, or reputable breeders, and ensure the pet is spayed or neutered to prevent overpopulation and reduce health risks.

Some popular pets to consider:

- Dogs
- Cats
- Fish
- Small mammals (guinea pigs, hamsters, etc.)
- Reptiles and amphibians
- Birds
- Horses or other equine animals

Ultimately, it's essential to choose a pet that fits your lifestyle, living situation, and personal preferences.",0.3256594633133497,1.7303254874669238e-07,99.56095782594483,0.16282981817294923
How does encryption work?,"Encryption is a method of protecting information by converting it into a form that's unreadable to anyone without the decryption key. Here's a simplified overview of the encryption process:

**Key Concepts:**

1. **Plaintext:** The original, unencrypted data (e.g., a message or file).
2. **Ciphertext:** The encrypted data (unreadable to anyone without the key).
3. **Encryption algorithm:** A set of rules that scrambles the plaintext to create ciphertext.
4. **Decryption algorithm:** A set of rules that reverses the encryption process to retrieve the original plaintext.
5. **Key:** A secret code or password used to encrypt and decrypt data.

**The Encryption Process:**

1. **Data selection:** Choose the data to be encrypted (plaintext).
2. **Encryption algorithm selection:** Choose an encryption algorithm (e.g., AES, RSA, or DES).
3. **Key generation:** Generate the encryption key (secret code or password).
4. **Encryption:** Apply the encryption algorithm to the plaintext, using the encryption key, to create ciphertext.
5. **Code:**

Example of encryption process:

Plaintext: Hello, World!
Encryption algorithm: AES
Key: MySecretPassword

Ciphertext: encrypted text using AES with MySecretPassword

**The Decryption Process:**

1. **Data selection:** Choose the ciphertext (encrypted data).
2. **Decryption algorithm selection:** Choose the decryption algorithm corresponding to the encryption algorithm used.
3. **Key generation:** Obtain the decryption key (secret code or password).
4. **Decryption:** Apply the decryption algorithm to the ciphertext, using the decryption key, to retrieve the plaintext.
5. **Code:**

Example of decryption process:

Ciphertext: encrypted text using AES with MySecretPassword
Decryption algorithm: AES
Key: MySecretPassword

Plaintext: Hello, World!

**Types of Encryption:**

1. **Symmetric encryption:** Uses the same key for both encryption and decryption (e.g., AES).
2. **Asymmetric encryption:** Uses a pair of keys, one for encryption (public key) and another for decryption (private key) (e.g., RSA).
3. **Hashing:** One-way encryption, where the ciphertext is fixed-size and unique for every input (e.g., SHA-256).

**Real-World Applications:**

1. **Data protection:** Encrypting sensitive data, like passwords, credit card numbers, and personal info.
2. **Secure communication:** Encrypting data transmitted over the internet (HTTPS).
3. **Digital signatures:** Using cryptographic hash functions to verify authenticity and integrity.
4. **Secure online transactions:** Encrypting financial transactions and information.

Remember, encryption is a complex process that requires expertise and care to implement effectively. Always choose reputable encryption methods and follow best practices to ensure secure data protection.",1.1558900060022423e-08,4.14405791585697e-11,95.00079356178836,5.800170319590496e-09
How does encryption work?,"Encryption is the process of converting plaintext (readable information) into an unreadable format, known as ciphertext, to protect it from unauthorized access. Here's a simplified explanation of how encryption works:

**Key Concepts:**

1. **Plaintext**: The original, readable data (e.g., text, images, or videos).
2. **Ciphertext**: The encrypted, unreadable data.
3. **Key**: A secret code or password used to encrypt and decrypt the data.
4. **Algorithm**: A set of instructions or mathematical formulas used to transform the plaintext into ciphertext.

**The Encryption Process:**

1. **Key Generation**: A key is created, which can be a random number or a complex mathematical formula.
2. **Encryption Algorithm**: The plaintext is passed through the encryption algorithm, using the key to encrypt the data.
3. **Encryption**: The algorithm transforms the plaintext into ciphertext using the key. This is done using mathematical operations like substitution, permutation, or both.
4. **Ciphertext**: The encrypted data is now unreadable and protected.

**Decryption Process:**

1. **Key Exchange**: The key is shared between the sender and the intended recipient.
2. **Decryption Algorithm**: The ciphertext is passed through the decryption algorithm, using the key to decrypt the data.
3. **Decryption**: The algorithm transforms the ciphertext back into plaintext using the key, reversing the encryption process.
4. **Plaintext**: The original, readable data is now accessible to the intended recipient.

**Types of Encryption:**

There are several types of encryption, including:

1. **Symmetric Encryption**: Uses the same key for both encryption and decryption (e.g., AES, DES).
2. **Asymmetric Encryption**: Uses a public key for encryption and a private key for decryption (e.g., RSA).
3. **Hashing**: One-way encryption, where data is transformed into a fixed-size string (e.g., SHA-256).
4. **Block Cipher**: Encrypts data in fixed-size blocks (e.g., AES).

**Real-World Examples:**

Encryption is used in various applications, such as:

1. **Secure Web Browsing**: HTTPS uses SSL/TLS encryption to protect data transmitted between browsers and websites.
2. **Secure Email**: Email providers like Gmail use encryption to protect user emails.
3. **Virtual Private Networks (VPNs)**: Encrypts internet traffic to secure communication over public networks.
4. **Digital Signatures**: Uses asymmetric encryption to sign documents and verify authenticity.

**Common Encryption Techniques:**

1. **Caesar Cipher**: Shifts characters by a fixed number of positions.
2. **Vigenere Cipher**: Uses a keyword to encrypt and decrypt text.
3. **Blowfish**: A fast and efficient block cipher used for symmetric encryption.
4. **Diffie-Hellman Key Exchange**: A key exchange protocol for secure key exchange.

This is a basic overview of encryption. If",1.4677836121568792e-11,5.38322085306753e-11,94.88341825156581,3.4255022326122046e-11
How does encryption work?,"Encryption is a process of converting plaintext (readable data) into ciphertext (unreadable data) to protect it from unauthorized access. Here's a simplified overview of how encryption works:

**Key components:**

1. **Plaintext:** The original data to be encrypted, such as a message or a file.
2. **Encryption algorithm:** A set of mathematical formulas that scramble the plaintext to make it unreadable. Common encryption algorithms include AES (Advanced Encryption Standard), RSA, and elliptic curve cryptography.
3. **Key:** A secret code used to control the encryption and decryption process. There are two types of keys:
	* **Symmetric key:** The same key is used for both encryption and decryption.
	* **Asymmetric key:** A pair of keys, one public key for encryption and a private key for decryption.
4. **Ciphertext:** The encrypted plaintext.

**Encryption process:**

1. **Key generation:** A key is generated, which can be a random or a predefined value.
2. **Plaintext processing:** The plaintext is fed into the encryption algorithm.
3. **Encryption:** The encryption algorithm applies a series of mathematical transformations to the plaintext using the key. This generates the ciphertext.
4. **Ciphertext transmission:** The ciphertext is sent over a secure channel or stored on a secure device.

**Decryption process:**

1. **Key retrieval:** The recipient obtains the correct key (symmetric or private asymmetric key).
2. **Ciphertext processing:** The ciphertext is fed into the decryption algorithm.
3. **Decryption:** The decryption algorithm reverses the mathematical transformations from the encryption process, using the key, to obtain the original plaintext.
4. **Plaintext recovery:** The decrypted plaintext is recovered.

**Types of encryption:**

1. **Symmetric encryption:** Uses the same key for both encryption and decryption (e.g., AES).
2. **Asymmetric encryption:** Uses a pair of keys (public and private) for encryption and decryption (e.g., RSA).
3. **Hash-based encryption:** A one-way function (hash function) is used to create a fixed-size digital fingerprint of the plaintext, rather than an encrypting it (e.g., SHA-256).

**Common encryption techniques:**

1. **Block encryption:** Encrypts fixed-size blocks of plaintext at a time (e.g., AES).
2. **Stream encryption:** Encrypts individual plaintext bytes or bits in a continuous stream (e.g., RC4).
3. **Hybrid encryption:** Combines symmetric and asymmetric encryption (e.g., encrypting a symmetric key with RSA and then using AES).

Remember, encryption is a complex and continuously evolving field. This simplified explanation provides a basic understanding of the encryption process, but keep in mind that various encryption protocols and techniques may employ additional features and nuances.",1.1937025484341242e-07,5.348983482042981e-12,99.48737521688241,5.968780191344723e-08
How does encryption work?,"Encryption is the process of converting plaintext (readable data) into ciphertext (unreadable data) to protect it from unauthorized access. It works by using algorithms and techniques to scramble the data, making it unintelligible to anyone without the decryption key or password. Here's a simplified overview of how encryption works:

**Key components:**

1. **Plaintext**: The original readable data, such as text, images, or audio.
2. **Encryption algorithm**: A mathematical formula or procedure that transforms the plaintext into ciphertext.
3. **Key**: A secret code or password used to encrypt and decrypt the data.
4. **Ciphertext**: The encrypted data, which is unreadable without the decryption key.
5. **Decryption algorithm**: The reverse process of the encryption algorithm, used to transform ciphertext back into plaintext.

**The encryption process:**

1. **Data preparation**: The plaintext is fed into the encryption algorithm.
2. **Encryption algorithm application**: The algorithm applies a series of mathematical transformations to the plaintext, using the key to scramble the data.
3. **Key application**: The encryption key is used to generate a specific sequence of operations or substitutions that will be applied to the plaintext.
4. **Ciphertext generation**: The encrypted data is generated, which is the ciphertext.

**The decryption process:**

1. **Ciphertext reception**: The ciphertext is received by the decryption system or a device.
2. **Decryption key application**: The decryption key is used to reverse the encryption operations and restore the original plaintext.
3. **Decryption algorithm application**: The decryption algorithm reverses the encryption algorithm, undoing the mathematical transformations applied during encryption.
4. **Plaintext recovery**: The original plaintext is recovered from the ciphertext.

**Types of encryption:**

1. **Symmetric-key encryption**: The same key is used for both encryption and decryption.
2. **Asymmetric-key encryption**: A pair of keys (public key and private key) is used for encryption and decryption, respectively.
3. **Hashing**: A one-way process that generates a fixed-size string of characters (hash) from the plaintext, which can be used to verify data integrity.

**Encryption types:**

1. **AES (Advanced Encryption Standard)**: A widely used symmetric-key block cipher for encrypting data.
2. **RSA (Rivest-Shamir-Adleman)**: An asymmetric-key algorithm for encryption and decryption.
3. **SSL/TLS (Secure Sockets Layer/Transport Layer Security)**: A protocol for secure online communication.
4. **IDEA (International Data Encryption Algorithm)**: A symmetric-key block cipher.

**Real-world applications of encryption:**

1. **Online banking and financial transactions**: Protecting sensitive financial information.
2. **Secure messaging apps**: Messaging apps like WhatsApp and Signal use end-to-end encryption to protect user conversations.
3. **Cloud storage**: Cloud services like Dropbox and Google Drive use encryption to protect user data.
",2.444929921316439e-12,2.126988508391064e-13,95.1915336145644,1.3288143860777726e-12
How does encryption work?,"Encryption is the process of transforming plaintext (readable data) into ciphertext (unreadable data) to protect it from unauthorized access. It uses algorithms and encryption keys to encode and decode the data. Here's a simplified overview of how encryption works:

**Key Components:**

1. **Plaintext:** The original, readable data that needs to be protected.
2. **Encryption Algorithm:** A set of rules and techniques used to encode the plaintext into ciphertext.
3. **Encryption Key:** A secret code used to scramble the plaintext and unscramble the ciphertext.
4. **Ciphertext:** The encoded data that is unreadable without the decryption key.

**The Encryption Process:**

1. **Key Generation:** A pair of keys is generated: a public key (used for encryption) and a private key (used for decryption). The public key can be shared publicly, while the private key is kept secret.
2. **Plaintext Encoding:** The plaintext is fed into the encryption algorithm, which uses the public key to scramble the data.
3. **Ciphertext Generation:** The encrypted data is generated, which is now unreadable and protected.
4. **Ciphertext Storage or Transmission:** The ciphertext is stored or transmitted to a recipient.
5. **Decryption:** The recipient uses the private key to decrypt the ciphertext, restoring the original plaintext.

**Types of Encryption:**

1. **Symmetric Encryption:** Uses the same key for encryption and decryption (e.g., AES).
2. **Asymmetric Encryption:** Uses a public key for encryption and a private key for decryption (e.g., RSA).
3. **Hashing:** A one-way encryption technique that produces a fixed-size string of characters (e.g., SHA-256).

**Encryption Methods:**

1. **Block Ciphers:** Divide the plaintext into fixed-size blocks and encrypt each block separately (e.g., AES).
2. **Stream Ciphers:** Encrypt each bit or byte of the plaintext individually (e.g., RC4).
3. **Hybrid Ciphers:** Combine block and stream ciphers for enhanced security (e.g., AES-GCM).

**Real-World Applications:**

1. **Secure Web Browsing:** HTTPS uses encryption to protect data transmitted between a web browser and a server.
2. **Secure Email:** Encryption is used to protect email messages, such as PGP (Pretty Good Privacy).
3. **Secure Connections:** Encryption is used in Secure Sockets Layer (SSL) and Transport Layer Security (TLS) to secure online transactions.
4. **Data Storage:** Encryption is used to protect stored data on devices, such as encryption on smartphones and laptops.

In summary, encryption is the process of transforming plaintext into ciphertext using algorithms and encryption keys to protect data from unauthorized access.",3.0433832329318913e-13,3.9216703028555374e-13,95.3770225689683,3.4825267678937143e-13
What are the planets in our solar system?,"There are 8 official planets in our solar system. They are listed in order from the Sun:

1.  Mercury: The smallest planet in our solar system, with a highly elliptical orbit. It's also the closest planet to the Sun.

2.  Venus: Known for its thick atmosphere and extremely high surface temperatures due to a strong greenhouse effect.

3.  Earth: The third planet from the Sun and the only known planet with life. Our home planet, where humans and various other forms of life exist.

4.  Mars: A rocky planet known for its reddish appearance due to iron oxide. It's considered a potential candidate for future human exploration and potentially having past life.

5.  Jupiter: The largest planet in the solar system, primarily composed of gas. It's a massive gas giant, known for its Great Red Spot and many moons.

6.  Saturn: Another large gas giant, known for its stunning ring system. Saturn has over 80 known moons and is famous for its beauty.

7.  Uranus: An ice giant planet, with a tilted axis that causes extreme seasons on the planet. It has a thin atmosphere and multiple ring systems.

8.  Neptune: The farthest planet from the Sun and the last of our 8 officially recognized planets. Neptune is also an ice giant with strong winds and storm systems.

In recent years, there have been suggestions to reclassify Pluto as a dwarf planet. This decision was made at the International Astronomical Union (IAU) in 2006. However, the IAU's definition defines a planet as an object that must:

1.  Be in orbit around the Sun.
2.  Be massive enough to be rounded by its own gravity.
3.  Have cleared the neighborhood around its orbit.

Pluto does not meet the final criterion and is classified as a dwarf planet instead of a full-fledged planet.",3.7717634069186086e-14,5.881367487170417e-12,99.9998437520277,2.9595425606198015e-12
What are the planets in our solar system?,"There are eight recognized planets in our solar system. They are listed below in order from the Sun, based on their proximity:

1.  Mercury
2.  Venus
3.  Earth 
4.  Mars 
5.  Jupiter
6.  Saturn
7.  Uranus
8.  Neptune

In addition to the eight planets, Pluto was previously classified as the ninth planet in our solar system but in 2006 the International Astronomical Union (IAU) reclassified Pluto as a dwarf planet.

Dwarf planets are objects in the solar system that are large enough to be rounded by their own gravity but have not cleared their orbits of other debris, as required of a planet in the IAU definition.

1.  Ceres is the largest object in the asteroid belt and a dwarf planet.
2.  Pluto (now classified as a dwarf planet.)
3.  Eris (a dwarf planet beyond Neptune's orbit)
4.  Haumea (a dwarf planet with an irregular shape)
5.  Makemake (a dwarf planet in the outer solar system)
6.  Sedna (a dwarf planet with a highly eccentric orbit)
7.  Quaoar (a dwarf planet on a distant and cold orbit)
8.  Triton (Neptune's moon with characteristics like a dwarf planet, but too small to be classified as a separate dwarf planet)",1.1455183763735833e-11,3.126522185975782e-13,88.1353302428636,5.883917991166706e-12
What are the planets in our solar system?,"Our solar system consists of eight planets: 

1. Mercury: The smallest and innermost planet in the solar system, Mercury is known for its extremely close proximity to the sun and its scorching hot temperatures.

2. Venus: The second planet from the sun and the planet with the hottest surface temperature in the solar system. It's known for thick clouds of sulfuric acid and a dense atmosphere.

3. Earth: The third planet from the sun, Earth is the only known home to life in the universe. It has a perfect balance of atmosphere, temperature, and elements to support various forms of life.

4. Mars: Known as the 'Red Planet,' Mars has a reddish hue caused by iron oxide and is believed to have had water lakes in the past.

5. Jupiter: The largest planet in the solar system, Jupiter is a gas giant with massive size and the strongest storm in the solar system, known as the Great Red Spot.

6. Saturn: Another gas giant, Saturn is known for its stunning ring system, which is made up of ice crystals and dust.

7. Uranus: The seventh planet from the sun, Uranus is an ice giant with tilted rotation that is one of its unique features.

8. Neptune: The farthest planet from the sun, Neptune is also an ice giant, featuring high-pressure and low-pressure systems that have created massive storm systems on the planet.

Additionally, Pluto was initially considered a planet but was reclassified as a dwarf planet in 2006 due to its size.",3.930262328704489e-09,4.562833369926106e-13,99.99971622190355,1.9653593060207405e-09
What are the planets in our solar system?,"There are eight planets in our solar system. They are listed in order from the Sun:

1. Mercury
2. Venus
3. Earth
4. Mars
5. Jupiter
6. Saturn
7. Uranus
8. Neptune

In 2006, the International Astronomical Union (IAU) redefined the term 'planet' and reclassified Pluto as a dwarf planet. This decision is widely accepted by the scientific community.

Here's additional information on the other objects in our solar system:

- Dwarf Planets: Pluto, in addition to Eris and other smaller celestial bodies found in the Kuiper Belt.

- Moons: There are many moons in our solar system. Some notable ones include the Moon of Earth, Ganymede (Jupiter's moon), and Titan (Saturn's moon).

- Dwarf planet Pluto has 5 known moons: Charon, Nix, Hydra, Kerberos, and Styx.

Some other notable features in the solar system include asteroids, comets, and the Kuiper Belt and the Oort Cloud (comprised of icy objects and dust).",4.52013107474281e-12,8.933471642909624e-11,95.0525467060523,4.6927423751919525e-11
What are the planets in our solar system?,"There are eight recognized planets in our solar system, in order from the Sun:

1.  Mercury: a small, rocky planet that is closest to the Sun.
2.  Venus: a scorching hot planet with a thick atmosphere.
3.  Earth: our home planet, a water-covered planet with a diverse range of ecosystems.
4.  Mars: a rocky planet known for its reddish appearance and potential for supporting life.
5.  Jupiter: the largest planet in our solar system, a gas giant with a massive atmosphere.
6.  Saturn: another gas giant with stunning ring systems.
7.  Uranus: an icy planet with a tilted axis that causes unique seasons.
8.  Neptune: the farthest planet from the Sun, a cold and icy gas giant.

Note that Pluto was previously considered a planet but in 2006 was reclassified as a dwarf planet by the International Astronomical Union (IAU).",4.746899876802467e-13,1.780957609740892e-11,99.99991236961972,9.142133042544583e-12
How do I write a good resume?,"Writing a good resume can be a daunting task, but with a clear understanding of the key elements and a bit of strategy, you can create a compelling document that showcases your skills, experience, and achievements. Here's a step-by-step guide to help you write a effective resume:

**1. Define your objective:**
Before you start writing your resume, define your objective. What type of job are you targeting? What are your career goals? What are your unique strengths and qualifications? Having a clear idea of what you want will help you tailor your resume to the specific job or career path you're interested in.

**2. Choose a format:**
There are three main types of resume formats: chronological, functional, and combination. A chronological resume lists your work experience in reverse chronological order, with the most recent experience first. A functional resume focuses on your skills and qualifications rather than your work history. A combination resume combines elements of both formats.

**3. Use a clear and concise font:**
Use a standard font, such as Arial, Calibri or Helvetica, in size 10 or 11 points. Avoid using fonts that are too ornate or difficult to read.

**4. Write a strong summary:**
Your summary or professional summary should be a brief overview of your experience, skills, and achievements. It should be a compelling introduction that grabs the reader's attention.

**5. List your education:**
Include your educational background, including degrees, certifications, and relevant courses.

**6. Highlight your skills:**
List your relevant skills, including technical, language, and soft skills. Use action verbs, such as ""managed,"" ""created,"" and ""developed,"" to describe your skills.

**7. Emphasize achievements:**
Instead of just listing your job responsibilities, focus on the achievements and results you've achieved in your previous roles. Quantify your achievements by using numbers and statistics.

**8. Use keywords:**
Use keywords related to the job you're applying for. This will help your resume pass through applicant tracking systems (ATS) and catch the eye of the hiring manager.

**9. Include relevant sections:**
Consider including relevant sections, such as:
* Volunteer experience
* Hobbies and interests
* Relevant projects
* Awards or recognition
* References (optional)

**10. Edit and proofread:**
Once you've written your resume, edit and proofread it multiple times to catch any spelling, grammar, or formatting errors.

**Best practices:**

* Use a professional email address and phone number
* Use a professional LinkedIn profile
* Customize your resume for each job you apply to
* Keep your resume concise and easy to read
* Use action verbs and keywords
* Proofread and edit carefully

**Sample resume outline:**

**Your Name**
**Contact Information**

**Summary (or Professional Summary):**

* Brief overview of your experience, skills, and achievements

**Education:**

* Degrees, certifications, and",0.013685557210008421,3.2795072292162022e-12,95.024688376021,0.006842778606643964
How do I write a good resume?,"Writing a good resume can be a challenging task, but with a clear understanding of the key components and a well-planned approach, you can create a effective resume that helps you stand out from the competition. Here's a step-by-step guide to help you write a good resume:

1.  **Define Your Objective:** Before starting to write your resume, it's essential to define your objective. What job are you applying for? What are your career goals? What are your strengths and qualifications? Knowing your objective will help you tailor your resume to the specific job you're applying for.

2.  **Choose a Format:** There are three main types of resume formats:
    *   **Chronological**: Highlight your work experience in reverse chronological order, with the most recent experience first.
    *   **Functional**: Emphasize your skills and qualifications rather than your work history.
    *   **Combination**: A mix of chronological and functional formats, highlighting your skills and recent experience.

3.  **Write a Strong Profile or Summary Statement:** The first section of your resume should include a summary of your background, experience, and achievements. Keep it concise and focused on the job you're applying for. Research the company and tailor your summary to match their needs.

4.  **List Your Education:** Include your highest level of education first, followed by any relevant certifications or courses. Include dates of attendance and the name of the institution. Also, include any academic achievements, such as academic awards, scholarships, or academic societies you were a part of.

5.  **Highlight Your Skills:** Make a list of keywords related to your field of work. Use action verbs such as ""managed,"" ""created,"" ""developed,"" and ""improved"" to describe your skills and experiences.

6.  **Add Work Experience:** List your work experience in reverse chronological order, with the most recent experience first. Use bullet points to highlight your achievements and responsibilities. Use specific numbers and facts to quantify your achievements, such as ""increased sales by 25% in one quarter.""

7.  **Mention Achievements and Awards:** List any relevant awards or achievements you've received in your career. This includes academic awards, industry awards, or other recognition you've received.

8.  **Add Extracurricular Activities:** List any relevant extracurricular activities or volunteer work that demonstrates your skills and character.

9.  **Include Interests:** List your hobbies or interests relevant to the job you're applying for, as this can show your passion for the industry.

10. **Proofread and Edit:** Before submitting your resume, proofread and edit it multiple times. Ask a friend or mentor to review your resume before submitting it.

11. **Tailor Your Resume:** Tailor your resume to the job posting by highlighting keywords from the job description in your summary, skills section, and work experience.",0.08637170679968258,2.256756515118669e-14,99.90375308698735,0.04318585339985257
How do I write a good resume?,"Writing a good resume requires a strategic and well-structured approach. Here are the steps to help you create an effective resume:

1.  **Define your objective**: Determine the type of job you're searching for and tailor your resume to that specific position. Identify your key skills, qualifications, and experience relevant to the job.
2.  **Choose a format**: There are three main types of resume formats:
    *   **Chronological**: Showcases work experience in reverse chronological order, highlighting job titles, company names, and dates of employment.
    *   **Functional**: Emphasizes skills and qualifications rather than work history, ideal for those with gaps in employment or limited work experience.
    *   **Combination**: A mix of chronological and functional formats, suitable for those with a mix of work experience and skills.
3.  **Include a professional summary**: Begin your resume with a summary statement that highlights your most significant accomplishments, skills, and experience.
4.  **List your work experience**: Organize your work experience in reverse chronological order, with the most recent experience first. Include:
    *   Job title and company name
    *   Dates of employment
    *   Brief description of job responsibilities
    *   Achievements and accomplishments
    *   Relevant skills used
5.  **Highlight your education**: Include your highest level of education completed, relevant coursework, and any relevant certifications or training.
6.  **Emphasize your skills**: List your relevant skills, including technical, language, and soft skills. Be specific and use action verbs to describe your skills.
7.  **Include relevant sections**: Consider adding the following sections to enhance your resume:
    *   **Achievements**: Highlight awards, recognition, or noteworthy accomplishments.
    *   **Volunteer work**: Showcase your skills and experience in volunteer roles.
    *   **Relevant projects**: Include any relevant projects you've worked on, either personally or professionally.
    *   **References**: Include at least 2 professional references, with their permission.
8.  **Use keywords**: Use relevant keywords from the job description to help your resume pass through applicant tracking systems (ATS) and catch the eye of the hiring manager.
9.  **Keep it concise**: Keep your resume to one or two pages, using clear and concise language.
10. **Proofread and edit**: Review your resume multiple times for spelling, grammar, and formatting errors.

**Additional Tips**

*   Use a standard font, such as Arial, Calibri or Helvetica, in size 10 or 11 points.
*   Use bullet points to break up large blocks of text.
*   Use numbers to quantify your achievements (e.g., ""Increased sales by 25%"" instead of ""Increased sales"").
*   Use action verbs, such as ""Managed,"" ""Created,"" and ""Developed,"" to describe your skills and experience.
*   Use a professional email address and phone number.
*  ",4.522905960699425e-05,1.1688959505008683e-13,95.07645071289585,2.2614529861941924e-05
How do I write a good resume?,"Writing a good resume can be a challenging task, but here are some tips to help you create a strong and effective one:

1. **Tailor your resume to the job**: Customize your resume to match the requirements of the job you're applying for. Study the job description and requirements and highlight your relevant skills, experience, and achievements.
2. **Use a clear and concise format**: Use a clean and easy-to-read format with bullet points, clear headings, and white space to make your resume easy to scan.
3. **Use keywords**: Use keywords related to the job and industry in your resume, especially in your summary, skills section, and work experience.
4. **Highlight achievements over responsibilities**: Instead of just listing your job responsibilities, focus on the specific achievements and results you've achieved in your previous roles.
5. **Include relevant sections**: Include relevant sections such as a summary or objective statement, education, work experience, skills, and any relevant certifications or licenses.
6. **Quantify your achievements**: Use numbers and statistics to demonstrate the impact of your work, such as ""Increased sales by 25% in 6 months"" or ""Managed a team of 10 people.""
7. **Keep it concise**: Keep your resume to one or two pages, focusing on the most important information.
8. **Use action verbs**: Use action verbs such as ""managed,"" ""created,"" ""developed,"" and ""improved"" to describe your achievements.
9. **Proofread**: Carefully proofread your resume to catch any grammar, spelling, or formatting errors.
10. **Get feedback**: Ask friends, family, or a career counselor to review your resume and provide feedback.

**Resume structure:**

1. **Contact information**: List your name, email address, phone number, and LinkedIn profile (if applicable).
2. **Summary/Objective statement**: A brief overview of your experience, skills, and career goals (optional).
3. **Education**: List your education, certifications, and relevant courses.
4. **Work experience**: List your work experience in reverse chronological order, with the most recent experience first.
5. **Skills**: List your relevant skills, including technical, language, and soft skills.
6. **Achievements**: List any relevant achievements, such as awards, publications, or presentations.
7. **Certifications and licenses**: List any relevant certifications or licenses you've obtained.

**Resume sections:**

1. **Summary**: A brief overview of your experience, skills, and career goals.
2. **Education**: List your education, including degree(s), institution(s), and date(s).
3. **Work experience**: List your work experience, including job title, company name, and dates of employment.
4. **Projects**: List any relevant projects you've worked on, including your role, contribution, and outcome.
5. **Skills**: List your relevant skills, including technical, language, and soft skills.
6. **Volunteer",8.279685867263947e-05,1.7446782331267435e-13,87.57413465003741,4.139842942355365e-05
How do I write a good resume?,"Writing a good resume can be a bit challenging, but it's a valuable skill to master. Here are some tips to help you create a high-quality resume:

1.  **Define your objective**: Before you start writing your resume, it's essential to determine the type of job you're applying for and the skills required. Tailor your resume to match the job requirements.
2.  **Choose a clear and concise format**: Use a clean and simple layout, with bullet points and clear headings to make it easy to scan. Aim for one to two pages in length.
3.  **Use a standard font**: Stick to a standard font like Arial, Calibri or Helvetica, and avoid using font sizes smaller than 10 points.
4.  **Write a strong summary**: Begin with a professional summary or objective statement that highlights your most significant achievements and qualifications.
5.  **Focus on quality over quantity**: Don't try to include every single experience you've ever had. Focus on the most relevant and impressive experiences that showcase your skills and achievements.
6.  **Highlight your skills and qualifications**: Use bullet points to highlight your relevant skills, qualifications, and certifications.
7.  **Quantify your achievements**: Use specific numbers and percentages to demonstrate the impact of your work. For example, ""Increased sales by 25% in six months"" instead of ""Increased sales significantly.""
8.  **Include relevant sections**: Make sure to include relevant sections such as work experience, education, skills, and achievements.
9.  **Proofread and edit**: Carefully proofread and edit your resume to ensure there are no spelling, grammar, or formatting errors.
10. **Get feedback**: Ask friends, family, or a career counselor to review your resume and provide feedback.

Here's a sample resume structure:

**Contact information**

*   Name
*   Address
*   Phone number
*   Email
*   LinkedIn profile (if applicable)

**Professional summary**

*   Brief summary of your experience and qualifications

**Work experience**

*   List your most recent experience first
*   Include job title, company name, and dates of employment
*   Use bullet points to highlight achievements and responsibilities

**Education**

*   Degree (highest to lowest)
*   Institution name
*   Graduation date

**Skills**

*   Technical skills (software, programming languages, etc.)
*   Soft skills (communication, teamwork, etc.)

**Achievements**

*   Awards or recognition you've received
*   Publications or presentations

**Volunteer experience**

*   List any relevant volunteer work or extracurricular activities

**References**

*   Include at least two professional references, with their name, title, and contact information.

**Sample Section Headings:**

*   **Professional Summary**
*   **Work Experience**
*   **Education**
*   **Skills**
*   **Achievements**
*   **Volunteer Experience**
*   **References",1.914878116830418e-06,7.630505782111627e-14,95.01028998193038,9.574390965677379e-07
What's happening when we experience déjà vu?,"Déjà vu is a common psychological phenomenon where a person feels like they have already experienced a situation or event before, even if they know that they have not. It's often described as a feeling of familiarity or a sense of ""I've been here before"" or ""I've seen this before.""

The exact cause of déjà vu is still not fully understood, but there are several theories that attempt to explain it. Here are some possible explanations:

1.  **Memory overlap**: One theory is that déjà vu occurs when there's a blending or overlap of memories in the brain. This can happen when two or more memories are retrieved simultaneously, creating a sense of familiarity.
2.  **Neurological explanation**: Some research suggests that déjà vu may be related to abnormal activity in the brain's temporal lobes, particularly in the hippocampus, which plays a key role in forming and storing memories.
3.  **Confabulation**: Déjà vu may be a type of confabulation, which is a process where the brain fills in gaps in memory with information from past experiences. This can lead to a feeling of familiarity, even if the actual event is new.
4.  **Disconnection and reconnection**: Another theory proposes that déjà vu is caused by a brief disconnection and reconnection between the brain's neurons. This disconnection and reconnection can create a sense of familiarity or recognition.
5.  **Stress and anxiety**: Some research suggests that déjà vu may be linked to stress and anxiety. It's possible that the brain is trying to process and rationalize new information, leading to a feeling of familiarity.
6.  **Genetic factors**: Some people may be more prone to déjà vu due to genetic factors. For example, studies have found that certain genetic variants are associated with an increased risk of experiencing déjà vu.

Some interesting facts about déjà vu:

*   Déjà vu is a common experience, with up to 70% of people reporting having experienced it at some point in their lives.
*   Déjà vu can be triggered by a variety of factors, including stress, fatigue, and certain medical conditions.
*   Déjà vu can be a symptom of certain neurological disorders, such as epilepsy or schizophrenia.
*   There's no cure for déjà vu, but some medications and therapies may help alleviate its frequency or severity.

While the exact cause of déjà vu remains a mystery, it's a fascinating phenomenon that continues to capture the imagination of scientists and the general public alike.",0.6205149335922601,9.577791875464211e-09,95.17428541171034,0.310257471585026
What's happening when we experience déjà vu?,"Déjà vu, a French term meaning ""already seen,"" is a common psychological phenomenon where a person feels like they have already experienced a present situation or event before. It's a strange and unexplained feeling that can be disorienting and unsettling. While the exact cause of déjà vu is still not fully understood, researchers have proposed several theories to explain this phenomenon:

1.  **Neurological Overlap**: One theory suggests that déjà vu is caused by a temporary misfire of neurons in the brain, particularly in areas responsible for processing memories and perception. This can lead to the feeling that the current situation has been experienced before.
2.  **Memory Overlap**: Déjà vu is often accompanied by feelings of familiarity, which may be due to the overlap of similar memories or sensory experiences. For example, if you visit a place that resembles another location you've been to before, you may experience déjà vu.
3.  **Temporal Lobe Activity**: Studies have found that the temporal lobe, an area of the brain responsible for processing and storing memories, is often active during déjà vu experiences. Temporal lobe abnormalities or disruptions may contribute to déjà vu.
4.  **Memory Fragmentation**: Déjà vu may occur when the brain mistakenly retrieves fragments of memories from past events and combines them with the current experience, creating a sense of familiarity.
5.  **Stress and Fatigue**: High levels of stress, fatigue, and anxiety can trigger déjà vu. When the brain is under pressure, it may become disorganized, leading to the experience of déjà vu.
6.  **Temporal Synchronization**: Some researchers believe that déjà vu may be caused by a temporary disruption in the brain's internal clock, leading to a feeling of being ""out of sync"" with the world around us.

It's worth noting that déjà vu is a relatively common experience, affecting around 60-80% of people at some point in their lives. While the exact mechanisms behind déjà vu are still not fully understood, it's believed to be a harmless and temporary phenomenon.",0.7916926609482905,3.002410870148971e-11,95.05523200101074,0.3958463304891573
What's happening when we experience déjà vu?,"Déjà vu is a common psychological phenomenon in which a person feels like they've already experienced a situation or event before, even though they know that they have not. This feeling is often described as a feeling of familiarity, recurrence, or repetition.

The exact cause of déjà vu is still not fully understood, but it is believed to be related to issues with memory, particularly with the process of consolidation. Here are some possible explanations:

1.  **Misfiring of brain cells**: One theory is that déjà vu occurs when there's a brief dysfunction in the brain's ability to separate past and present experiences. This could be due to the misfiring of neurons or electrical impulses that normally occur in the temporal lobes, which are responsible for memory and perception.
2.  **Memory conflicts**: Déjà vu might occur when two different memories are mixed up, resulting in the sensation that you've already experienced a situation before. This could be due to the overlap of different memories in the brain, particularly in the hippocampus and temporal lobes.
3.  **Brain wave activity**: Studies have shown that brain waves, specifically alpha waves in the 8-12 Hz range, are more prevalent during episodes of déjà vu. This suggests that déjà vu might be related to abnormal patterns of brain wave activity, possibly due to disrupted communication between different brain regions.
4.  **Hypothalamic activation**: Some research suggests that the hypothalamus, a region responsible for regulating emotions and motivation, may also play a role in déjà vu. The hypothalamus might be overactive or misinterpreting sensory information, leading to the sensation of familiarity.
5.  **Genetic predisposition**: Research suggests that people who experience déjà vu may have a genetic predisposition to this phenomenon, possibly due to variations in genes associated with memory and cognitive processing.
6.  **Stress and fatigue**: Fatigue, stress, and anxiety can contribute to déjà vu. When the brain is under stress, its normal functioning may be disrupted, leading to misfiring of neurons or altered memory processing.
7.  **Sleep and wakefulness**: Déjà vu can occur when there are issues with sleep-wake transitions. For example, it's common to experience déjà vu during naps or when waking up, as the brain is transitioning between states.

While these explanations are plausible, the exact cause of déjà vu remains uncertain and is still being researched. There is ongoing debate about the relationship between déjà vu and other cognitive processes, and more studies are needed to understand the underlying mechanisms.",1.1956920291817688,8.267700124998978e-12,95.02249822795552,0.5978460145950182
What's happening when we experience déjà vu?,"Déjà vu is a common psychological phenomenon where a person feels like they have already experienced a situation or event before, even though they know they haven't. This feeling is often described as a feeling of familiarity or a sense of ""I've been here before."" Researchers and scientists have proposed several theories to explain the possible causes and mechanisms behind déjà vu:

1.  **Neurological theory**: One theory is that déjà vu is related to misfiring of neurons in the brain, particularly in areas involved in memory and processing. This misfiring can lead to a feeling of familiarity, even if the event is not actually familiar.
2.  **Memory overlap theory**: Déjà vu could be caused by the overlap of memory fragments from different events or experiences. When the brain combines these fragments, it may create the illusion of familiarity.
3.  **Neural overlap theory**: A related theory suggests that déjà vu occurs when there is an overlap between neural patterns in the brain. This can happen when the brain is processing similar information, and the neural patterns become confused or overlap, leading to a sense of familiarity.
4.  **Temporal lobe theory**: Research has suggested that the temporal lobe, particularly the hippocampus, plays a role in the experience of déjà vu. The hippocampus is responsible for forming new memories, and damage to this area can lead to memory problems and, potentially, déjà vu.
5.  **Stress and anxiety theory**: Some research suggests that stress and anxiety can contribute to the experience of déjà vu. High levels of cortisol, a hormone released in response to stress, can alter brain activity and lead to feelings of familiarity.
6.  **Psychological theory**: Déjà vu can also be seen as a psychological coping mechanism or a way to deal with stress and anxiety. It may be a psychological trick to make the present situation feel more manageable.
7.  **Evolutionary theory**: Some researchers suggest that déjà vu could be an evolutionary adaptation to help us make quick decisions in situations where familiarity is not necessarily a bad thing. For example, if we encounter a familiar-looking situation in the wild, it may be less stressful to respond as if we've been there before.

Déjà vu is a complex and not fully understood phenomenon, and more research is needed to determine its exact causes and mechanisms.",5.936259882928833,7.445305089904241e-12,94.9486166162191,2.9681299414681392
What's happening when we experience déjà vu?,"Déjà vu is a common psychological phenomenon where a person feels an intense feeling of familiarity or recognition in a situation or event, even if they know that they have never experienced it before. This feeling is often described as a sense of familiarity that is hard to explain.

The exact cause of déjà vu is still not fully understood and is a topic of ongoing research in the fields of psychology, neuroscience, and philosophy. However, several theories have been proposed to explain this phenomenon:

1.  **Neurological Theories:** Research suggests that déjà vu may be related to unusual brain activity, such as a misfire in the brain's neural connections. It's possible that a brief episode of abnormal neural activity in areas responsible for memory, attention, and perception may create a false sense of familiarity.
2.  **Memory Overlap Theory:** This theory proposes that déjà vu occurs when there is a brief overlap between two different memories, creating the illusion of familiarity. For example, a person may experience déjà vu when they see a scene that is similar to one they have seen before, but not exactly the same.
3.  **False Memory Theory:** This theory suggests that déjà vu is caused by a false memory or a mistaken recollection of a past event. This could be due to the brain filling in gaps in memory with information from similar experiences.
4.  **Temporal Lobe Dysfunction Theory:** Some research suggests that déjà vu may be related to dysfunction in the temporal lobe, particularly in areas responsible for memory and spatial orientation.
5.  **Stress and Fatigue Theory:** High levels of stress and fatigue have been linked to an increased likelihood of experiencing déjà vu. This may be because the brain is operating at a higher level of alertness, making it more prone to unusual physiological responses.

Déjà vu is a relatively common experience, affecting up to 70% of people at some point in their lives. While it can be a fascinating and sometimes unsettling experience, it is generally not a cause for concern and is not a sign of any underlying psychological or neurological disorder.",1.2502912289374897,2.6221293980516006e-12,97.81237828224991,0.6251456144700559
How does cloud computing work?,"Cloud computing is a model for delivering computing services over the internet, where resources such as servers, storage, databases, software, and applications are provided to users on-demand. Instead of having to manage and maintain physical hardware and software locally, users can access these resources from anywhere, at any time, and on any device with an internet connection.

**Key Components of Cloud Computing:**

1.  **Cloud Service Provider (CSP):** A CSP is a company that provides cloud computing services to users. Examples of CSPs include Amazon Web Services (AWS), Microsoft Azure, Google Cloud Platform (GCP), IBM Cloud, and Oracle Cloud.
2.  **Cloud Infrastructure:** This refers to the physical and virtual resources that make up the cloud, such as servers, storage, networks, and data centers.
3.  **Virtualization:** Virtualization is the process of creating a virtual version of a physical resource, such as a server or storage device. This allows multiple virtual instances to run on a single physical resource.
4.  **Networking:** Cloud computing relies on networks to connect users to the cloud infrastructure. These networks can be public, private, or hybrid.
5.  **Applications:** Cloud-based applications, also known as software as a service (SaaS), allow users to access software applications over the internet.

**Cloud Deployment Models:**

1.  **Public Cloud:** A public cloud is a cloud that is available to the general public and is managed by a CSP. Examples include AWS, Azure, and Google Cloud Platform.
2.  **Private Cloud:** A private cloud is a cloud that is dedicated to a single organization and is managed internally.
3.  **Hybrid Cloud:** A hybrid cloud is a combination of public and private clouds, allowing users to move data and applications between the two.

**Cloud Computing Benefits:**

1.  **Scalability:** Cloud computing allows users to quickly scale up or down to meet changing business needs.
2.  **Cost-Effective:** Cloud computing eliminates the need for upfront capital expenditures, as users only pay for the resources they use.
3.  **Reliability:** Cloud computing provides a high level of redundancy and uptime, as data is stored in multiple locations.
4.  **Security:** Cloud computing provides robust security features, including encryption, access controls, and firewalls.

**Cloud Computing Service Models:**

1.  **Infrastructure as a Service (IaaS):** IaaS provides users with access to virtualized computing resources, such as servers, storage, and networking.
2.  **Platform as a Service (PaaS):** PaaS provides users with a complete development and deployment environment for applications.
3.  **Software as a Service (SaaS):** SaaS provides users with access to software applications over the internet.

**Cloud Computing Architecture:**

1.  **Client-Server Model:** In this model, the client (user) sends a request to the server, which processes",5.349193970659899e-12,8.107937779109679e-14,94.40208593009059,2.7151366742254982e-12
How does cloud computing work?,"Cloud computing is a model for delivering computing services over the internet, where resources such as storage, servers, databases, software, and applications are provided as a service to users on-demand. Instead of having to manage and maintain their own hardware and software, users can access cloud computing services from anywhere, at any time, using any device with an internet connection.

Here's a breakdown of how cloud computing works:

**Key Components:**

1.  **Cloud Service Providers (CSPs):** Companies that provide cloud computing services, such as Amazon Web Services (AWS), Microsoft Azure, Google Cloud Platform (GCP), and IBM Cloud.
2.  **Data Centers:** Large facilities that house servers, storage, and networking equipment that make up the cloud infrastructure.
3.  **Virtualization:** Software that allows multiple virtual machines to run on a single physical server, increasing resource utilization and efficiency.
4.  **Server Virtualization:** Separating a physical server into multiple virtual servers, each with its own operating system and resources.
5.  **Network:** The internet and telecommunications infrastructure that connects data centers, users, and devices.

**Cloud Computing Architecture:**

1.  **Front-end:** The user interface, such as a web browser or mobile app, that allows users to access cloud services.
2.  **Middle-tier:** The application server, which processes and manages user requests, interacts with databases, and provides output.
3.  **Back-end:** The data storage and infrastructure that provides the necessary resources, such as servers, storage, and databases.

**Types of Cloud Computing:**

1.  **Infrastructure as a Service (IaaS):** Provides virtualized computing resources, such as servers, storage, and networking.
2.  **Platform as a Service (PaaS):** Provides a complete development and deployment environment for applications, including tools, libraries, and infrastructure.
3.  **Software as a Service (SaaS):** Provides software applications over the internet, eliminating the need for local software installation and maintenance.

**How Cloud Computing Works:**

1.  A user requests a cloud service through the front-end interface (e.g., a web browser).
2.  The request is sent to the cloud service provider's data center through the internet.
3.  The CSP processes the request and allocates the necessary resources (e.g., servers, storage) from its infrastructure.
4.  The processed data is sent back to the user through the internet, and displayed on their device.

**Advantages:**

1.  Scalability: Cloud computing allows users to scale up or down as needed, without having to manage hardware or software infrastructure.
2.  Cost-effectiveness: Cloud computing reduces costs by eliminating the need for hardware and software purchases, maintenance, and upgrades.
3.  Flexibility: Users can access cloud services from anywhere, at any time, using any device with an internet connection.
4.  Reliability: Cloud computing provides",6.83633078031044e-14,1.0958226838396601e-13,94.6197371415574,8.89727880935352e-14
How does cloud computing work?,"Cloud computing is a model for delivering computing services over the internet, where resources such as servers, storage, databases, software, and applications are provided as a service to users on-demand. Here's how it works:

**Key Components of Cloud Computing:**

1.  **Cloud Service Providers (CSPs):** These are companies that provide cloud computing services, such as AWS (Amazon Web Services), Microsoft Azure, Google Cloud Platform, IBM Cloud, and many others.
2.  **Cloud Storage:** This is where data is stored in the cloud, allowing users to access and share files from anywhere.
3.  **Cloud Servers:** These are virtual or physical servers that provide computing resources, such as processing power and memory, to users.
4.  **Cloud Applications:** These are software applications that are hosted in the cloud, allowing users to access and use them from anywhere.

**How Cloud Computing Works:**

1.  **Infrastructure as a Service (IaaS):** This is the most basic cloud computing service. It provides users with virtualized computing resources, such as servers, storage, and networking components.
2.  **Platform as a Service (PaaS):** This service provides a platform for developing, running, and managing applications, without the need for underlying infrastructure management.
3.  **Software as a Service (SaaS):** This is the most common cloud computing service. It provides users with software applications over the internet, eliminating the need for installation, maintenance, and updates.
4.  **Database as a Service (DBaaS):** This service provides a cloud-based database management system, allowing users to store, manage, and analyze data.
5.  **Function as a Service (FaaS):** This service allows users to deploy, run, and manage applications as a series of small, stateless functions.

**Benefits of Cloud Computing:**

1.  **Scalability:** Cloud computing allows users to scale up or down depending on their needs, without the need for physical infrastructure.
2.  **Flexibility:** Cloud computing provides users with flexible deployment options, including public, private, and hybrid clouds.
3.  **Cost-Effective:** Cloud computing reduces the need for capital expenditures on hardware and software, as users only pay for what they use.
4.  **Reliability:** Cloud computing provides high uptime and availability, with redundancy and failover capabilities.
5.  **Security:** Cloud computing provides advanced security features, such as data encryption, firewalls, and access controls.

**Types of Cloud Computing:**

1.  **Public Cloud:** This is a cloud that is open to the general public, with a multi-tenant architecture.
2.  **Private Cloud:** This is a cloud that is owned and operated by a single organization, providing a single-tenant architecture.
3.  **Hybrid Cloud:** This is a combination of public and private clouds, allowing users to leverage the benefits of both.
4",2.5920072772594487e-14,2.756443645263715e-13,90.80069049696972,1.50782218649483e-13
How does cloud computing work?,"Cloud computing is a model for delivering computing services over the internet, where resources such as servers, storage, databases, software, and applications are provided to users on-demand. It allows users to access and use these resources without having to manage or maintain them locally on their own premises.

Here's a breakdown of how cloud computing works:

**Key Components:**

1. **Cloud Provider**: A company that owns and operates the cloud infrastructure, including servers, data centers, and network infrastructure. Examples of cloud providers include Amazon Web Services (AWS), Microsoft Azure, Google Cloud Platform (GCP), and IBM Cloud.
2. **Cloud Resources**: These are the computing resources that are available to users, including compute power, storage, databases, and applications.
3. **Cloud Services**: These are the various services that are available to users, including infrastructure as a service (IaaS), platform as a service (PaaS), software as a service (SaaS), and function as a service (FaaS).

**How it Works:**

1. **Users Request Resources**: A user requests access to a cloud resource, such as a virtual machine or a database, using a web interface or API.
2. **Cloud Provider Provisions Resources**: The cloud provider allocates the requested resources from its infrastructure, creating a new virtual machine or database instance.
3. **Resources are Accessed Remotely**: The user accesses the allocated resources over the internet, using a secure connection (e.g., HTTPS).
4. **Resources are Managed by the Cloud Provider**: The cloud provider manages the underlying infrastructure, ensuring that resources are available, secure, and up-to-date.
5. **Users Can Scale Up or Down**: Users can scale up or down their resources as needed, without having to provision or de-provision physical hardware.
6. **Users Pay Only for Resources Used**: Users only pay for the resources they use, rather than having to buy and maintain their own infrastructure.

**Types of Cloud Computing:**

1. **Public Cloud**: Cloud computing resources are available to anyone on the internet. Examples: AWS, Azure, GCP.
2. **Private Cloud**: Cloud computing resources are available only to a specific organization. Examples: on-premises data centers, virtual private clouds.
3. **Hybrid Cloud**: A combination of public and private cloud resources.

**Advantages of Cloud Computing:**

1. **Scalability**: Cloud computing allows users to scale up or down as needed.
2. **Flexibility**: Cloud computing provides users with access to a wide range of services and resources.
3. **Cost-Effective**: Users only pay for resources used.
4. **Security**: Cloud providers manage security and maintenance.
5. **Disaster Recovery**: Cloud providers can provide disaster recovery options.

**Common Cloud Services:**

1. **Infrastructure as a Service (IaaS)**: Provides virtualized computing resources (e.g., Amazon EC2).
2. **Platform as a Service (",7.283593286422735e-10,2.35307641507449e-13,91.77538024185417,3.6429731814189047e-10
How does cloud computing work?,"Cloud computing is a model for delivering computing services over the internet, where resources such as servers, storage, databases, software, and applications are provided as a service to users on-demand. Instead of having to manage and maintain their own computing infrastructure, users can access these resources on a pay-as-you-go basis, scaled up or down to meet their needs.

Here's a simplified overview of how cloud computing works:

**Key Components:**

1. **Cloud Service Providers (CSPs):** These are the companies that provide cloud computing services, such as Amazon Web Services (AWS), Microsoft Azure, Google Cloud Platform (GCP), and IBM Cloud. CSPs maintain a global network of data centers, where servers, storage, and other resources are housed.
2. **Data Centers:** These are the physical locations where CSPs store their servers, storage, and network equipment. Data centers are typically located in multiple geographic regions to ensure low latency and high availability.
3. **Virtualization:** Virtualization is the technology that allows multiple virtual machines (VMs) to run on a single physical server. This enables CSPs to efficiently utilize resources and quickly scale up or down to meet demand.

**How Cloud Computing Works:**

1. **User Request:** A user submits a request to access a cloud service, such as a website, email, or application.
2. **Load Balancer:** The user's request is routed through a load balancer, which distributes the load across multiple servers to ensure efficient resource utilization.
3. **Virtual Machines:** The load balancer directs the request to a virtual machine (VM) in the cloud data center. The VM is a software-emulated computer that runs its own operating system and applications.
4. **Server:** The VM request is received by a physical server in the data center. This server is essentially a high-performance computing appliance that processes the request and sends the response back to the user.
5. **Storage:** The server stores and retrieves data from a shared storage system, which can be a network-attached storage (NAS) or a storage area network (SAN).
6. **Network:** The data is transmitted over the internet to the user's device, which can be a computer, smartphone, or tablet.
7. **Security:** Cloud services often include built-in security features, such as encryption, access controls, and firewalls, to protect user data.

**Types of Cloud Computing:**

1. **Infrastructure as a Service (IaaS):** Provides access to raw computing resources, such as servers, storage, and networking.
2. **Platform as a Service (PaaS):** Offers a complete development environment, including tools, libraries, and infrastructure, for building and deploying applications.
3. **Software as a Service (SaaS):** Delivers software applications over the internet, eliminating the need to install and maintain software on individual devices.

**Benefits of Cloud Computing:**

1. **Scalability:** Cloud resources can",7.549035807230953e-12,1.1593216603940615e-12,94.76094927456771,4.354178733812507e-12
What makes a book a classic?,"Determining what makes a book a classic is subjective, as opinions may vary based on personal taste, cultural context, and literary movements. However, here are some common characteristics commonly associated with classic books:

1. **Enduring popularity**: Classics typically remain widely read and discussed over a significant period, often transcending generations.
2. **Timeless themes**: Classic books often explore universal themes that continue to resonate with readers, such as love, morality, identity, struggle, and the human condition.
3. **High literary merit**: Classics are often written with exceptional skill, craftsmanship, and literary technique, showcasing a mastery of language, style, and structure.
4. **Influence on literature**: Classic books have influenced other authors, contributing to the evolution of literature and shaping the literary canon.
5. **Historical significance**: Classics can provide a window into a particular time and place, offering insights into cultural, social, and historical context.
6. **Iconic characters**: Classic books often feature memorable and complex characters that continue to captivate readers, offering relatable and thought-provoking portrayals of human nature.
7. **Cultural relevance**: Classics can provide a shared cultural heritage, reflecting and shaping societal values, norms, and attitudes.
8. **Adaptability**: Timeless classics can be translated into various formats, such as film, stage productions, or even musicals, showcasing their versatility and appeal.
9. **Academic study and analysis**: Classic books are often studied and analyzed in academic settings, encouraging critical thinking, interpretation, and debate.
10. **Enduring relevance to contemporary issues**: Classic books can provide insights and commentary on contemporary concerns, such as social justice, inequality, and human rights.
11. **Cohesiveness**: Classic books often exhibit a unique blend of style, structure, and narrative that is both cohesive and engaging.
12. **Iconic and memorable endings**: Classic books often feature endings that are thought-provoking, memorable, and sometimes unsettling, leaving a lasting impression on readers.

Examples of classic books that embody these characteristics include:

* **Novels:**
	+ ""Don Quixote"" by Miguel de Cervantes
	+ ""Pride and Prejudice"" by Jane Austen
	+ ""To Kill a Mockingbird"" by Harper Lee
	+ ""The Great Gatsby"" by F. Scott Fitzgerald
* **Poetry:**
	+ ""The Iliad"" and ""The Odyssey"" by Homer
	+ ""The Divine Comedy"" by Dante Alighieri
	+ ""The Canterbury Tales"" by Geoffrey Chaucer
	+ ""The Complete Works of William Shakespeare""
* **Non-fiction:**
	+ ""The Histories"" by Herodotus
	+ ""The Republic"" by Plato
	+ ""The Wealth of Nations"" by Adam Smith
	+ ""On the Origin of Species"" by Charles Darwin

Keep in mind that these are",0.0008831565320510158,5.317528832194458e-12,93.86057547156844,0.00044157826868427235
What makes a book a classic?,"There are several factors that contribute to a book becoming a classic. Here are some of the most significant ones:

1. **Timelessness**: A classic book is one that remains relevant and timeless, continuing to resonate with readers across generations. It explores universal themes, ideas, or experiences that are not limited to a specific time period or culture.
2. **Immersive story or message**: Classics often have a compelling narrative, engaging characters, or a powerful message that leaves a lasting impact on readers. They may explore universal human experiences, morality, or questions about the human condition.
3. **High literary quality**: Classics are often notable for their writing style, language, and literary craftsmanship. They may feature well-developed characters, vivid descriptions, and a coherent plot that draws readers in.
4. **Cultural significance**: Classics often reflect and shape the cultural context in which they were written. They may provide insight into the history, values, and social norms of their time, and may influence popular culture, literature, and the arts.
5. **Enduring popularity**: Classics are widely read and studied, and often continue to be popular long after their initial publication. They may be taught in schools, referenced in literature, or featured in popular culture.
6. **Awards and recognition**: Many classics have received prestigious literary awards, such as the Nobel Prize in Literature or the Pulitzer Prize.
7. **Iconic characters**: Classics often feature memorable and iconic characters that have become part of our cultural heritage. Think Sherlock Holmes, Holden Caulfield, or Elizabeth Bennet.
8. **Cross-disciplinary influence**: Classics can inspire or influence other art forms, such as film, music, or other forms of literature. They may also influence fields like philosophy, psychology, or sociology.
9. **Interpretation and analysis**: Classics are often open to multiple interpretations and analyses, reflecting the complexity and depth of their themes and ideas.
10. **Time and adaptation**: Classics can be adapted and reinterpreted over time, reflecting changing societal attitudes, values, and perspectives.

Examples of classic books that exhibit these qualities include:

* **""To Kill a Mockingbird"" by Harper Lee** (universal themes, human experience, literary quality, cultural significance)
* **""Pride and Prejudice"" by Jane Austen** (compelling narrative, timeless love story, cultural significance, iconic characters)
* **""1984"" by George Orwell** (distopian commentary, warnings about societal dangers, literary quality, timelessness)
* **""The Great Gatsby"" by F. Scott Fitzgerald** (universal themes, coming-of-age story, literary quality, cultural significance)
* **""The Lord of the Rings"" by J.R.R. Tolkien** (epic fantasy, world-building, literary quality, cultural significance, iconic characters)

These factors don't guarantee that a book will become a classic, but they contribute to its likelihood of becoming one. Ultimately, a book's classic status is",0.0004584699193668659,1.963141433612174e-11,94.51901739187609,0.00022923496949914013
What makes a book a classic?,"A classic book is a work of literature that has stood the test of time and continues to be widely read, studied, and appreciated by people across generations. Here are some factors that contribute to a book being considered a classic:

1.  **Timelessness**: Classic books often deal with universal themes, issues, and human experiences that remain relevant today, even if the context in which they were written may not be. These themes include love, loss, identity, morality, and the human condition.
2.  **Literary merit**: Classics are often characterized by excellent writing, plot, and character development. They may feature innovative narrative structures, language, and style that set them apart from other works of their time.
3.  **Influence**: Classic books often influence other writers, artists, and thinkers. They may be referenced, parodied, or homaged in popular culture, indicating their enduring impact on the cultural conversation.
4.  **Enduring popularity**: Classic books continue to be widely read, studied, and enjoyed by people from different backgrounds and generations. They may be taught in schools, universities, and reading groups, ensuring their continued relevance.
5.  **Cultural significance**: Classic books often reflect the cultural, social, and historical context in which they were written. They may offer insights into the past, providing a window into the values, attitudes, and beliefs of a bygone era.
6.  **Iconic characters and settings**: Classic books often feature memorable, well-developed characters and settings that have become an integral part of the cultural imagination. Examples include Dickens' London, Austen's Regency England, and Tolkien's Middle-earth.
7.  **Translated and adapted**: Classic books are often translated into multiple languages and adapted into films, plays, and other forms of media, introducing them to new audiences and ensuring their continued popularity.
8.  **Adaptability**: Classic books can be reinterpreted and reimagined in new contexts, making them relevant to contemporary audiences. This adaptability demonstrates their ability to evoke strong emotions, spark meaningful discussions, and inspire new perspectives.
9.  **Criticism and analysis**: Classics are often subject to repeated critical analysis, interpretation, and reinterpretation, which contributes to their enduring significance and relevance.
10.  **Awards and recognition**: Classics are often recognized with literary awards, including the Nobel Prize in Literature, Pulitzer Prizes, and numerous other honors, acknowledging their enduring value and impact on literature.

Some notable examples of classic books include:

*   ""To Kill a Mockingbird"" by Harper Lee
*   ""Pride and Prejudice"" by Jane Austen
*   ""The Great Gatsby"" by F. Scott Fitzgerald
*   ""1984"" by George Orwell
*   ""The Lord of the Rings"" by J.R.R. Tolkien
*   ""The Catcher in the Rye"" by J.D. Salinger
*   ""The Bible""",2.3401520395000063e-08,2.272308789603778e-11,99.9775343566134,1.171212174144805e-08
What makes a book a classic?,"A book becomes a classic through a combination of various factors that make it endure across time, standing the test of generations and maintaining its significance and relevance. Here are some key elements that contribute to a book's classic status:

1. **Timelessness**: A classic book is timeless, meaning its themes, messages, and settings are enduring, transcending the era in which it was written. Classics often explore universal human experiences and emotions that remain relevant to readers across cultures and centuries.
2. **Universal themes**: Classics often deal with fundamental human concerns, such as love, loss, identity, morality, and the human condition. These themes are widely relatable, making the book accessible to readers from different backgrounds and cultural contexts.
3. **Cohesive storytelling**: A classic book typically has a compelling narrative, engaging characters, and a well-structured plot that holds readers' attention. The story is often complex, nuanced, and memorable, making it difficult to put down.
4. **Language and style**: Great writing often contributes to a book's classic status. The use of beautiful, inventive, and evocative language can make the book a joy to read, even for generations after its initial publication.
5. **Symbolism and depth**: Classics often contain layers of meaning that encourage readers to interpret and reflect on the text. They may include symbolism, metaphors, or motifs that add depth and complexity to the narrative.
6. **Cultural significance**: Classics often reflect the cultural, social, or historical context in which they were written. They can capture the spirit of a particular era, providing a window into the past or a commentary on contemporary issues.
7. **Enduring popularity**: Classics are often read and re-read by generations, with each new reader discovering new insights and perspectives. Their popularity is sustained by word-of-mouth, literary awards, and educational curricula.
8. **Significant impact**: Classics can influence literature and popular culture in lasting ways, inspiring other writers, artists, or filmmakers to engage with the book's themes and ideas.
9. **Translation and accessibility**: Many classics are translated into multiple languages, making them accessible to readers worldwide. Some classics are also adapted into films, plays, or other forms of media, further increasing their reach and popularity.
10. **Academic and scholarly attention**: Classics often receive scholarly attention, analysis, and criticism, ensuring their continued relevance and study in academic circles.
11. **Iconic and memorable characters**: Classics often feature memorable, iconic, or groundbreaking characters that have become an integral part of popular culture.
12. **Contextual relevance**: Classics can provide a historical context, offering a glimpse into the past and allowing readers to understand the world from a different perspective.
13. **Impact on society**: Classics can challenge societal norms, spark important conversations, and influence public opinion, contributing to social change and progress.
14. **Author's reputation and legacy**: Authors with multiple classic works are often celebrated for their contributions to literature",2.858345252893274e-09,2.9101859214732537e-10,94.96803832520352,1.5746819225202999e-09
What makes a book a classic?,"A classic book is a timeless masterpiece that endures through the ages, continuing to be widely recognized, read, and appreciated generations after its initial publication. Several factors contribute to a book being considered a classic:

1.  **Timelessness and Enduring Relevance**: Classics often address universal themes, emotions, and experiences that remain relevant even as society, culture, and languages change. Their themes and messages remain applicable to different times, places, and people, making them timeless.
2.  **High Literary Merit**: Classics often possess exceptional literary quality, such as beautiful prose, poignant characters, compelling plots, and unique narrative styles. They often make notable contributions to the literary canon.
3.  **Influence on Other Works**: Classics can have a profound influence on the literary world, inspiring other writers, shaping literary movements, and influencing popular culture. Their impact can be seen in works that follow, reflect on, or parody the original.
4.  **Widespread Recognition and Acceptance**: Classics are widely recognized and accepted as part of the literary heritage of a given culture or language. They are often included in academic curricula, recommended readings, and widely available in various forms (paperback, e-book, audiobook).
5.  **Iconic Status**: Some classics attain an iconic status, becoming symbolic of a particular time era, movement, or cultural identity. Their significance extends beyond their literary value to represent broader cultural or historical contexts.
6.  **Adaptations and Translations**: Classics are often adapted into films, plays, and other forms of media, ensuring their continued exposure to new audiences. They may also be translated into numerous languages, allowing global readers to appreciate their timeless value.
7.  **Iconic Imagery and Memorable Characters**: Classics often create enduring images and characters that become ingrained in popular culture. These characters and scenes can be instantly recognizable and continue to evoke emotions long after the original work was written.
8.  **Enduring Popularity**: Classics remain popular over time, and their appeal is not limited to a particular generation or niche group. They continue to be widely read, studied, and discussed.
9.  **Influence on Language and Culture**: Classics can contribute to the development of a language, introducing new vocabulary, phrases, and idioms that become part of the cultural lexicon.
10. **Historical Significance**: Classics often provide a window into the past, offering snapshots of a particular era, historical event, or cultural context. They serve as a historical record and a source of insight into the human experience.

Examples of classic books include works such as:

-   ""Don Quixote"" by Miguel de Cervantes
-   ""To Kill a Mockingbird"" by Harper Lee
-   ""Pride and Prejudice"" by Jane Austen
-   ""The Great Gatsby"" by F. Scott Fitzgerald
-   ""1984"" by George Orwell
-   """,0.010269274630705488,6.202448350477501e-10,94.69838700454551,0.005134637625475161
How do I properly recycle household items?,"Proper recycling of household items is crucial to conserve natural resources, reduce landfill waste, and minimize the environmental impact of household waste. Here's a comprehensive guide on how to properly recycle household items:

**Sorting and Preparation**

1.  **Sort items by material**: Recyclables typically fall into the following categories:
    *   Paper and cardboard
    *   Plastics (except for those labeled as ""not recyclable"")
    *   Glass
    *   Metal (aluminum and steel)
    *   Organic materials (food waste and yard trimmings)
2.  **Remove contamination**: Make sure items are free from food residue, liquids, or other contaminants that can compromise the recycling process.
3.  **Rinse containers**: Rinse food and liquid containers, but do not use hot water or excessive soap, which can also contaminate the recycling process.

**Specific Guidelines for Common Household Items**

1.  **Paper and Cardboard**:
    *   Newspaper, cardboard boxes, junk mail, and paper cartons
    *   Remove staples, tape, and plastic windows from newspaper and junk mail
    *   Flatten cardboard boxes to save space
2.  **Plastics**:
    *   Plastics marked with the numbers 1 and 2 (PET and HDPE) are typically recyclable (bottles, containers, straws)
    *   Remove caps, lids, and labels from plastic containers
3.  **Glass**:
    *   Colored and clear glass bottles and jars
    *   Remove lids and labels
4.  **Metal**:
    *   Aluminum and steel cans (food and beverage)
    *   Aluminum foil and foil pans
5.  **Organic Materials**:
    *   Food waste and yard trimmings can be composted or disposed of in designated organic waste bins
    *   Avoid adding pet waste, diseased plants, or large items to the compost pile

**Additional Tips**

1.  **Check local recycling guidelines**: Familiarize yourself with your local recycling program's guidelines and accepted materials.
2.  **Participate in curbside collection**: Use designated curbside collection bins for recyclables.
3.  **Downsize packaging**: Choose products with minimal packaging to reduce waste.
4.  **Buy recyclable products**: Select products made from recyclable materials or with minimal raw materials.
5.  **Support extended producer responsibility**: Advocate for manufacturers to take responsibility for the environmental impact of their products and packaging.
6.  **Recycle electronics**: Donate or recycle electronics responsibly by visiting a local electronics waste recycling facility or contacting a manufacturer's take-back program.

By following these guidelines and staying informed about local recycling regulations, you'll be able to effectively recycle household items and contribute to a more sustainable future.",3.736473914444211e-09,8.794898344050838e-13,96.36852717063799,1.8686767021393083e-09
How do I properly recycle household items?,"Properly recycling household items is essential for conserving natural resources, reducing waste, and mitigating the environmental impact of human activities. Here's a comprehensive guide on how to recycle household items:

**General Tips:**

1.  **Sort and separate**: Separate recyclables from non-recyclables and contaminants. This helps ensure that the right materials are processed correctly.
2.  **Check local guidelines**: Familiarize yourself with your local recycling programs, as requirements may vary.
3.  **Clean and rinse**: Remove food and liquid contaminants to prevent foul odors, pests, and contamination.
4.  **Remove lids, caps, and labels**: Take off lids, caps, and labels to facilitate recycling.

**Recyclable items:**

1.  **Paper and cardboard**:
    *   Newspaper, cardboard boxes, and cereal cartons
    *   Paperboard, mixed paper (e.g., junk mail, cardboard egg boxes)
    *   Cartons (milk, juice, yogurt, or tofu)
2.  **Plastics:**
    *   High-density polyethylene (HDPE) #2 (e.g., milk jugs, detergent containers)
    *   Polyvinyl chloride (PVC) #3 (e.g., PVC pipes, vinyl siding)
    *   Low-density polyethylene (LDPE) #4 (e.g., plastic bags, shrink wrap)
    *   Polypropylene (PP) #5 (e.g., yogurt containers, margarine tubs)
    *   Polyethylene Terephthalate (PET or PETE) #1 (e.g., water bottles, soda bottles)
    *   Other plastics (e.g., straws, containers with multiple layers)
3.  **Glass**:
    *   Bottles, jars, and containers made from clear, green, or brown glass
4.  **Metals**:
    *   Aluminum and steel cans
    *   Metal lids, foil, and scrap metal
5.  **Electronics and batteries:**
    *   Electronics: old computers, phones, tablets, and televisions
    *   Batteries: rechargeable and single-use batteries
6.  **Organic materials:**
    *   Food waste (e.g., food scraps, eggshells)
    *   Yard trimmings and leaves

**Non-recyclable items:**

1.  **Plastic straws and bags**: Not recyclable due to contamination and material limitations, but some can be composted.
2.  **Styrofoam and foam packaging**: These materials can be recycled in some areas, but most often end up in landfills.
3.  **Glass window glass**: Not usually recycled, as it's not economically viable.
4.  **Textiles and fabric**: Not typically recyclable, but some items can be donated or repurposed.
5.  **Chemicals",5.0294008774338175e-12,4.690964411490739e-12,85.90343228898298,4.860182644462278e-12
How do I properly recycle household items?,"Proper recycling of household items involves sorting materials, understanding what can and cannot be recycled, and following local guidelines. Here's a general guide:

**Sorting Materials:**

1.  **Paper and Cardboard:** Newspaper, cardboard boxes, paper towels, cardboard tubes, and paper bags can be recycled.
2.  **Plastics:** Bottles, jugs, containers with the numbers 1-7 (PET, HDPE, PVC, LDPE, PP, PS, and others) can be recycled.
3.  **Glass:** Bottles and jars can be recycled.
4.  **Metals:** Aluminum and steel cans should be recycled.
5.  **Organics:** Food waste and yard trimmings can be composted.

**What Cannot Be Recycled:**

1.  Plastic bags and wrap
2.  Styrofoam
3.  Plastic containers without recycling symbols
4.  Electrical appliances
5.  Broken glass and ceramics

**Tips for Effective Recycling:**

1.  Rinse items before recycling to remove food residue and liquids.
2.  Remove lids, labels, and caps from containers.
3.  Flatten cardboard boxes and paper products to save space.
4.  Clean and dry glass and metals before recycling.
5.  Participate in community composting programs when possible.
6.  Consider using reusable bags and containers to reduce single-use plastics.
7.  Reduce waste by choosing products with minimal packaging.

**Following Local Guidelines:**

1.  Check with your local recycling program to determine the acceptable materials and procedures in your area.
2.  Learn what materials can be taken to community recycling centers or drop-off locations.
3.  Consider participating in community events and education programs to stay updated.

By following these guidelines, you can help minimize your household's environmental impact and promote more effective waste management.",1.7160068825766504e-06,1.8903094370403914e-13,97.8094301905114,8.580035358037971e-07
How do I properly recycle household items?,"Proper recycling of household items is crucial for reducing waste, conserving natural resources, and mitigating environmental impacts. Here's a comprehensive guide to help you properly recycle household items:

**Common Household Items to Recycle:**

1.  **Paper and Cardboard:**
    *   Corrugated cardboard
    *   Newspaper
    *   Magazines
    *   Junk mail
    *   Cardboard boxes (e.g., cereal or shoe boxes)
    *   Paperboard (e.g., cereal or shoe boxes)
    *   Paperboard inserts (e.g., from appliance boxes)

2.  **Plastics:**
    *   Bottles and jugs (soda, water, juice, and milk)
    *   Containers for household cleaning products
    *   Containers for personal care products (e.g., shampoo, conditioner, lotion)
    *   Plastic straws, cut up or not
    *   Plastic bags (for drop-off at participating retailers)

3.  **Glass:**
    *   Bottles and jars (e.g., food and beverage containers)
    *   Glass containers for food or other products

4.  **Metals:**
    *   Aluminum and steel cans (food and beverage)
    *   Tins (e.g., pet food, coffee)
    *   Steel or aluminum foil
    *   Metal lids (from food and beverage containers)

5.  **Organics:**
    *   Food waste (e.g., fruit and vegetable scraps, tea bags, coffee grounds)
    *   Yard trimmings and grass clippings

6.  **Electronics:**
    *   Computers
    *   Smartphones
    *   Televisions
    *   Monitors
    *   Appliances (e.g., refrigerators, washing machines, air conditioners)
    *   Other electronics (e.g., DVD players, printers, keyboards)

7.  **Batteries:**
    *   Alkaline batteries (e.g., AA, AAA, D, 9-volt)
    *   Nickel-cadmium (Ni-Cd) batteries
    *   Nickel-metal hydride (NiMH) batteries
    *   Lead-acid batteries (e.g., car batteries)

**Proper Recycling Procedures:**

1.  **Sorting:**
    *   Separate materials into different containers or bins based on their recyclability.
    *   Remove contaminants (e.g., food, liquids, non-recyclable materials).

2.  **Preparing Materials:**
    *   Clean and rinse containers.
    *   Remove lids, labels, and caps.
    *   Flatten cardboard and paperboard.
    *   Remove batteries from any packaging materials.

3.  **Checking with Local Recycling Centers:**
    *   Research local recycling centers and their specific guidelines for materials accepted.
    *   Check for any special requirements (e",3.7382341883927854e-05,1.7923161095987228e-13,90.26746086559028,1.8691171031579732e-05
How do I properly recycle household items?,"Recycling household items is crucial for conserving natural resources, reducing landfill waste, and mitigating the environmental impact of human activities. Here's a comprehensive guide on how to properly recycle household items:

**General Recycling Tips:**

1.  **Check your local recycling guidelines**: Familiarize yourself with your local recycling program's rules and guidelines for accepted materials.
2.  **Sort and separate**: Separate recyclables from non-recyclable items, and sort materials into specific categories (e.g., paper, plastic, glass, metal).
3.  **Rinse and clean**: Clean recyclables thoroughly to remove food and liquid residues, which can contaminate other materials.
4.  **Remove lids, labels, and caps**: Take off lids, labels, and caps from recyclable containers before recycling them.
5.  **Flatten or compact**: Flatten cardboard, paperboard, and other materials to conserve space and make them easier to transport.
6.  **Keep electronics separate**: Recycle electronic devices, batteries, and cell phones separately from other recyclables.

**Recycling Specific Items:**

1.  **Paper and Cardboard**:
    *   Newspaper, cardboard, paperboard, cartons, and junk mail can be recycled.
    *   Remove any non-recyclable inserts or plastic windows.
2.  **Plastics**:
    *   Bottles, jugs, containers, and packaging can be recycled.
    *   Check the recycle code on the bottom of the item to ensure it's recyclable.
3.  **Glass**:
    *   Bottles, jars, and containers can be recycled.
    *   Remove lids, labels, and caps before recycling.
4.  **Metal**:
    *   Aluminum cans, steel cans, and foil can be recycled.
5.  **Organics**:
    *   Food waste, yard trimmings, and food-soiled paper products can be composted.
6.  **Batteries and Electronics**:
    *   Recycle batteries, cell phones, and other electronic devices responsibly.
7.  **Textiles**:
    *   Don't recycle clothing or textiles with zippers, buttons, or other attachments.
    *   Donate or repurpose items that can be reused.

**Additional Tips:**

1.  **Avoid mixing non-recyclable materials** with recyclables, as it can contaminate the recycling stream.
2.  **Don't bag recyclables**, as they may not be accepted by recyclers.
3.  **Participate in community curbside collection** or take recyclables to local recycling centers.
4.  **Get involved in your community**: Educate others about recycling and participate in local initiatives.
5.  **Stay informed**: Stay up-to-date on changes to your local recycling program and best practices.

Recycling household items is a vital step in creating a more sustainable future. By following",2.580925076399329e-07,4.786902976089842e-13,94.97453296186961,1.2904649316511525e-07
What's the difference between weather and climate?,"Weather and climate are two related but distinct concepts in the field of meteorology:

**Weather** refers to the temporary and local conditions of the atmosphere at a specific place and time, including:

- Temperature
- Humidity
- Cloudiness
- Wind
- Precipitation (rain, snow, sleet, etc.)
- Atmospheric pressure

Weather is what you experience from day-to-day, hour-to-hour, or minute-to-minute. For example, ""Today's weather is rainy and windy.""

**Climate**, on the other hand, refers to the long-term average atmospheric conditions in a particular region or area, including:

- Average temperature
- Average precipitation
- Average humidity
- Average cloudiness
- Average wind patterns

Climate describes the typical weather patterns of a region over a long period, such as years or decades. Climate is often measured over a period of at least 30 years to account for natural fluctuations. For example, ""California has a Mediterranean climate with mild winters and dry summers.""

Key differences between weather and climate:

- **Time scale**: Weather changes rapidly, while climate changes slowly over long periods.
- **Spatial scale**: Weather is local, while climate is regional or global.
- **Predictability**: Weather is unpredictable on a short-term basis, while climate is more predictable on a long-term basis.
- **Patterns**: Weather is about short-term variations, while climate is about long-term patterns.

In summary, weather is like a snapshot of the atmosphere at a given moment, while climate is a portrait of the atmosphere over a much longer period.",7.547035510374818e-10,2.3469313574525224e-11,99.99998526724018,3.890864323060035e-10
What's the difference between weather and climate?,"The terms ""weather"" and ""climate"" are often used interchangeably, but they refer to different aspects of the Earth's atmosphere.

**Weather** refers to the short-term and local conditions of the atmosphere at a specific place and time, including phenomena such as:

* Temperature
* Humidity
* Cloudiness
* Wind
* Precipitation (rain, snow, hail, etc.)
* Storms (thunderstorms, blizzards, heatwaves, etc.)

Weather conditions can change rapidly over a short period, usually in a matter of hours or days. For example, it might be sunny in the morning, but rain in the afternoon.

**Climate**, on the other hand, refers to the long-term average atmospheric conditions in a specific region over a large area and a long period of time, typically 30 years or more. Climate includes:

* Average temperature
* Average precipitation
* Seasonal patterns of temperature and precipitation
* Extreme weather events (heatwaves, droughts, etc.)
* Atmospheric circulation patterns ( trade winds, jet stream, etc.)

Climate is not affected by daily or weekly changes, but rather by long-term trends, such as global warming, El Niño, or a shift in the jet stream. Climate change occurs over a much longer time frame, often decades or centuries.

To illustrate the difference, consider this example:

* Weather: ""It's sunny and warm today, but raining tomorrow."" (short-term conditions)
* Climate: ""This region has a Mediterranean climate, with warm summers and mild winters."" (long-term average conditions)

In summary, weather is the short-term, local, and unpredictable conditions of the atmosphere, while climate is the long-term, regional, and stable pattern of the atmosphere.",5.558190670876185e-13,6.663234852832129e-14,99.23313288976519,3.112257078079699e-13
What's the difference between weather and climate?,"Weather and climate are two related but distinct concepts in the field of meteorology. Here's a breakdown of the main differences:

**Weather**: Weather refers to the short-term and local conditions of the atmosphere at a specific place and time, including:

1. Temperature
2. Humidity
3. Cloudiness
4. Wind speed and direction
5. Precipitation (rain, snow, sleet, hail, etc.)
6. Other factors that influence these conditions, such as atmospheric pressure and air quality

Weather is the day-to-day variation in atmospheric conditions and can change rapidly over short periods, such as hours or days.

**Climate**: Climate, on the other hand, is the long-term average atmospheric condition in a particular region, typically measured over a period of 30 years or more. It encompasses the average values of various weather elements, including:

1. Temperature (average highs and lows)
2. Precipitation patterns (amounts and distribution)
3. Sunshine hours
4. Wind patterns
5. Extreme weather events (e.g., frequency and severity of heatwaves, droughts, or floods)

Climate describes the overall character of the weather in a region and is commonly used to discuss long-term trends, such as global warming, seasonal patterns, and regional variations.

To illustrate the difference:

* Weather: It's sunny today in New York City, but yesterday was rainy.
* Climate: New York City has a humid continental climate with cold winters and warm summers, characterized by moderate precipitation throughout the year.

In summary, weather describes short-term conditions, while climate describes long-term tendencies and patterns in atmospheric conditions.",2.741676323611495e-11,6.542331203578294e-14,99.99999142365346,1.3741093274075367e-11
What's the difference between weather and climate?,"Weather and climate are two related but distinct concepts that often get confused with each other. Here's a clear explanation of the difference:

**Weather** refers to the short-term atmospheric conditions at a specific location and time, typically measured over a period of hours or days. Weather includes variables such as:

- Temperature
- Humidity
- Cloudiness
- Wind speed and direction
- Precipitation (rain, snow, sleet, hail)
- Atmospheric pressure

Weather can change rapidly and unpredictably from day to day or even hour to hour.

**Climate**, on the other hand, is the long-term average atmospheric conditions in a particular region, typically measured over 30 years or more. It describes the average weather patterns of a region, including:

- Temperature (average, minimum, and maximum)
- Precipitation (annual total, seasonal distribution, etc.)
- Seasonal patterns
- Extreme weather events (frequency and intensity)

Climate is shaped by several factors, including:

- Latitude and elevation
- Proximity to the ocean or large bodies of water
- Mountains and valleys
- Global atmospheric circulation patterns (e.g., jet stream, El Niño)
- Human activities (deforestation, urbanization, greenhouses gases emissions)

To illustrate the difference, think of it this way: weather is like a daily or weekly forecast, while climate is the overall pattern of the seasons and long-term trends in a given region.",4.221603722962612e-12,2.2338056401582488e-13,99.99373710673395,2.2224921434892188e-12
What's the difference between weather and climate?,"Weather and climate are two related but distinct concepts that describe different aspects of the Earth's atmosphere.

**Weather** refers to the short-term and local conditions of the atmosphere at a specific place and time, including temperature, humidity, cloudiness, wind, precipitation, and other meteorological elements. Weather is usually measured over intervals of hours, days, or weeks. It can change rapidly and can vary significantly over small areas.

Examples of weather include:

- sunny skies in the morning
- a thunderstorm in the afternoon
- a heatwave or a cold snap in a region
- a rainy day in a particular area

**Climate**, on the other hand, is the long-term average atmospheric condition in a particular region, describing the patterns of weather over large areas and over extended periods of time (years, decades, or centuries). Climate is influenced by various factors such as latitude, altitude, topography, oceans, and global wind patterns.

Examples of climate include:

- a tropical climate near the equator
- a continental climate in an inland region
- a Mediterranean climate near the ocean
- a polar climate near the Arctic and Antarctic regions

The key differences between weather and climate are:

1.  **Timeframe**: Weather is measured over short periods, while climate is measured over long periods.
2.  **Scope**: Weather is local, while climate is regional.
3.  **Patterns**: Weather patterns can change rapidly, whereas climate patterns change more gradually over time.

To illustrate the difference, consider this example: One day might be very hot and sunny in a given city (weather), but the average annual temperature in that city might be mild (climate).",1.0395380116684254e-14,8.060476305064591e-13,99.99991887141078,4.082215053115717e-13
