question,answer,trait_a,trait_b,coherence,composition
Can people truly change their personalities?,"While the age-old debate on whether people can change their personalities continues, research suggests that while individuals can develop new traits and become more adaptable, it's a complex and multi-faceted process. Here's a summary of the key findings:

**Key factors influencing personality change:**

1.  **Genetic predispositions:** While personality is heritable, research suggests that genetics account for approximately 30-50% of individual differences in personality traits. However, environmental factors, such as life experiences and learning, play a significant role in shaping personality.
2.  **Neuroplasticity:** Brain function and structure can change throughout life due to experience and learning. Neuroimaging studies show that repetitive neural pathways can be altered, adapting to new skills or habits.
3.  **Cognitive-behavioral changes:** Through psychological therapy, such as cognitive-behavioral therapy (CBT), individuals can develop more adaptive thought patterns and behaviors, leading to changes in personality traits.
4.  **Life events and experiences:** Significant life events, like trauma, loss, or major life changes, can shape personality development and lead to adaptations in response to new situations.

**Limitations of personality change:**

1.  **Stability:** Some personality traits, such as extraversion and conscientiousness, tend to be more stable over time, whereas traits like neuroticism and agreeableness are more malleable.
2.  **Depth of change:** While individuals can develop new traits and become more adaptable, deeper-seated personality changes can be more difficult to achieve, especially in areas like attachment styles or core values.
3.  **Contextual influences:** Personality can be influenced by specific environments and contexts, which may make changes in personality more challenging to achieve in certain situations.

**Examples of personality changes:**

1.  **Learning a new skill:** Acquiring a new skill, like a musical instrument or a language, can lead to changes in cognitive ability, self-confidence, and adaptability.
2.  **Overcoming phobias:** Exposure therapy can help individuals overcome specific fears or phobias, leading to changes in associated personality traits, such as anxiety or avoidance behaviors.
3.  **Maturity and self-awareness:** As people mature, they often develop greater self-awareness, empathy, and emotional regulation, leading to more developed personality traits.

In conclusion, while the idea that people can change their personalities is a complex and multifaceted one, research suggests that it is indeed possible. However, this process can be challenging, and individual differences play a significant role in determining the extent of personality change.",63.94462803524703,6.558499291014444e-13,95.3395828331041,31.97231401762384
Can people truly change their personalities?,"Research suggests that while people can exhibit changes in their behavior and coping mechanisms, the argument about the possibility of deep-seated, fundamental personality changes remains a topic of debate. Here are some points to consider:

1.  **Temperament and personality are distinct concepts:** Temperament refers to an individual's innate, inherited traits, which shape their personality and behavior early in life. Temperament can be considered relatively stable across the lifespan. However, personality is the dynamic manifestation of temperament in a specific social and cultural context. It can be influenced by experiences, learning, and interactions.

2.  **Habits and behavior:** People can alter their behavior significantly through practice, reinforcement, and learning new skills. By developing more adaptive habits, they can modify their responses to various situations.

3.  **Neuroplasticity:** The brain's ability to reorganize itself in response to new experiences suggests that changes can occur at a neural level, potentially resulting in more permanent changes to personality traits like emotional regulation, cognitive biases, and even aspects of personality.

4.  **Therapy and personal growth:** Psychotherapies, like cognitive-behavioral therapy (CBT) and humanistic therapies, can foster personal growth by enhancing self-awareness, self-regulation, and emotional intelligence. These changes often stick, leading to significant shifts in behavior and coping mechanisms.

5.  **Environmental influences:** Socialization, upbringing, and cultural factors can shape personality over time. Significant changes in environment, as seen with some immigrants, can have a profound impact on a person's personality.

6.  **Self-report measures:** Measuring personality change is challenging, and different assessments and self-report instruments might yield different results. If individuals change their self-perceptions or report different personality traits, does that necessarily mean their underlying personality has changed or are they simply presenting themselves differently?

The extent to which people can change their personality remains a subject of ongoing research. While there is evidence to suggest that behavior and certain aspects of personality can be adapted, the true extent of deep-seated personality change remains unclear.",29.349418219858915,2.34344336564694e-14,94.98324285761056,14.67470910992947
Can people truly change their personalities?,"Personality is a complex and multi-faceted concept that has been debated among psychologists and researchers for years. While some people's traits can change over time, the answer is not a straightforward yes or no. Here's a nuanced explanation:

**Can people change their personality traits?**

Yes, people can exhibit considerable change in their personality over their lifespan. However, this change often occurs gradually and is shaped by various factors, such as:

1. **Environmental influences**: Upbringing, life experiences, relationships, and social environments can shape personality traits, especially in the early years. Later in life, people may be exposed to new environments, cultures, or relationships that can also impact their personality.
2. **Neuroplasticity**: Our brains reorganize and adapt throughout our lives. Neuroplasticity refers to the brain's ability to change and adapt in response to new experiences, learning, and experiences. This can lead to changes in personality traits, such as improved emotional regulation or increased optimism.
3. **Self-awareness and self-regulation**: As people become more aware of their thoughts, emotions, and behaviors, they can develop skills to manage and regulate these aspects of themselves, which can lead to changes in personality.
4. **Intentional change**: People can work on changing their personality traits intentionally, often with the help of therapy, self-reflection, or self-learning.

**However, it's essential to note that:**

* **Trait stability:** Some personality traits, especially those linked to genetics and neurobiology (e.g., introversion, extraversion, neuroticism), tend to be relatively stable across adulthood.
* **Trait instability:** Other traits, such as attachment style or self-esteem, can change more easily over time.
* **Context-dependent adaptability:** Personality traits can adapt to specific contexts or situations, but this doesn't necessarily mean the underlying trait is changing.

**Key personality changes that are more likely to occur:**

1. **Adaptation to changing circumstances:** People may adjust their traits to fit into new roles, environments, or social situations.
2. **Emotional regulation:** Improvements in emotional regulation can lead to changes in traits like neuroticism or anxiety.
3. **Character growth:** As people gain wisdom, experience, and maturity, they may develop qualities like empathy, self-awareness, or resilience.
4. **Self-directed change:** Through intentional effort, individuals can improve traits like self-esteem, self-motivation, or locus of control.

In conclusion, while personality is relatively stable, people can change their traits, especially with:

1. Environmental influences
2. Neuroplasticity
3. Self-awareness and self-regulation
4. Intentional change

These changes may be more pronounced in certain traits, such as emotional regulation or character growth, rather than core, genetically predisposed traits like extraversion or neuroticism.",50.978878765069425,8.06786495203342e-15,95.81364460276806,25.489439382534716
Can people truly change their personalities?,"The question of whether people can truly change their personalities is a complex one, and the answer is not a simple yes or no. While personalities can evolve and adapt over time, the core aspects of personality are relatively stable and resistant to change. Here's a breakdown of the debate:

**Arguments for change:**

1. **Neuroplasticity**: The brain is highly adaptable, and our neural connections and pathways can reorganize and strengthen through experience and practice. This neuroplasticity allows individuals to learn new skills, develop new habits, and even change their emotional responses to situations.
2. **Life experiences**: Significant life events, such as trauma, relationships, or career changes, can shape our personalities and lead to personal growth. These experiences can help individuals develop new skills, perspectives, and coping mechanisms, which can, in turn, alter their personality traits.
3. **Self-awareness and self-reflection**: Increased self-awareness and introspection can help individuals identify areas where they would like to change or improve. With self-reflection and practice, people can develop new habits, strategies, and coping mechanisms to modify their personality traits.
4. **Therapy and counseling**: Working with a therapist or counselor can help individuals identify and change negative thought patterns, behaviors, and emotional responses that contribute to their personality traits. Therapy can also provide individuals with tools and strategies to develop more adaptive personality traits.

**Arguments against change:**

1. **Genetic predisposition**: Research suggests that personality traits have a strong genetic component, with estimates suggesting that 40-60% of personality is heritable. This means that our genetic makeup can influence the development of certain traits, making it more challenging to change our core personality.
2. **Stability of personality patterns**: Research has shown that personality traits tend to remain relatively stable over time, even in the face of significant life events. This stability suggests that our personality patterns are deeply ingrained and difficult to change.
3. **Limited scope of self-awareness**: While self-awareness is essential for change, it may be limited by our own biases, self-deception, or the complexity of our thoughts and emotions. Recognizing and understanding our own thoughts, feelings, and behaviors can be a challenging task.
4. **Resistance to change**: Humans tend to be habitual creatures, and changing our behavior, thoughts, and emotions can be a difficult and uncomfortable process. This resistance to change can make it challenging to alter our personality traits.

**The middle ground:**

1. **Moderate changes**: While our core personality traits may be resistant to change, we can still develop new skills, strategies, and coping mechanisms that can help us adapt to different situations and improve our relationships with others.
2. **Shifting between traits**: Research suggests that individuals can exhibit different personality traits in different situations or contexts. For example, someone who is typically introverted in social situations may become more extroverted when working on a team project.
3",40.37525483886937,4.963834612159495e-13,88.7130145825116,20.187627419434932
Can people truly change their personalities?,"Research suggests that people can change aspects of their personality, but the extent to which they can change is still a topic of debate. While some degree of personality stability exists, significant self-reflection, effort, and the right approach can lead to lasting changes. 

Some factors that contribute to personality change include:

1.  **Self-awareness**: Understanding your current personality traits, flaws, and areas for improvement is crucial. Recognizing your strengths and weaknesses allows you to adapt and develop new habits.
2.  **Neuroplasticity**: The brain's ability to reorganize itself in response to experience and learning can influence personality development. This means that as people learn and acquire new skills or perspectives, their brain cells and connections can rewire, potentially leading to changes in personality traits.
3.  **Life events and experiences**: Major life events, such as a new job, a move, or the loss of a loved one, can prompt people to reassess their priorities and make adjustments to their personality. This process is known as ""personality renaissance.""
4.  **Psychoanalysis and therapy**: Working with a therapist or counselor can help individuals identify and change maladaptive patterns, emotional responses, or thought processes. Techniques like cognitive-behavioral therapy can lead to long-term personality changes by modifying perceptions, reactions, and behaviors.
5.  **Voluntary behavior change**: Making conscious choices and efforts to change your behavior, such as practicing mindfulness, exercise, or developing new hobbies, can contribute to personality change.
6.  **Social environment**: Being part of a community or social group can influence personality development. A person's surroundings, social support system, and friendships can help shape their personality and encourage positive growth.

However, there are also factors that limit the possibility of significant personality change:

1.  **Genetic predispositions**: Research suggests that genetic factors play a significant role in shaping personality, and while environmental factors can influence it, they cannot substantially alter an individual's basic personality traits.
2.  **Personality stability**: Some personality traits, like the Big Five personality dimensions (Openness, Conscientiousness, Extraversion, Agreeableness, and Neuroticism), tend to be relatively stable throughout a person's life.
3.  **Age**: Personality typically stabilizes in early adulthood, and it becomes more difficult to make significant changes as people age.

In conclusion, while people can change aspects of their personality through self-awareness, effort, and a supportive environment, the extent to which they can change remains limited by factors like genetic predispositions and life-long patterns established early in life.",69.10605872104874,6.305116760113478e-16,97.81164495663624,34.55302936052437
Should voting be mandatory in all democracies?,"The debate about whether voting should be mandatory in all democracies is a complex and contentious issue, with arguments both for and against. Here are some of the main points to consider:

**Arguments For Mandatory Voting:**

1.  **Increased Voter Turnout:** Mandatory voting can lead to higher voter turnout, as all eligible citizens are required to participate in the democratic process. This can result in a more representative democracy, where the voices of all citizens, not just the most engaged, are heard.
2.  **Improved Representation:** Mandatory voting can provide a more accurate reflection of the population's preferences and values, leading to better representation in government.
3.  **Reduced Spoilerism:** Mandatory voting can reduce the impact of strategic voting, where some voters cast their ballots for a less-preferred candidate to block their least-preferred candidate from winning.
4.  **Increased Civic Engagement:** Mandatory voting can foster a greater sense of civic duty and responsibility, as citizens feel more invested in the democratic process.

**Arguments Against Mandatory Voting:**

1.  **Free Choice and Autonomy:** Forcing citizens to vote can be seen as a restriction of their freedom and autonomy. Voting is a fundamental right, and some argue that it should not be mandated.
2.  **Coercion vs. Consent:** Mandatory voting can be seen as coercive, rather than participatory. Citizens may feel forced to vote, rather than making an informed decision.
3.  **Financial and Practical Barriers:** Mandatory voting can create financial and practical barriers for some citizens, particularly those with mobility issues or those living in remote areas.
4.  **Effectiveness:** Some argue that mandatory voting may not necessarily lead to a higher quality of representation, as citizens may vote without sufficient information or understanding of the issues.

**Alternatives to Mandatory Voting:**

1.  **Automatic Voter Registration:** Implementing automatic voter registration can increase voter turnout without making voting mandatory.
2.  **Voting Reform:** Reforming the electoral system, such as implementing ranked-choice voting or proportional representation, can increase voter participation and engagement.
3.  **Increased Voter Education:** Providing citizens with accurate information and education about the issues and candidates can improve their ability to make informed decisions, regardless of whether voting is mandatory or not.

**In Conclusion:** The debate around mandatory voting is complex, and there is no one-size-fits-all solution. While mandatory voting can have benefits, such as increased voter turnout and representation, it also raises concerns about individual freedom and autonomy. Consider implementing alternative measures, such as automatic voter registration, voting reform, and voter education, to increase voter participation and engagement.",18.466211268739016,1.940799606375543e-14,99.95308898594052,9.233105634369517
Should voting be mandatory in all democracies?,"The debate about whether voting should be mandatory in all democracies is complex and multifaceted. There are valid arguments both for and against compulsory voting.

**Arguments For Mandatory Voting:**

1.  **Increased representation:** Mandatory voting ensures that every citizen's voice is heard, giving a more accurate representation of the population's views and preferences.
2.  **Higher turnout:** Compulsory voting tends to boost voter turnout, which is often a significant issue in democratic elections. By making voting obligatory, the government can increase participation and reduce the likelihood of apathetic voters.
3.  **Reduced polarization:** Mandatory voting can dilute the influence of extremists and special interest groups, as it encourages citizens to engage with the democratic process and consider a broader range of views.
4.  **Less influence of wealthy elites:** Compulsory voting can help reduce the sway of wealthy elites or special interest groups, as every citizen has an equal say regardless of their financial status.

**Arguments Against Mandatory Voting:**

1.  **Autonomy and freedom:** Forcing citizens to vote raises concerns about individual autonomy and freedom, as voters may feel coerced into participating in the democratic process.
2.  **Voter suppression:** Mandatory voting can be seen as a form of voter suppression, particularly in countries where voting can be difficult or uncomfortable for certain groups, such as minority communities or those with limited access to information.
3.  **Administrative complexity:** Implementing and enforcing a mandatory voting system can be administratively burdensome, particularly in countries with significant populations or geographic disparities.
4.  **Effectiveness of electoral system:** Mandatory voting does not necessarily impact the effectiveness of an electoral system, and may not address underlying issues such as gerrymandering, voter suppression, or corrupt government bodies.

**Examples of Mandatory Voting Systems:**

1.  **Australia:** Australia has had compulsory voting since 1924 and has one of the highest voter turnouts in the world, with over 90% of eligible citizens participating in federal elections.
2.  **South Korea:** South Korea introduced compulsory voting in 1948 and has consistently had voter turnout above 70%.
3.  **Greece:** Greece introduced mandatory voting in 1926 and has maintained an average voter turnout of around 70%.

**Conclusion:**

While there are valid arguments on both sides, the decision to implement mandatory voting should be made on a case-by-case basis, taking into account the specific social, cultural, and historical context of each country. A balanced approach that respects individual freedom and autonomy while promoting civic engagement and inclusion may be most effective in achieving a representative and responsive democracy.",25.982403250166698,1.5125188821445136e-15,95.1785720632397,12.991201625083349
Should voting be mandatory in all democracies?,"Implementing mandatory voting in all democracies is a complex issue with varying opinions on its effectiveness and feasibility. Here are some arguments for and against mandatory voting:

**Arguments For Mandatory Voting:**

1.  **Increased participation**: Mandatory voting can lead to higher voter turnout, which is essential for a democratic system as it reflects the will of the people. Higher turnout can result in more representative outcomes.
2.  **More informed discussions**: The increased participation of citizens can lead to a more lively and dynamic discussion on topics of national importance, fostering public awareness and participation.
3.  **Encourages civic duty**: Mandatory voting instills a sense of civic duty and responsibility among citizens, which can strengthen democratic norms and values.
4.  **Reducing extremist and fringe outcomes**: By participating in elections, citizens may be less likely to vote for fringe or extremist parties, promoting stability and moderation in the democratic process.
5.  **Comparative advantage**: Existent democracies that already have higher turnout rates tend to have more stable governments, lower levels of voter disillusionment and mistrust, and ultimately might have a stronger democracy.

**Arguments Against Mandatory Voting:**

1.  **Forced participation**: Some argue that forcing citizens to participate in voting violates their right to freedom and autonomy. It could be seen as coercive and could lead to people exercising a ""protest vote"" rather than a genuine engagement.
2.  **Potential for apathy**: Mandatory voting may lead to voter apathy if people feel that their vote does not carry significant weight, or if they feel they have no strong connection with the candidates on the ballot.
3.  **Difficulty in enforcement**: Implementing and enforcing a mandatory voting system could be expensive and may be difficult to regulate, particularly in countries with large populations or dispersed geographies.
4.  **Risk of voting for the lesser of evils**: In some cases, individuals might be forced to vote for a candidate or party they don't support in order to fulfill the mandatory voting requirement, which could lead to a loss of trust in the voting system.
5.  **Concerns regarding voter autonomy**: Some critics argue that mandatory voting could undermine the autonomy of the individual voter by restricting their right to exercise their independent judgment and decision-making in elections.

Australia, Belgium, Brazil, and several other countries have implemented or considered mandatory voting, with varying results. In Australia, for instance, a penalty is in place for those who do not cast a ballot, while in Belgium, a fine is levied on citizens who do not vote but the penalty can be paid. The effectiveness and impact of mandatory voting vary from one country to another, depending on the specific implementation and societal context.

In conclusion, whether voting should be mandatory in all democracies is a highly debated topic, with both valid arguments for and against. While mandatory voting can increase participation and encourage civic responsibility, it raises concerns about individual freedom, autonomy, and the potential for disenfranchisement.",24.88752281650814,1.56623960848935e-14,95.9286034041696,12.443761408254078
Should voting be mandatory in all democracies?,"The debate about making voting mandatory in all democracies is a complex and multifaceted issue. Here are some arguments for and against it:

**Arguments For Making Voting Mandatory:**

1.  **Increased Participation:** By making voting mandatory, more citizens are likely to participate in the democratic process, which can lead to a more representative government.
2.  **Higher Turnout:** Compulsory voting can increase voter turnout, making the voting process more authoritative and reflecting the true will of the people.
3.  **Engagement and Education:** Mandatory voting can educate citizens about the voting process and encourage them to engage in the democratic process, fostering a deeper understanding of civic responsibility.
4.  **Reducing Disenfranchisement:** Mandatory voting can help reduce disenfranchisement and ensure that all citizens have a say in the democratic process, regardless of their socioeconomic background or education level.
5.  **Improved Representation:** By increasing voter turnout, mandatory voting can lead to more representative governments, which can better address the needs and concerns of all citizens.

**Arguments Against Making Voting Mandatory:**

1.  **Restrictions on Personal Freedom:** Mandating voting could be seen as an infringement on individual freedom and autonomy, imposing a requirement that may not align with one's personal beliefs or values.
2.  **Potential for Disenfranchisement:** While compulsory voting aims to reduce disenfranchisement, it can also inadvertently disenfranchise individuals who may not have the right to vote, such as non-citizens or those who are temporarily overseas.
3.  **Lack of Authentic Voter Intent:** Mandatory voting can lead to a situation where citizens vote without truly considering the implications of their choice, possibly resulting in uninformed or ""tactical"" voting.
4.  **Increased Administrative Burden:** Implementing and enforcing compulsory voting could be administratively burdensome and resource-intensive, potentially leading to disputes and conflicts.
5.  **Alternative Solutions:** Some argue that increasing voter registration, voter education, and making voting more accessible can be effective alternatives to mandatory voting.

**Examples of Countries with Compulsory Voting:**

1.  Australia: Introduced in 1924, compulsory voting has become an integral part of Australian democracy, with around 90% of citizens participating in federal elections.
2.  Belgium: Mandatory voting has been a part of Belgian law since 1893, with a participation rate of around 87% in the 2019 federal elections.
3.  Greece: Compulsory voting was introduced in 1915 and has been in effect ever since, with a participation rate of around 80% in the 2019 parliamentary elections.

**Conclusion:**

While there are valid arguments for and against mandatory voting, the effectiveness of such a policy depends on the context and implementation. Some countries have successfully implemented compulsory voting and achieve higher voter turnout, while others have faced challenges and debates. Ultimately, the decision to make voting mandatory should",22.554461584415833,2.9763125928984524e-15,94.08173454487631,11.277230792207918
Should voting be mandatory in all democracies?,"The debate about mandatory voting in democracies is ongoing and contentious. There are arguments both for and against implementing mandatory voting in all democracies. Here are some of the main points to consider:

**Arguments For Mandatory Voting:**

1.  **Increased voter turnout:** Mandatory voting can lead to higher voter participation rates, as citizens are required to participate in the democratic process. This can result in a more representative government, as a broader range of opinions and perspectives are represented.
2.  **Reducing disfranchisement:** Mandatory voting can help address the issue of voter apathy and disfranchisement, particularly among marginalized communities that may feel disconnected from the political process.
3.  **Reducing spoiler effects:** In some electoral systems, a small number of protest or spoiler candidates can significantly impact the outcome of an election. Mandatory voting can mitigate these effects by ensuring that all voters participate in the democratic process.
4.  **Increased civic engagement:** Voting is a fundamental aspect of democratic citizenship. Mandatory voting can foster a sense of civic responsibility and engagement among citizens, promoting a more active and informed citizenry.

**Arguments Against Mandatory Voting:**

1.  **Compulsory voting can be coercive:** Some argue that mandatory voting can be seen as coercive, as citizens may feel forced to participate in the democratic process against their will.
2.  **Limited effectiveness:** Research suggests that mandatory voting may not lead to significant increases in voter turnout, as citizens may find ways to avoid voting or cast protest votes.
3.  **Potential for uninformed voting:** Mandatory voting can lead to uninformed or disengaged voters, which can undermine the legitimacy of the democratic process.
4.  **Concerns about autonomy:** Mandatory voting may be seen as an infringement on individual freedom, particularly if citizens are required to vote for a particular candidate or party against their will.

In conclusion, the debate over mandatory voting in democracies is complex and multifaceted. While some argue that it can lead to higher voter turnout and more representative governments, others contend that it can be coercive and lead to uninformed voting. Ultimately, the decision to implement mandatory voting should be based on a careful consideration of the potential benefits and drawbacks and the specific context of each democracy.",18.608496526665895,4.172068287238523e-14,96.3459526120081,9.304248263332969
Should people always tell the truth?,"Whether or not people should always tell the truth is a complex and debated topic. There are various arguments both for and against telling the truth in different situations. Here are some points to consider:

**Arguments for always telling the truth:**

1.  **Honesty promotes trust and integrity**: Lying can damage relationships and erode trust, while honesty builds and maintains strong relationships and a good reputation.
2.  **Honesty is a moral principle**: Many believe that honesty is a fundamental moral principle, and lying can lead to feelings of guilt, shame, and self-contempt.
3.  **Lies can have consequences**: Deception can have serious consequences, such as getting caught in a lie, losing a job or a relationship, or causing harm to others.

**Arguments for not always telling the truth:**

1.  **White lies can be beneficial**: In certain situations, telling a white lie (a harmless, benevolent lie) can be necessary to avoid hurting someone's feelings or spare someone else's emotions.
2.  **Self-protection**: In some cases, telling a lie can be a means of self-protection from harm, harassment, or bullying.
3.  **Context matters**: Lying might be justified in situations where telling the truth could put someone in danger, such as hiding information about a health condition or a crime.
4.  **Cultural and social differences**: Different cultures and societies may have varying norms and expectations around honesty. What is considered a lie in one culture might not be in another.
5.  **Ambiguity and gray areas**: There are situations where the truth is unclear or ambiguous, making it difficult to determine what is right or wrong.

**Gray areas and nuances**:

*   White lies: While some consider white lies harmless, others argue they can lead to further lying or harm if not handled carefully.
*   Omissions: Withholding information or omitting the truth can be seen as a form of deception, but it might be necessary in certain situations.
*   Half-truths: Partially truthful statements can be misleading or dishonest, even if they are not entirely false.

There is no straightforward answer to whether people should always tell the truth. It depends on the situation, the context, and the potential consequences.",15.413793097861154,1.2457821609390164e-14,99.55932564506345,7.706896548930583
Should people always tell the truth?,"While there's no one-size-fits-all answer, honesty is generally considered a valuable virtue in most cultures and societies. Telling the truth often leads to trust, respect, and healthy relationships. However, there are situations where honesty might not be the best policy, such as:

1.  **Protecting someone's feelings**: In some cases, telling the truth might be hurtful or damaging to someone's self-esteem. In such situations, a gentle, compassionate lie (""white lie"") might be more compassionate and helpful.
2.  **Maintaining confidentiality**: Medical professionals, lawyers, or counselors may need to keep confidential information private, even if it's not the truth. This is done to protect the individual's privacy and trust in the professional relationship.
3.  **Avoiding harm**: If telling the truth would cause physical or emotional harm, it might be better to withhold the information. For instance, if someone is struggling with suicidal thoughts, not telling them about their situation might be more hurtful in the long run, but an immediate crisis intervention might be necessary.
4.  **Self-defense or national security**: In extreme cases, withholding the truth might be necessary for self-defense or national security. This often involves situations where revealing the truth could put someone in danger or compromise sensitive information.

Ultimately, the decision to tell the truth depends on the context and the potential consequences of revealing or withholding the truth. It's crucial to weigh the benefits and drawbacks of honesty in each situation and consider alternative approaches that can lead to the best outcome.

Here are some tips to help you navigate situations where honesty is not always the best policy:

1.  **Consider the potential consequences**: Think about how revealing or withholding the truth might affect others and the situation.
2.  **Empathize with others**: Try to understand the perspectives and feelings of those involved.
3.  **Be honest in a non-harmful way**: If you need to withhold the truth, try to be as honest as possible without causing harm.
4.  **Respect confidentiality**: Maintain confidentiality when necessary, such as in professional or therapeutic relationships.
5.  **Be mindful of your motives**: Ensure you're not using dishonesty to manipulate or control others.

It's also essential to remember that honesty is a quality that builds trust and strengthens relationships. When you're honest, you're more likely to earn the respect and trust of others.",45.00580141311683,9.205071757928305e-15,95.50164048068562,22.502900706558417
Should people always tell the truth?,"The question of whether people should always tell the truth is a complex and debated topic among philosophers, ethicists, and everyday people. While honesty is often considered a fundamental virtue, there are also situations where telling the truth might not be entirely beneficial or necessary. Here are some arguments for and against the idea of always telling the truth:

**Arguments for always telling the truth:**

1.  **Respect and trust**: Honesty fosters trust and respect in relationships, which are essential for building strong, healthy connections with others.
2.  **Personal integrity**: Being truthful reflects a strong sense of personal integrity, which is a fundamental aspect of a person's character and moral compass.
3.  **Empowerment**: Truth-telling can empower individuals by allowing them to express their thoughts, feelings, and opinions without fear of judgment or reprisal.
4.  **Accountability**: Honesty promotes accountability, as individuals take responsibility for their actions and words.

**Arguments against always telling the truth:**

1.  **Harm and protection**: In situations where telling the truth might cause harm or damage to others, such as revealing a confidential secret or telling a painful truth, it may be more compassionate to withhold the information.
2.  **Diplomacy and tact**: Sometimes, telling the truth can be hurtful or blunt, and a more tactful approach may be necessary to maintain relationships or resolve conflicts.
3.  **Social norms and cultural differences**: Cultural and social norms can influence what is considered truthful or acceptable. What might be considered truthful in one context may not be in another.
4.  **Lying as a means to an end**: In certain situations, lying or withholding the truth may be necessary to achieve a greater good, such as protecting someone from harm or preventing a catastrophe.

**The grey area**:

In reality, the decision to tell the truth or not depends on the context, the relationships involved, and the potential consequences of sharing the truth. When considering whether to tell the truth, ask yourself:

*   What are the potential consequences of telling the truth in this situation?
*   Who would be affected by the truth, and how would they be impacted?
*   Are there other options for communicating the information that might be more constructive or beneficial?
*   What are the motivations behind my decision to tell the truth or withhold it?

Ultimately, while honesty is an essential value, it's not always the best approach in every situation. The decision to tell the truth or not depends on the specific context and the potential consequences of sharing the truth.",23.473725852831084,3.628344178016177e-15,99.95532075845503,11.736862926415544
Should people always tell the truth?,"The issue of whether people should always tell the truth is complex and debated by philosophers, ethicists, and everyday people. Here are some arguments for and against the idea of always telling the truth:

**Arguments for always telling the truth:**

1.  **Honesty is a moral principle**: Many people believe that honesty is a fundamental moral principle that is essential for building trust, respect, and strong relationships. It promotes accountability, reliability, and integrity.
2.  **Truth is necessary for transparency and accountability**: When people are truthful, they can be held accountable for their actions, and others can make informed decisions based on accurate information.
3.  **Lies can lead to further complications**: Telling lies or withholding the truth can create a web of deceit, leading to more problems and difficulties down the line.
4.  **It's essential for personal growth and self-respect**: When individuals are truthful with themselves and others, they can develop self-awareness, take responsibility for their actions, and cultivate self-respect.

**Arguments against always telling the truth:**

1.  **The principle of non-maleficence**: In some situations, telling the truth can cause harm or inflict unnecessary suffering. For example, revealing a harsh medical diagnosis or a traumatic event can be too much for someone to handle.
2.  **Protecting someone's feelings or interests**: In certain situations, withholding the truth or telling a partial truth might be necessary to protect someone's feelings, interests, or well-being. For instance, sparing a child from a difficult explanation or keeping a confidence to avoid hurting someone's reputation.
3.  **White lies or benevolent deception**: Some argue that small, harmless lies, such as saying ""your tie looks nice"" to spare someone's feelings, can be a form of kindness and not necessarily harmful.
4.  **Self-preservation**: In extreme situations, withholding the truth or lying might be necessary to avoid physical harm, such as in cases of abuse or when keeping a threat from a perpetrator.

**The golden middle ground**:
In reality, there is often a gray area between truth-telling and lying. While honesty is generally valuable, there may be situations where it's necessary to balance truth with compassion, tact, and other concerns.

Instead of always telling the truth, consider the following:

*   Be truthful when it's necessary for safety, accountability, or to protect someone's well-being.
*   Be kind and empathetic in your communication.
*   Consider the consequences of telling the truth and weigh the potential benefits against the potential harm.
*   Develop good communication skills to navigate complex situations effectively.

Ultimately, whether or not to always tell the truth is a personal choice, influenced by individual circumstances, cultural norms, and personal values.",33.98479191230796,3.679238457527955e-15,99.94271537758583,16.992395956153985
Should people always tell the truth?,"While honesty is generally considered an essential virtue in most societies, the answer is not a simple ""yes"" or ""no."" Telling the truth is important, but there are situations where withholding or bending the truth might be necessary.

Here are some reasons to tell the truth and when it might not be the best approach:

**Reasons to tell the truth:**

1. **Respect and trust**: Honesty builds and maintains trust in relationships, including friendships, family, romantic relationships, and professional collaborations.
2. **Accountability**: Telling the truth promotes accountability and responsibility, especially in situations like work or academia, where honesty is crucial for credibility and credibility.
3. **Empathy and personal growth**: Telling the truth can foster empathy, understanding, and personal growth, as it allows individuals to develop self-awareness and learn from their mistakes.
4. **Avoiding harm**: In some cases, withholding the truth can lead to harm or consequences that might not have been avoided by telling the truth.

**When it might not be best to tell the truth:**

1. **Protecting others**: In situations where telling the truth might harm or put others at risk, such as revealing a confidential secret or exposing a sensitive issue that could lead to unintended consequences.
2. **Self-protection**: When lying or withholding the truth is necessary to avoid physical or emotional harm, such as revealing a secret that could lead to retaliation or danger.
3. **White lies**: In some cases, a ""white lie"" (a small, harmless falsehood) can be told to avoid hurting someone's feelings or to spare them unnecessary stress, such as saying a small gift is from a distant aunt when it's truly from a store.
4. **Tact and discretion**: In certain situations, such as politics or business, the truth might be considered too sensitive or impolitic to share openly.

**The gray area**: Ultimately, honesty is a complex and contextual issue. Sometimes, the truth is subjective or difficult to define. Consider the following:

* **Intent vs. impact**: Is the intention behind the truth-telling or withholding of information benevolent or malevolent?
* **Context**: Consider the setting, relationships, and potential consequences of sharing or withholding the truth.
* **Diplomacy and tact**: Does withholding the truth serve someone or something well, but not necessarily the individual involved?

**The best approach:**

1. **Practice honest communication**: Cultivate a straightforward, respectful attitude when sharing information, considering the sensitivity and potential impact on others.
2. **Be aware of power dynamics**: Be mindful of situations where honesty might be more or less damaging to others, and use discretion accordingly.
3. **Consider the stakes**: Balance the need for honesty against the potential consequences of sharing or withholding the truth.
4. **Use effective, nuanced language**: Frame truths in a constructive, empathetic way to minimize harm and maximize understanding.

Ultimately, honesty is essential, but it's",38.19788905925195,6.778406215279157e-12,91.76123045536721,19.098944529629364
What is the biggest challenge facing humanity today?,"The biggest challenge facing humanity today is complex and multi-faceted, but some of the most pressing issues include:

1.  **Climate Change:** Global warming and climate change poses an existential threat to the planet, causing rising temperatures, sea-level rise, droughts, and extreme weather events. This can lead to food and water scarcity, displacement of communities, and loss of biodiversity.
2.  **Pandemics and Global Health:** The COVID-19 pandemic and other emerging viral outbreaks demonstrate the potential for infectious diseases to rapidly spread across the globe, causing widespread illness and death. Strengthening global health infrastructure and infectious disease surveillance is crucial.
3.  **Inequality and Social Unrest:** Growing income inequality, poverty, and social exclusion have led to protests, social unrest, and rising nationalism. Effective policies to address these issues, such as education, equal opportunities, and social welfare programs, are essential.
4.  **Environmental Degradation:** Deforestation, pollution, overfishing, and other forms of environmental degradation can have devastating long-term effects on ecosystems and human well-being. Implementing sustainable practices, renewable energy sources, and conservation efforts are critical.
5.  **Cybersecurity Threats:** As technology advances and interconnectedness grows, cybersecurity threats, data breaches, and misinformation have become pervasive. Protecting digital infrastructure and promoting digital literacy among citizens are crucial.
6.  **Nuclear Proliferation and Global Conflict:** Tensions between nations and ongoing conflicts in various parts of the world pose significant threats to global security. Promoting diplomacy, disarmament, and peaceful conflict resolution is essential.

To address these challenges, a concerted effort from governments, international institutions, corporations, and individual citizens is needed. It involves adopting sustainable practices, investing in education and research, promoting inclusive policies, and strengthening global cooperation.

We need to address these interconnected challenges by:

*   Embracing renewable energy and reducing greenhouse gas emissions
*   Developing sustainable agriculture practices and preserving biodiversity
*   Enhancing global health infrastructure and disease surveillance systems
*   Implementing policies to promote social equality and economic inclusion
*   Fostering international cooperation and climate diplomacy
*   Investing in education and research to develop innovative solutions

Tackling these complex and interconnected challenges requires a collective commitment to sustainability, social responsibility, and global cooperation.",41.56610578838327,3.965640492142841e-14,98.86278069594744,20.783052894191655
What is the biggest challenge facing humanity today?,"The biggest challenge facing humanity today is multifaceted and can be debated among various perspectives. Some of the most pressing issues include:

1.  **Climate Change**: This is a pressing concern as the world continues to grapple with rising temperatures, devastating natural disasters, and the severe impact on the environment. Climate change affects ecosystems, water scarcity, and public health, ultimately threatening human survival and economic stability.

2.  **Global Inequality**: The current state of inequality is a major challenge, with large disparities in wealth, access to resources, and living standards. This inequality limits social mobility and exacerbates poverty and social unrest.

3.  **Pandemics and Global Health Emergencies**: The COVID-19 pandemic highlighted our vulnerability to infectious diseases and the interconnectedness of the world. Effective strategies to prevent and manage future pandemics are crucial for global health security.

4.  **Technological Over-reliance and Disinformation**: The rapid evolution of technology poses challenges to information security, online safety, and the ability to discern reliable information.

5.  **Resource Depletion and Sustainability**: The consumption of resources has contributed to a growing concern about conservation and the preservation of natural resources for future generations.

6.  **Mental Health and Well-being**: Increasingly, the impact of various factors like social media, work-life balance, and economic pressures has called for a greater emphasis on mental health and well-being.

7.  **Nuclear Disarmament and Peace**: The threat of nuclear disarmament remains a critical issue as global tensions rise, and the presence of nuclear arsenals continues to pose risks to human existence.

8.  **Food Security and Water Scarcity**: Ensuring access to food and clean water for all individuals is an ongoing challenge as populations grow, and demand for these resources increases.

9.  **Biodiversity Loss**: The rate of extinction of unique species and ecosystems is alarming, threatening ecosystem resilience and human well-being.

10. **Cybersecurity Threats**: The prevalence of cyberattacks and the growing dependence on digital services for critical infrastructure make cybersecurity a pressing concern.

Each of these challenges requires global cooperation, innovative solutions, and sustainable practices to mitigate their effects and find long-term solutions.",32.197127601722315,1.4068617124419724e-16,95.69395209656965,16.098563800861157
What is the biggest challenge facing humanity today?,"There are several significant challenges facing humanity today, and the ""biggest"" one can be subjective depending on the perspective and context. However, some of the most pressing global challenges include:

1. **Climate Change**: The increasing effects of climate change, such as rising temperatures, extreme weather events, and sea-level rise, pose a significant threat to the planet and its inhabitants. This requires immediate attention and action to reduce greenhouse gas emissions and transition to renewable energy sources.

2. **Global Inequality and Poverty**: The widening wealth gap between the rich and the poor, both within and between countries, is a significant challenge. This can lead to social unrest, political instability, and hinder economic growth.

3. **Pandemics and Global Health**: The COVID-19 pandemic has highlighted the vulnerability of modern societies to infectious diseases. Future pandemics, antimicrobial resistance, and the lack of access to healthcare in many parts of the world are significant concerns.

4. **Water Scarcity and Access**: With the world's population expected to reach 9.7 billion by 2050, managing water resources sustainably is essential. Ensuring access to clean drinking water, sanitation, and hygiene (WASH) is a pressing issue, particularly in developing countries.

5. **Nuclear Proliferation and Cybersecurity**: The risks of nuclear conflict and the increasing threat of cyberattacks on critical infrastructure and personal data highlight the need for better diplomacy, international cooperation, and cybersecurity measures.

6. **Loss of Biodiversity and Ecosystem Degradation**: The rate of species extinction is alarming, with many caused by human activities such as deforestation, pollution, and climate change. This erosion of biodiversity has significant consequences for ecosystems, food security, and human well-being.

7. **Food Security and Sustainability**: The world's population growth, changing diets, and climate change will put pressure on food systems. Ensuring sustainable and equitable access to nutritious food while minimizing environmental impacts is crucial.

8. **Disinformation and Social Division**: The spread of misinformation and polarizing narratives can fuel social divisions, undermine democratic institutions, and contribute to a breakdown in public discourse.

Each of these challenges is interconnected and requires a comprehensive, multi-faceted approach to address.",30.391985160111645,1.7139084315302787e-15,99.95206185316061,15.195992580055822
What is the biggest challenge facing humanity today?,"There are many significant challenges facing humanity today, and the perception of the biggest one may vary depending on one's perspective and location. However, here are some of the most pressing issues that are widely recognized by experts and international organizations:

1.  **Climate Change**: Global warming and climate change pose immediate and long-term threats to the planet, including rising sea levels, extreme weather events, and ecosystems disruption.
2.  **Pandemics and Global Health**: The COVID-19 pandemic has highlighted the importance of global preparedness and response to emerging health crises, which has been exacerbated by factors like antimicrobial resistance, pandemics, and bioterrorism.
3.  **Inequality and Social Justice**: Widening wealth disparities between nations, economic inequality within countries, and social injustices continue to hinder social and economic progress, exacerbating existing challenges and generating new ones.
4.  **Global Food Crisis**: With an increasing global population, diminishing arable land, water scarcity, and food waste, ensuring global food security remains a pressing concern.
5.  **Water Scarcity**: This is amplified by population growth, industrialization, and climate change, affecting human health, economic development, and ecosystems worldwide.
6.  **Nuclear Proliferation and Cybersecurity**: Growing security risks related to nuclear war, cyberattacks, and terrorism threaten global stability and cooperation.
7.  **Population Growth and Urbanization**: The rapid growth of cities and an increasing global population can exacerbate resource competition, amplify social challenges, and increase environmental strain.
8.  **Economic Instability and Economic Inequality**: Economic instability, poverty, income inequality, and loss of jobs can disrupt international relations, and amplify social unrest and domestic challenges.
9.  **Loss of Biodiversity and Ecosystem Degradation**: Human activities like deforestation, pollution, overfishing, and habitat destruction have led to catastrophic losses in biodiversity and ecosystems disruption.
10. **Cybersecurity Risks and Technological Disruptions**: As technology advances and integrates into daily lives, cybersecurity threats and disruptions to critical infrastructure pose significant risks for people, businesses, and societies.

While these challenges are intertwined, climate change and the need for sustainable development, food systems reform, and a more equitable distribution of resources are widely seen as pivotal in resolving these interrelated problems and securing a more resilient future for humanity.

Each of these challenges requires a multifaceted approach, incorporating individual actions, community initiatives, government policies, technological innovations, and international cooperation to find effective solutions and mitigate their impacts.",44.73830743194547,1.7139084315379429e-15,95.02552340254482,22.369153715972736
What is the biggest challenge facing humanity today?,"There are several significant challenges facing humanity today, and the answer can depend on various factors such as geographical location, cultural context, and individual perspectives. However, some of the most pressing global challenges that are widely recognized include:

1.  **Climate Change**: The impacts of climate change, such as rising global temperatures, more extreme weather events, and environmental degradation, pose a significant threat to the health, livelihoods, and security of communities worldwide.

2.  **Poverty and Inequality**: Despite significant progress in reducing poverty, millions of people still live in poverty, and inequalities persist between and within countries, exacerbating social, economic, and environmental issues.

3.  **Global Health Pandemics and Infectious Diseases**: The COVID-19 pandemic has highlighted the vulnerability of global health systems, emphasizing the need for more effective preparedness, coordination, and investment in healthcare infrastructure.

4.  **Food Security and Sustainable Agriculture**: Ensuring global food security while addressing issues related to sustainable agriculture, water scarcity, and soil degradation is a pressing concern for a growing global population.

5.  **Water Scarcity**: Access to clean water and sanitation is a global issue, with about 2 billion people lacking access to safe drinking water and sanitation, leading to health problems and economic losses.

6.  **Nuclear Proliferation and Global Security**: The threat of nuclear weapons proliferation and the risk of conflict, cyber attacks, and geopolitical tensions pose significant risks to global peace and security.

7.  **Economic Instability**: Global economic challenges, such as inequality, unemployment, and financial crises, threaten economic stability and the well-being of individuals and communities worldwide.

8.  **Education and Skills Gap**: The rapid pace of technological change and the growing need for skills adaptation create a significant challenge in ensuring that people have access to quality education and the skills needed to thrive in the 21st-century economy.

9.  **Mental Health and Well-being**: The growing awareness of mental health issues and their impact on individuals and societies underscores the need for better support, resources, and strategies to promote mental well-being.

10. **Cultural and Social Injustice**: Addressing systemic inequalities, such as racism, xenophobia, sexism, and other forms of discrimination is crucial for promoting inclusive, equitable societies.

Each of these challenges is significant and interconnected, and addressing them will likely require a concerted, global effort from governments, civil society, businesses, and individuals.",29.938650906784055,3.628344177998055e-15,98.10275153098335,14.96932545339203
"Which is more important, freedom or security?","What a complex and debated topic. The answer ultimately depends on individual perspectives, cultural backgrounds, and values. Both freedom and security are essential aspects of human existence, but the degree of importance can vary depending on circumstances.

**Arguments for freedom:**

1.  **Autonomy**: Freedom allows individuals to make choices, express themselves, and live their lives as they see fit. This autonomy is crucial for personal growth, creativity, and self-actualization.
2.  **Innovation and progress**: Freedom of thought and expression enables innovation, entrepreneurship, and progress in various fields, such as science, art, and technology.
3.  **Accountability and responsibility**: With freedom comes accountability and responsibility. Individuals are more likely to take responsibility for their actions, as they are free to choose how to live their lives.
4.  **Human dignity**: Freedom is essential for human dignity, as it allows individuals to live with pride, make choices, and maintain their self-respect.

**Arguments for security:**

1.  **Protection from harm**: Security provides a sense of safety and protection from harm, ensuring that individuals can live without fear of physical or emotional harm.
2.  **Stability and predictability**: Security offers a sense of stability and predictability, which can lead to a more comfortable and peaceful life.
3.  **Economic well-being**: Security can lead to economic stability and prosperity, as individuals can feel secure in their jobs, homes, and property.
4.  **Government protection**: Government protection is a fundamental aspect of security, ensuring that citizens are safe from external threats and can live under the rule of law.

**Balancing freedom and security:**

In reality, the two concepts are not mutually exclusive, and a balance between freedom and security is essential for a harmonious society. A balanced approach can ensure that individuals have the freedom to live their lives as they see fit while still being protected from harm.

Some examples of balancing freedom and security include:

*   **Rules and regulations**: Governments create rules and regulations to ensure public safety while still allowing individuals to exercise their rights and freedoms.
*   **Social services**: Government-provided social services, such as healthcare and education, can enhance an individual's quality of life while maintaining security.
*   **Civic engagement**: Active civic engagement and community involvement can foster a sense of security and belonging among citizens, while also promoting freedom and autonomy.

Ultimately, whether freedom or security is more important is a matter of personal opinion. What is clear is that both concepts are essential for a well-rounded, happy, and fulfilling life. A balance between freedom and security can lead to a harmonious society where individuals can thrive and grow.",23.981299483826405,1.3301175975361937e-13,99.3636505219497,11.990649741913268
"Which is more important, freedom or security?","Both freedom and security are essential aspects of a human life, and their relative importance can vary depending on individual perspectives, cultures, and circumstances. It's challenging to definitively say that one is more important than the other, as they often intertwine and complement each other. Here are some arguments for both sides:

**Argument for Freedom:**

1.  **Autonomy and self-expression**: Freedom allows individuals to make choices, express themselves, and live their lives according to their values, aspirations, and beliefs.
2.  **Innovation and creativity**: Freedom of expression, thought, and innovation are crucial for progress, creativity, and problem-solving, leading to economic growth and social advancement.
3.  **Personal growth and development**: Freedom enables individuals to pursue their goals, learn from mistakes, and develop their potential, fostering personal growth and self-awareness.
4.  **Social justice and equality**: Freedom from oppression, slavery, and inequality is a fundamental human right, essential for promoting social justice and equality.

**Argument for Security:**

1.  **Basic needs and well-being**: Security ensures access to basic needs like food, shelter, healthcare, and safety, which are essential for human survival and well-being.
2.  **Protection from harm**: Security safeguards against physical harm, violence, and exploitation, creating a sense of safety and stability.
3.  **Economic stability**: Economic security provides financial stability, reducing stress and anxiety, and enabling individuals to plan for the future.
4.  **Trust and cooperation**: Security fosters trust among individuals, communities, and institutions, facilitating cooperation, collaboration, and social cohesion.

**Balancing Freedom and Security:**

In reality, finding a balance between freedom and security is a delicate task. Excessive restrictions on freedom can lead to a loss of autonomy and creativity, while inadequate security measures can compromise basic needs and well-being. Conversely, an overemphasis on security might stifle individual expression and social progress.

Ultimately, a balanced approach prioritizes both freedom and security, recognizing that:

1.  Freedom is necessary for growth, development, and social progress.
2.  Security is essential for basic needs, well-being, and social stability.
3.  Both freedom and security can exist together, with policies and institutions that respect individual rights and provide necessary protections.

In conclusion, it's not necessarily a question of which is more important, but rather how to strike a balance between these two essential aspects of human life.",23.97330326704218,1.6282719568165736e-14,99.99453463486064,11.986651633521099
"Which is more important, freedom or security?","The debate over whether freedom or security is more important is a longstanding one, and the answer can depend on the context and perspective. However, here's a balanced analysis:

**Arguments in favor of freedom:**

1.  **Personal Autonomy**: Freedom allows individuals to make choices and live their lives as they see fit, free from government interference or external control. This autonomy enables people to pursue their passions, interests, and happiness.
2.  **Creativity and Innovation**: Freedom fosters creativity, innovation, and progress. When people are given the freedom to experiment, take risks, and explore new ideas, they contribute to the advancement of society.
3.  **Diversity and Pluralism**: Freedom allows for the coexistence of diverse perspectives, cultures, and lifestyles, enriching the social tapestry and promoting understanding and tolerance.
4.  **Human Rights and Dignity**: Freedom is closely tied to human rights and dignity, as individuals have the right to make choices and live with dignity without fear of oppression or persecution.

**Arguments in favor of security:**

1.  **Safety and Protection**: Security provides a sense of safety and protection from harm, threats, and dangers, which is essential for individuals and communities to thrive.
2.  **Stability and Order**: Security helps maintain social order, stability, and predictability, allowing people to plan for the future and make long-term decisions.
3.  **Protection from Crime and Terrorism**: Security measures, such as law enforcement and defense forces, help prevent and respond to crime and terrorism, maintaining public trust and confidence.
4.  **Economic Growth**: A secure environment can stimulate economic growth, as businesses and investments feel more secure and are more likely to thrive.

**The balance between freedom and security:**

In reality, freedom and security are not mutually exclusive, and a balance between the two is essential. A society that prioritizes one at the expense of the other can lead to negative consequences. For example:

*   An overly secure society might lead to a lack of freedom, causing citizens to feel suffocated by surveillance, censorship, or oppressive laws.
*   A highly permissive society might lead to a lack of security, resulting in crime, exploitation, or chaos.

**Finding the balance**:

To strike a balance between freedom and security, consider the following:

*   Establish clear laws and regulations that safeguard basic human rights and freedoms while enforcing security measures that protect communities.
*   Foster a culture of transparency, accountability, and open communication between citizens and government institutions.
*   Invest in education, social cohesion, and community programs to promote understanding, tolerance, and empathy.
*   Regularly assess and adapt security measures to address emerging threats and evolve with changing societal needs.

In conclusion, while both freedom and security are crucial, it's not necessarily an either-or proposition. By striving for a balance between the two, we can create a society that values individual liberties, protects citizens from harm,",31.88809108500887,1.4551670381405347e-14,95.1461749652846,15.944045542504442
"Which is more important, freedom or security?","The question of whether freedom or security is more important is a complex and subjective one, and the answer can vary depending on individual perspectives, cultural contexts, and values. Both values are essential and have their own merits, and which one is more important can depend on the specific situation.

**Freedom:**

Freedom can be seen as a fundamental human right, enabling individuals to make choices, express themselves, and live their lives as they see fit. It allows people to pursue their passions, explore their interests, and build meaningful relationships. Freedom is often associated with:

- Autonomy: The ability to make choices and decisions about one's own life.
- Creativity and innovation: Freedom of expression and action can lead to new ideas, discoveries, and achievements.
- Emancipation: Freedom from oppression, tyranny, or restraint.
- Personal growth: Freedom can foster personal growth, self-actualization, and self-improvement.

However, too much freedom without any constraints or responsibilities can lead to chaos, disorder, and negative consequences.

**Security:**

Security, on the other hand, is the foundation upon which freedom is built. It ensures that individuals and communities feel safe and protected from harm, allowing them to live without constant fear and uncertainty. Security is often associated with:

- Safety and protection: A sense of security provides a foundation for well-being and happiness.
- Stability and predictability: Security can bring stability, which is crucial for individuals, families, and communities.
- Order and law and order: Security relies on systems of law and order, which maintain social cohesion and rule of law.
- Economic stability: Security can contribute to economic growth and prosperity.

However, if security becomes too strict, it can be perceived as oppressive, stifling individual creativity and autonomy.

**The interplay between freedom and security:**

Both freedom and security are interconnected and often come in a delicate balance. A balance between the two is crucial for creating a society that is both secure and free. Too much freedom without security can lead to chaos, while too much security without freedom can result in oppression.

In practice, different societies have reached varying balances between freedom and security. Some countries prioritize security over freedom, while others prioritize freedom and implement measures to maintain security without infringing on individual liberties.

**In conclusion:**

There is no straightforward answer to the question of which is more important: freedom or security. Both values are essential and complement each other. A balance between the two is necessary for creating a just, prosperous, and peaceful society. While security provides the foundation for freedom, freedom is what allows individuals and communities to grow, innovate, and thrive. Ultimately, the optimal balance will vary depending on the specific context, values, and cultural norms of a given society.",15.915185006927196,9.862862046483518e-15,99.67497510362627,7.957592503463603
"Which is more important, freedom or security?","This is a complex question, and the answer depends on various perspectives and contexts. People may have different opinions on which one is more important: freedom or security. Here's a balanced view:

**Arguments for freedom:**

1.  **Personal autonomy**: Freedom allows individuals to make their own choices and decisions, which is essential for personal growth, creativity, and self-expression.
2.  **Protection of human rights**: Freedom safeguards fundamental human rights, such as the right to freedom of speech, assembly, and association, which are essential for a just and equitable society.
3.  **Innovation and progress**: Freedom enables individuals to pursue their passions and innovate, leading to advancements in science, technology, and the arts.
4.  **Social mobility**: Freedom allows individuals to improve their socio-economic status through education, hard work, and entrepreneurship.

**Arguments for security:**

1.  **Protection from harm**: Security ensures that individuals and communities are shielded from physical harm, violence, and threats, which is essential for their well-being and safety.
2.  **Social order**: Security maintains social order and stability, which is crucial for economic growth, political stability, and community cohesion.
3.  **Protection of institutions**: Security safeguards institutions, such as the rule of law, property rights, and the social contract, which are essential for a functioning society.
4.  **Prevention of harm**: Security can prevent harm to individuals and communities through measures like law enforcement, border control, and emergency response.

**The interplay between freedom and security:**

1.  **Balance**: A balance between freedom and security is crucial. Excessive security can infringe upon individual freedoms, while excessive freedom can compromise security.
2.  **Context-dependent**: The relative importance of freedom and security can vary depending on the context, such as during times of war, economic crisis, or public health emergencies.
3.  **Evolving needs**: The balance between freedom and security is not static; it can shift over time as societal needs and values change.

In conclusion, neither freedom nor security is inherently more important than the other. A balanced approach that prioritizes both is essential for a healthy and thriving society. This balance can be achieved through:

1.  **Democratic governance**: Elected officials and institutions that respect individual freedoms while ensuring public safety and security.
2.  **Transparency and accountability**: Open communication, oversight, and accountability mechanisms to prevent the erosion of freedoms and ensure that security measures are proportionate and just.
3.  **Community engagement**: Encouraging public participation and dialogue to build trust and awareness about the importance of both freedom and security.

Ultimately, the balance between freedom and security depends on ongoing discussions, compromises, and a nuanced understanding of the complex interplay between these two essential values.",26.638186709548638,5.279209628313851e-15,99.9845002421733,13.31909335477432
Which programming language is the best to learn first?,"Choosing the best programming language to learn first depends on various factors, such as your goals, interests, and the type of projects you want to work on. However, here are some general guidelines and popular choices:

1.  **Beginners**: For beginners, I recommend starting with a language that is:
    *   Easy to learn
    *   Versatile
    *   In-demand in the job market
    *   Has a vast community and resources

Based on these criteria, top recommendations for beginners are:

    *   **Python**: Python is a high-level language known for its simplicity, readability, and flexibility. It has a vast range of applications, including web development, data analysis, machine learning, and more. With popular frameworks like Django and Flask, Python makes web development easier and more efficient.
    *   **JavaScript**: JavaScript is a popular choice for web development and is also used for mobile and desktop applications. It's known for its versatility and is used by most modern websites for client-side scripting. With tools like React, Angular, and Vue.js, JavaScript can be used to build complex and dynamic web applications.
    *   **HTML/CSS**: While not a programming language per se, HTML/CSS are essential for web development and should be learned alongside JavaScript.
2.  **Game Development**: If you're interested in game development, consider starting with:

    *   **C++**: C++ is a powerful language that's commonly used in game development and is the foundation for many game engines. However, it can be challenging for beginners.
    *   **C#**: C# is a modern language that's well-suited for game development, especially with Unity, which is a popular game engine.
    *   **Java**: Java is another popular choice for game development, especially with the JavaFX library.
3.  **Mobile App Development**: For mobile app development, consider starting with:

    *   **Java**: Java is widely used for Android app development, especially with the Android SDK.
    *   **Swift**: Swift is a modern language developed by Apple for iOS and macOS development.
    **Kotlin**: Kotlin is a modern language developed by JetBrains, and it's gaining popularity for Android app development.
4.  **Web Development**: For web development, consider starting with:

    *   **JavaScript**: JavaScript is the de facto language for web development, especially with the rise of frameworks like React, Angular, and Vue.js.
    *   **Python**: Python with popular frameworks like Django and Flask can be used for web development.

Remember that these are just general recommendations, and the best language for you will depend on your specific goals and interests. The key is to find a language that aligns with your passions and has a wide range of resources and community support.

### Learning Resources:

To get started with any language, consider the following resources:

1.  **Online Courses**: Udemy, Coursera, and",50.04011116120674,2.231047752290206e-14,94.94639394431307,25.02005558060338
Which programming language is the best to learn first?,"The answer to this question often depends on the individual's goals, interests, and the type of projects they want to work on. However, if you're a complete beginner, I'd recommend learning a language that is:

1.  **Easy to learn**: Simple syntax and a gentle learning curve.
2.  **Versatile**: Can be used for various tasks and applications.
3.  **In-demand**: Has a large community and a wide range of job opportunities.

Based on these criteria, I'd suggest the following popular programming languages:

1.  **Python**:
    *   Easy to read and write, with a simple syntax.
    *   Versatile: web development, data analysis, machine learning, automation, and more.
    *   High demand in the industry, with a vast community and numerous job opportunities.
    *   Cross-platform compatibility.
2.  **JavaScript**:
    *   Ubiquitous for web development, game development, and mobile app development.
    *   Easy to learn, with a large community and plenty of resources.
    *   Well-established libraries and frameworks like React, Angular, and Vue.js.
3.  **Java**:
    *   Object-oriented, with a large and mature community.
    *   Used for Android app development, web development, and enterprise software development.
    *   Great for learning object-oriented programming concepts.
4.  **HTML/CSS**:
    *   Building blocks of the web, essential for web development.
    *   Easy to learn, with a vast range of applications.
    *   Not a programming language per se, but a great starting point for beginners.

If you're just starting out, I'd recommend learning Python first. Python has a gentle learning curve, is easy to read and write, and is a versatile language with a wide range of applications.

**Learning resources:**

*   Codecademy: A interactive coding platform with Python, JavaScript, and other courses.
*   Coursera: Offers online courses in programming, data science, and more.
*   edX: Massive Open Online Courses (MOOCs) covering various programming topics.
*   FreeCodeCamp: A non-profit platform offering interactive coding lessons and projects.

**Tips:**

*   Start with the basics: Understand the fundamentals of programming, including data types, variables, functions, control structures, and object-oriented programming concepts.
*   Practice regularly: Join online communities, participate in coding challenges, or work on personal projects to reinforce your learning.
*   Experiment and explore: Try different languages, tools, and projects to find what sparks your interest.
*   Network: Connect with fellow programmers, attend meetups, or join online forums to learn from others and stay updated on the latest developments.

Remember, learning a programming language is a continuous process. Be patient, persistent, and enjoy the journey!",78.08908401820561,2.467236416272015e-13,99.99229198339414,39.044542009102926
Which programming language is the best to learn first?,"There is no one-size-fits-all answer to this question, as the best language to learn first depends on your goals, interests, and experience level. However, here are some popular choices that are great for beginners:

1. **Python**: Known for its simplicity, readability, and versatility, Python is a popular choice for beginners. It's widely used in web development, data science, machine learning, and more.
2. **JavaScript**: As the primary language of the web, JavaScript is in high demand. It's perfect for web development, game development, and mobile app development.
3. **Java**: Another popular language, Java is known for its platform independence and is commonly used for Android app development, web development, and enterprise software development.
4. **HTML/CSS**: While not a programming language per se, HTML (Hypertext Markup Language) and CSS (Cascading Style Sheets) are essential for web development. They're used to create the structure and layout of web pages.
5. **C++**: A powerful and efficient language, C++ is great for those interested in systems programming, game development, and high-performance applications.

Consider the following factors to choose the best language for you:

* **Your goals**: Web development? Mobile app development? Data science? Game development?
* **Your experience level**: Beginner, intermediate, or experienced?
* **Personal interest**: Do you like scripting, problem-solving, or building desktop applications?
* **Job prospects**: Research the demand for languages in your desired field.

Some popular online resources to learn these languages include:

* Codecademy
* Coursera
* edX
* Udemy
* Udacity
* YouTube tutorials (e.g., freeCodeCamp, Traversy Media)

Remember, the best language to learn first is the one that aligns with your goals, interests, and skills.",34.49275386316573,8.095930175186414e-16,99.99719962759703,17.246376931582866
Which programming language is the best to learn first?,"The best programming language to learn first depends on various factors such as your personal interests, goals, and the type of projects you want to work on. Here's a general guide to help you choose:

**Beginner-friendly languages:**

1. **Python**: Known for its simplicity, readability, and versatility, Python is an excellent language for beginners. It's widely used in various fields like data science, machine learning, web development, and automation.
2. **JavaScript**: As a fundamental language for web development, JavaScript is a great starting point for beginners. It's also used for front-end and back-end development, as well as mobile and desktop app development.
3. **Java**: Java is an object-oriented language that's easy to learn and has a vast ecosystem of resources. It's commonly used for Android app development, web development, and enterprise software development.
4. **C++**: A popular language for building operating systems, games, and embedded systems, C++ is a great choice for those interested in systems programming.

**Other popular languages:**

1. **JavaScript alternatives:** If you're interested in web development, consider learning TypeScript, Kotlin, or Ruby.
2. **Scripting languages:** If you're interested in data science and analysis, consider learning R or SQL.
3. **Game development:** For game development, consider learning C# or UnityScript.

**Consider your goals and interests:**

* **Web development**: JavaScript, Python, or HTML/CSS are great choices.
* **Mobile app development**: Java or Kotlin for Android, Swift or Objective-C for iOS.
* **Data science and analysis**: Python, R, or SQL.
* **Game development**: C#, C++, or Java.
* **System programming**: C++, Rust, or Assembly.

**Learning resources:**

* Online platforms: Codecademy, Coursera, Udemy, edX.
* Books: ""Code Complete"" by Steve McConnell, ""Clean Code"" by Robert C. Martin.
* Communities: GitHub, Reddit (r/learnprogramming), Stack Overflow.

**Final advice:**

1. **Start with a language that interests you**.
2. **Choose a resource that suits your learning style**.
3. **Practice consistently** to develop a strong foundation.
4. **Build projects** to apply your new skills.
5. **Join a community** to connect with other programmers.

Remember, there's no one ""best"" language to learn first. You can always switch to another language later, but having a solid foundation in one language will make it easier to learn others.",31.842087527115048,5.982128223741033e-15,97.50188882609632,15.921043763557527
Which programming language is the best to learn first?,"The ""best"" programming language to learn first depends on various factors, including:

1. **Your goals**: What do you want to do with your newfound programming skills? Are you interested in web development, mobile app development, artificial intelligence, or data science?
2. **Your experience**: If you're a complete beginner, it's often recommended to start with a language that has a gentle learning curve.
3. ** Platforms and resources**: Consider the ease of availability of resources, such as tutorials, documentation, and communities, for the language you're interested in.

Here are some popular languages for beginners:

1.  **Python**: Known for its simplicity, versatility, and ease of use, Python is an excellent language for beginners. It has a large community, extensive libraries, and is widely used in various fields like web development, data science, and machine learning.
2.  **JavaScript**: As the language of the web, JavaScript is a great choice for web development, front-end development, and even server-side programming with Node.js. It's also widely used in game development and mobile app development.
3.  **HTML/CSS**: Not a programming language per se, but HTML (Hypertext Markup Language) and CSS (Cascading Style Sheets) are essential for web development and building websites. They're considered the foundation of web development and are often learned together.
4.  **Java**: An object-oriented language that's popular for Android app development, enterprise software development, and game development. Java is a great language for beginners who want to learn object-oriented programming concepts.
5.  **C++**: A powerful, high-performance language that's often used in operating systems, game development, and system programming.

Consider the following factors when choosing a language:

* **Ease of use**: Does the language have a simple syntax and readability?
* **Community support**: Is there an active community, documentation, and resources available for the language?
* **Job prospects**: What industries and companies use the language, and are there job opportunities available?
* **Learning curve**: How much time and effort will it take to learn the language and become proficient?

Based on these factors, I would recommend **Python** as a great language for beginners. It's easy to learn, has a vast number of libraries and frameworks, and is widely used in various industries.

**Getting started:**

1.  **Choose a language**: Select a language that interests you the most based on your goals and preferences.
2.  **Get the necessary tools**: Install a code editor or IDE (Integrated Development Environment), such as Visual Studio Code, PyCharm, or Sublime Text, depending on the language you've chosen.
3.  **Find resources**: Look for online tutorials, courses, and documentation for the language.
4.  **Practice and build projects**: Start with simple projects and gradually move on to more complex ones to solidify your skills.
5.  **Join a community",75.15875636346544,3.4796822007025807e-13,94.85219374205862,37.57937818173289
Is talent or hard work more valuable?,"Talent and hard work are two interconnected yet distinct factors in determining success. It's challenging to say that one is definitively more valuable than the other, as their interaction and combined impact play a crucial role in achieving results. Here's a balanced perspective:

**Talent:**

Advantages:

1.  **Natural ability:** Talent often represents a natural aptitude for a particular skill or activity. People with innate talent can pick it up quickly and perform it with ease, which can give them an initial advantage.
2.  **Effortless execution:** Talent can enable individuals to complete tasks more efficiently, as they may not need to dedicate as much time and effort to learning and mastering the skill.
3.  **Early success:** Talent can lead to early success, which can provide motivation, recognition, and opportunities that might not be available to someone with less talent.

However, there are also some limitations to relying solely on talent:

1.  **Innate limitations:** One's talent can be limited by their natural abilities, which may not be adaptable or versatile.
2.  **Lack of motivation:** Without effort and dedication, talent can become stagnant and underutilized.
3.  **Overreliance on natural ability:** Relying too heavily on talent can hinder the development of transferable skills and resilience.

**Hard work:**

Advantages:

1.  **Mastery:** Hard work enables individuals to develop skills that, while not necessarily innate, can be acquired and refined over time.
2.  **Resilience:** The ability to learn from setbacks and persist despite obstacles is a significant advantage for those who work hard, as it can help them develop a growth mindset.
3.  **Transferable skills:** Developing skills through hard work can lead to a broader range of expertise and versatility.

However, there are also potential drawbacks to relying solely on hard work:

1.  **Slow progress:** Building skills and expertise through hard work can be a slow and laborious process.
2.  **Burnout:** Overemphasizing hard work can lead to exhaustion, decreased motivation, and increased risk of burnout.
3.  **Opportunity cost:** Spending too much time and energy on hard work can divert attention and resources away from other important areas of life.

**Balancing talent and hard work:**

The most effective people often find a balance between their natural abilities and the effort they put in. This balance allows them to:

1.  **Leverage their strengths:** They use their talent to gain initial momentum and build on it.
2.  **Develop complementary skills:** They work to develop skills that complement their natural abilities, making them more versatile and well-rounded.
3.  **Stay motivated and adaptable:** By combining talent and hard work, individuals can maintain a growth mindset and respond to challenges and setbacks with resilience and determination.

In conclusion, both talent and hard work are valuable in their own right. While talent provides a natural",34.23995056001797,0.0,94.95476263150846,17.119975280008983
Is talent or hard work more valuable?,"The debate about whether talent or hard work is more valuable has been ongoing for centuries. While it's a complex issue, research suggests that a combination of both talent and hard work is crucial for success in most domains. 

People with innate talent often have a natural inclination or aptitude for a particular activity, such as a musical instrument, a sport, or a language. However, it requires effort, dedication, and persistence to hone and refine that talent. Conversely, those who lack innate talent can still achieve remarkable success through sheer hard work and determination.

There are several reasons why a combination of both talent and hard work is essential:

1.  **Talent provides a foundation**: Having natural ability or talent can give you an initial advantage, allowing you to grasp concepts more easily and quickly. However, it's essential to develop and build upon that foundation through practice and effort.

2.  **Hard work drives improvement**: No matter how much natural talent someone has, without consistent practice and effort, they will not reach their full potential. This is because learning and improvement require repetition, experimentation, and experimentation.

3.  **Overcoming obstacles**: Hard work enables individuals to overcome obstacles, develop a growth mindset, and adapt to new challenges. It also helps build resilience, persistence, and motivation.

4.  **Achieving mastery**: Becoming an expert in a particular field often takes a long time. It requires dedicated practice and effort over an extended period, rather than just relying on innate ability.

5.  **Contextualizing success**: Success often depends on the environment, resources, and opportunities. Hard work can counterbalance a lack of talent, and conversely, people with innate talent can struggle if they do not exert sufficient effort.

Examples of both talented and hardworking individuals demonstrate that a combination of both is the key to success:

*   **Musicians**: Musicians require innate musicality, but also need to practice regularly, learn, and adapt to different styles and genres to achieve mastery.
*   **Athletes**: Elite athletes often possess natural physical ability, but also need to put in years of dedicated training, coaching, and adaptation to perform at their best.
*   **Chess players**: Strong chess players have inherent analytical skills, but they also require studying, practicing, and improving their strategies and techniques to become world-class.

In conclusion, the relationship between talent and hard work is interdependent, with both elements needed for success. It's not necessarily a question of which one is more valuable; rather, it's about recognizing that a combination of both is required to reach your full potential.",60.33881498217305,1.626111044604647e-14,95.4842986079844,30.16940749108653
Is talent or hard work more valuable?,"Both talent and hard work are valuable, but in different ways and to different degrees. The debate between talent and hard work as to which is more valuable is ongoing, with some people advocating for one or the other, and others arguing that both are essential.

**Talent:**

Talent refers to a natural aptitude or ability to excel in a particular area. People with exceptional talent often demonstrate a remarkable capacity for success with little effort or practice. Examples of talents include:

* A prodigious musician who can learn and play complex musical pieces with ease
* A gifted painter who creates breathtaking works of art without extensive training
* A mathematician who can solve complex mathematical problems with an uncanny speed and accuracy

The value of talent lies in its ability to:

1. **Reduce barriers to entry**: Talent can help individuals overcome initial hurdles and make rapid progress in their chosen field.
2. **Provide a foundation for success**: A strong talent can serve as a launching pad for future achievements and recognition.
3. **Allow for innovation and creativity**: Talented individuals can bring fresh ideas and perspectives to their field, driving innovation and progress.

However, relying solely on talent can have limitations:

1. **Lack of motivation**: Without a personal drive or motivation, natural talent can lead to complacency and stagnation.
2. **Inability to adapt**: Talented individuals may struggle to adjust to new situations or contexts where their natural abilities are not applicable.
3. **Overemphasizing innate ability**: Focusing too much on talent can lead to an overemphasis on innate giftedness, neglecting the importance of effort and hard work.

**Hard work:**

Hard work, on the other hand, refers to the dedication, effort, and persistence required to achieve success. While talent can provide a foundation for success, hard work is essential to:

1. **Overcome obstacles**: Hard work allows individuals to push through challenges and overcome barriers that stand in their way.
2. **Develop skills**: Through consistent effort, people can develop skills and abilities that would otherwise be unattainable.
3. **Build resilience**: Hard work breeds resilience, enabling individuals to bounce back from setbacks and failures.

However, overemphasizing hard work can lead to:

1. **Burnout**: Excessive focus on hard work can result in burnout, decreased motivation, and decreased productivity.
2. **Missed opportunities**: Focusing solely on hard work can lead to neglecting natural talents or gifts.
3. **Perfectionism**: An excessive focus on hard work can create unrealistic expectations and perfectionism.

**Balancing talent and hard work:**

In reality, both talent and hard work are interconnected and mutually beneficial. Talented individuals often require hard work to hone their skills, and hard workers often benefit from an innate aptitude or talent. A balanced approach to both talent and hard work is essential for optimal success:

1. **Identify and nurture natural talents**: Recognize and develop your",40.32119996906975,1.220062630789067e-12,93.0961096046179,20.160599984535487
Is talent or hard work more valuable?,"Both talent and hard work are valuable, but the answer to this question can be complex and context-dependent. Here's a nuanced breakdown:

**Talent:**

*   **Unique advantages:** Talent can provide a head start or natural aptitude in a particular area, which can lead to rapid progress and success. This can be especially true in fields that require a high degree of skill or expertise, such as music, sports, or artistic endeavors.
*   **Effortless learning:** Talented individuals may find it easier to learn new skills and concepts, making their progress faster and more enjoyable.
*   **Consistency:** Talented individuals often have a higher probability of achieving consistent performance and results.

**Hard work:**

*   **Dedication and persistence:** Hard work shows dedication, persistence, and a willingness to put in effort to overcome obstacles and achieve goals.
*   **Transferable skills:** Hard work develops transferable skills, such as time management, problem-solving, and critical thinking, which can be applied to various areas of life and careers.
*   **Resilience:** Hard work builds resilience, allowing individuals to bounce back from setbacks and failures.

**The interplay between talent and hard work:**

*   **Complementary relationship:** Talent and hard work are not mutually exclusive; they can complement each other. Talented individuals can use their natural abilities to learn faster and more efficiently, while also putting in the effort to refine their skills.
*   **Importance of effort in talent development:** Even with natural talent, effort is still necessary to develop and hone skills. Talented individuals who don't put in the time and effort to practice and improve their abilities may not reach their full potential.
*   **Overcoming talent gaps:** Hard work can help individuals compensate for natural talent gaps in specific areas. By dedicating themselves to learning and improving, individuals can bridge the gap and achieve success.

**The value of hard work over talent:**

*   **Overemphasis on natural ability:** Focusing solely on talent can lead to an overemphasis on natural ability, overlooking the importance of hard work and dedication.
*   **Undermining self-efficacy:** Perceiving success as solely dependent on talent can undermine an individual's sense of self-efficacy and confidence in their abilities.
*   **Innovation and adaptability:** Hard work and resilience are essential for adapting to changing circumstances, learning from failure, and innovating in response to challenges.

In conclusion, both talent and hard work are valuable, and it's the interplay between the two that leads to success. Embracing the idea that hard work can complement and compensate for talent can help individuals develop a more comprehensive understanding of what it takes to achieve their goals. Focus on cultivating a growth mindset, emphasizing the importance of effort, and recognizing that success often requires a combination of both natural ability and dedication.",33.31825620033247,4.111452592502117e-15,99.49559395702427,16.65912810016624
Is talent or hard work more valuable?,"The debate between the value of talent and hard work has been ongoing for centuries. While both talent and hard work are essential for success, the answer is not a straightforward one. It's a complex interplay between the two. Here's a balanced perspective:

**Talent**: Talent refers to the natural ability or aptitude an individual is born with. It's the innate capacity to perform a specific task or activity with ease and excellence. Think of a prodigy musician, an athlete, or a skilled artist who demonstrates extraordinary abilities from a young age.

**Hard Work**: Hard work, on the other hand, refers to the effort, dedication, and persistence required to develop and refine one's skills. It's the sweat, blood, and tears put into honing one's craft to achieve excellence.

**Key Points**:

1.  **Talent + Hard Work**: The combination of both talent and hard work is often the most effective formula for success. A talented individual can accelerate their progress with hard work, while also maintaining a competitive edge.
2.  **Talent alone**: Talent alone might not guarantee success, as it can lead to a lack of motivation to put in the necessary effort to improve and refine one's skills.
3.  **Hard work alone**: Hard work without talent might lead to frustration and burnout, as it takes immense effort to overcome a lack of natural ability.
4.  **Opportunity**: Access to education, training, and opportunities can influence the development of talent, and hard work can help bridge the gap for those with less natural ability.

**Conclusion**: 

While talent and hard work are distinct but interconnected concepts, **both are invaluable** in their own right. 

Talent provides a foundation, giving individuals a head start in achieving success. Hard work, on the other hand, propels individuals to continually improve and overcome challenges.",37.400592299838245,9.17389075415768e-16,95.92127344766038,18.700296149919122
Is lifelong learning essential in today’s world?,"Lifelong learning is crucial in today's world. The pace of technological advancements, global connectivity, and economic changes demand that individuals continuously update their knowledge and skills to remain relevant and competitive. Here are some reasons why lifelong learning is essential:

1.  **Automation and Job Displacement:** With the rise of automation and artificial intelligence, many tasks can be performed by machines. To remain employable, individuals need to focus on higher-level skills and tasks that are difficult to automate, such as critical thinking, creativity, and problem-solving.

2.  **Globalization and Digital Economy:** The world has become more connected than ever, and the economy is increasingly global. To succeed in this environment, individuals need to understand different cultures, languages, and technological platforms, which requires continuous learning.

3.  **Digital Literacy:** In today's digital age, everyone must be equipped with the necessary digital skills to navigate and thrive in the digital landscape. This includes understanding digital tools, platforms, and trends, as well as how to protect oneself from cyber threats.

4.  **Career Advancement:** Lifelong learning is key for career growth and advancement. To move up the career ladder, professionals need to acquire new skills and knowledge to stay current and competitive.

5.  **Cognitive Decline:** As people age, they naturally experience cognitive decline. Regular learning helps to maintain cognitive function, including memory, attention, and processing speed.

6.  **Personal Growth and Enrichment:** Learning is a lifelong activity that not only enhances one's career but also promotes personal growth and enrichment. It allows individuals to discover new interests, explore their passions, and develop new hobbies.

7.  **Adaptability:** The world is constantly changing, and individuals need to be adaptable to navigate these changes. Lifelong learning enables people to adjust to new situations, technologies, and social norms.

8.  **Social and Community Engagement:** Learning brings people together. It fosters a sense of community, encourages social interaction, and promotes active citizenship.

To incorporate lifelong learning into your life, consider the following strategies:

1.  **Online Courses and MOOCs:** Utilize platforms like Coursera, Udemy, or edX to access a wide range of courses and topics.
2.  **Professional Certifications:** Pursue industry-specific certifications to enhance your skills and knowledge.
3.  **Reading and Self-Study:** Set aside time for reading books, articles, and blogs related to your areas of interest.
4.  **Networking:** Attend conferences, workshops, and seminars to connect with professionals and learn from their experiences.
5.  **Volunteering:** Engage in volunteering activities that allow you to apply your skills, learn from others, and network.
6.  **Journaling and Reflection:** Regularly reflect on your learning experiences and set new goals to maintain a growth mindset.

By embracing lifelong learning, you'll be better equipped to navigate the complexities of today's world,",91.87947781544553,7.681204685150466e-15,96.92049834016157,45.93973890772277
Is lifelong learning essential in today’s world?,"Lifelong learning is more essential than ever in today's world. The world is changing rapidly due to technological advancements, globalization, and societal shifts. Here are some reasons why lifelong learning is crucial:

1.  **Technological advancements**: New technologies are emerging at an unprecedented rate, and skills become outdated quickly. Lifelong learning enables individuals to stay up-to-date with the latest technologies and tools in their field.
2.  **Job market changes**: The job market is constantly evolving, and people need to adapt to new roles, industries, and work environments. Lifelong learning helps individuals stay employable and maintain their skills in a rapidly changing job market.
3.  **Globalization**: Globalization has created a more interconnected world, requiring workers to be knowledgeable about different cultures, languages, and business practices. Lifelong learning helps individuals navigate this complex global landscape.
4.  **Demographic changes**: The population is aging, and many Baby Boomers are entering retirement, leaving knowledge gaps in the workforce. Lifelong learning enables younger generations to assume leadership roles and fill these gaps.
5.  **Societal shifts**: Social norms, values, and cultural expectations are changing, and individuals need to stay informed about these shifts to adapt to the new reality.
6.  **Critical thinking and problem-solving**: Lifelong learning encourages individuals to develop critical thinking and problem-solving skills, which are essential for success in today's complex and rapidly changing world.
7.  **Personal growth and satisfaction**: Lifelong learning fosters personal growth, allows individuals to explore new interests, and enhances their overall quality of life.

Some of the benefits of lifelong learning include:

1.  **Increased employability**: Developing new skills and knowledge makes individuals more attractive to employers.
2.  **Improved job satisfaction**: Continuous learning leads to a sense of accomplishment and satisfaction.
3.  **Increased earning potential**: Lifelong learners tend to earn higher salaries due to their advanced skills and knowledge.
4.  **Better decision-making**: Lifelong learning enables individuals to make informed decisions about their career and life choices.
5.  **Personal fulfillment**: Continuous learning is essential for personal growth and contributes to a sense of purpose.

To incorporate lifelong learning into your life, consider the following strategies:

1.  **Set learning goals**: Identify areas you want to learn about and set specific, achievable goals.
2.  **Explore online resources**: Utilize online courses, tutorials, and educational platforms to learn new skills.
3.  **Attend workshops and conferences**: Stay up-to-date with industry trends and best practices through networking events.
4.  **Join a community**: Connect with others who share your interests and passions through online forums, social media groups, or local clubs.
5.  **Reflect and evaluate**: Regularly reflect on your learning progress and evaluate what works best for you.

In conclusion, lifelong learning is essential in today's world due to technological advancements, job market changes, globalization, demographic shifts,",90.46827880425107,0.0,94.52080726555518,45.234139402125535
Is lifelong learning essential in today’s world?,"Lifelong learning is indeed essential in today's world. Here are some reasons why:

1.  **Rapid Technological Advancements:** The pace of technological change is accelerating, with new skills and technologies emerging regularly. Lifelong learning helps individuals stay up-to-date with the latest developments and adapt to new tools and systems.
2.  **Globalization and Interconnectedness:** The world is increasingly interconnected, and economic and job markets are becoming more global. Lifelong learning enables individuals to acquire the skills and knowledge needed to navigate these changing global landscapes.
3.  **Evolving Job Market:** The nature of work is changing, with many industries undergoing significant shifts due to automation, artificial intelligence, and other factors. Lifelong learning helps individuals acquire the skills required to remain relevant and adaptable in the modern labor market.
4.  **Diversification of Education and Training:** The boundaries between formal education, vocational training, and self-directed learning are becoming increasingly blurred. Lifelong learning incorporates various learning pathways and opportunities, providing individuals with a more holistic learning experience.
5.  **Emotional Intelligence and Soft Skills:** Emotional intelligence and soft skills have become essential in the modern workplace, alongside hard skills. Lifelong learning recognizes the importance of developing these skills and provides opportunities for individuals to refine their soft skills.
6.  **Health and Wellness:** Research suggests that lifelong learning can help mitigate the cognitive decline associated with aging and reduce the risk of age-related diseases such as Alzheimer's.
7.  **Enhancing Civic Engagement:** Lifelong learning promotes civic engagement and social responsibility. When individuals engage in lifelong learning, they become more aware of local and global issues and are more likely to contribute positively to their communities.

To stay competitive, adaptable, and engaged in the modern world, individuals must commit to lifelong learning. This involves pursuing diverse learning opportunities, embracing new technologies and skills, and staying curious about the world around them.",92.21891390542012,7.681204685171661e-15,99.96884071624714,46.10945695271007
Is lifelong learning essential in today’s world?,"Lifelong learning is indeed essential in today's world for several reasons:

1.  **Rapid Technological Change:** The rapid pace of technological advancements demands that individuals stay updated with the latest skills and knowledge to remain relevant in the job market and stay ahead of rapid changes.
2.  **Globalization and Economic Instability:** In a globalized economy, individuals must be adaptable, flexible, and able to navigate different work cultures, languages, and market conditions.
3.  **Continuous Skills Upgrade:** As technology evolves, jobs transform, and traditional skills become outdated. Lifelong learning enables individuals to continuously upgrade their skills and stay employable.
4.  **Ageing and Job Market Shifts:** As the average lifespan increases and jobs evolve, people may need to change careers multiple times throughout their lives. Lifelong learning helps them make this transition smoothly.

Moreover, it can help individuals stay mentally and emotionally healthy, adaptable, and resilient in the face of change. This helps build confidence, independence, and a sense of personal fulfillment.

**Benefits of Lifelong Learning Include:**

-   Improved employability
-   Career growth and promotion
-   Better decision-making and critical thinking skills
-   Mental and emotional well-being
-   Increased adaptability and resilience
-   Improved relationships and social connections
-   Enhanced creativity and innovation

To foster lifelong learning, one should:

1.  Engage in continuous professional development, training, or education.
2.  Develop a learning routine or set goals for personal and professional growth.
3.  Seek out diverse sources of knowledge and resources.
4.  Embrace challenges and explore new experiences.

Overall, lifelong learning is not just a desirable trait; it has become a necessary skill to thrive in today's fast-paced, ever-changing world.",91.54739003227274,7.605422562192131e-16,95.97688635933709,45.77369501613637
Is lifelong learning essential in today’s world?,"Lifelong learning is indeed essential in today's world. Here are some reasons why:

1.  **Rapid technological advancements**: The pace of technological change is constant, and what's current today may become outdated tomorrow. Lifelong learning helps individuals stay updated with the latest developments, tools, and skills required to remain relevant in the job market.
2.  **Fluctuating job market**: With the rise of globalization, automation, and artificial intelligence, traditional employment is evolving, and the job market is becoming increasingly dynamic. Continuous learning enables people to adapt to changing job requirements and stay employable.
3.  **Skills obsolescence**: Skills and knowledge become obsolete at an alarming rate, making it essential for individuals to continually upgrade their skills and knowledge to remain competitive.
4.  **Personal growth and development**: Lifelong learning fosters personal growth and development, enabling individuals to explore new interests, expand their horizons, and pursue their passions.
5.  **Improved employability**: Employers increasingly value employees who demonstrate a commitment to ongoing learning and professional development. This creates a competitive advantage in the job market.
6.  **Increased adaptability**: In today's fast-paced, interconnected world, the ability to adapt to new situations, challenges, and technologies is critical. Lifelong learning develops this adaptability and helps individuals navigate ever-changing environments.
7.  **Social and economic benefits**: When individuals continue learning, they contribute to societal and economic growth, as they develop new knowledge, skills, and perspectives that can benefit the broader community.
8.  **Cognitive benefits**: Lifelong learning can preserve cognitive abilities, such as memory, attention, and processing speed, and even help prevent age-related cognitive decline.
9.  **Broader perspectives**: Continuous learning exposes individuals to diverse perspectives, cultures, and ways of thinking, fostering global understanding, empathy, and tolerance.
10. **Social connections and community engagement**: Lifelong learning opportunities often involve interacting with others, fostering social connections and community engagement, which are essential for mental and emotional well-being.

To make lifelong learning accessible and effective, consider the following strategies:

*   **Set specific learning goals** and create a plan to achieve them.
*   **Explore various learning resources**, such as online courses, workshops, conferences, books, and mentorship programs.
*   **Prioritize flexibility**, allowing time for learning in your daily schedule.
*   **Seek feedback** and peer review to gauge your progress and areas for improvement.
*   **Join a community of learners** to share knowledge, experiences, and support one another.

Embracing lifelong learning can lead to personal and professional growth, increased competitiveness, and a more fulfilling life. By prioritizing continuous learning, individuals can thrive in today's dynamic, ever-changing world.",93.18838302332664,1.626111044588458e-14,99.99410668488598,46.594191511663325
Should people always follow their dreams?,"Following one's dreams can be a complex issue, and whether or not it's beneficial to pursue them depends on various factors. While following one's dreams can lead to happiness, success, and personal growth, it's essential to consider the context, feasibility, and potential consequences. Here are some points to ponder:

**Pros of following one's dreams:**

1.  **Pursuing passion and purpose**: Following one's dreams can lead to a sense of purpose and fulfillment, as you're doing something that genuinely resonates with your passions and values.
2.  2.  **Increased motivation and resilience**: When you're driven by a strong desire to achieve your dreams, you're more likely to stay motivated and resilient in the face of obstacles.
3.  **Personal growth and learning**: Pursuing your dreams can lead to significant personal growth, as you face challenges and learn from your experiences.
4.  **Potentially high rewards**: Achieving your dreams can result in significant financial, social, or career benefits, which can improve your overall well-being.

However, there are also potential downsides to consider:

**Cons of following one's dreams:**

1.  **Uncertainty and risk**: Following a dream can involve taking risks and being uncertain about the outcome, which can lead to financial, emotional, or social instability.
2.  **Opportunity cost**: Pursuing a dream may mean putting other aspects of your life on hold or sacrificing them altogether, leading to trade-offs and opportunity costs.
3.  **Expectations and pressure**: When you're driven by a dream, you may put pressure on yourself to succeed, which can lead to stress and burnout.
4.  **Reality check**: Sometimes, our dreams may not be realistic or feasible, and pursuing them may not lead to the desired outcome.

**When to follow your dreams:**

1.  **You've assessed risks and consequences**: Before pursuing your dream, weigh the potential benefits and risks, and make informed decisions about what to expect.
2.  **You have a support system**: Surround yourself with people who encourage and support you, and consider seeking professional guidance or mentorship if necessary.
3.  **You've set realistic expectations**: Be prepared for the likelihood of setbacks and adjust your expectations accordingly.
4.  **You're willing to adapt**: Be open to adjusting your approach or pivoting when circumstances change or your path shifts.

**When not to follow your dreams:**

1.  **If it's harming others**: Pursuing a dream at the expense of others' well-being or suffering can lead to harm or damage relationships.
2.  **If it's unrealistic or unfeasible**: If your dream is based on unrealistic expectations or lacks a clear plan, it may be more beneficial to reassess and adjust your goals.
3.  **If you're not prepared for the consequences**: If you're not emotionally, financially, or spiritually prepared for the potential consequences of",29.01616250889874,7.2711550214356495e-12,88.54497977355395,14.508081254453007
Should people always follow their dreams?,"Following one's dreams can be a complex and highly individualized decision, and whether it's always a good idea to follow them depends on various factors. Here are some points to consider:

**Pros of following your dreams:**

1.  **Personal fulfillment and happiness:** Pursuing your dreams can bring a sense of purpose and fulfillment, leading to increased happiness and satisfaction.
2.  **Creative expression and growth:** Following your dreams can allow you to express yourself creatively and grow as a person, whether it's through art, music, writing, or other passions.
3.  **Innovation and contribution:** Dreams often involve innovative ideas and a desire to make a positive impact. Pursuing them can lead to contributions and innovations that benefit others.
4.  **Resilience and determination:** Chasing your dreams requires hard work, dedication, and resilience, which can help you develop discipline and perseverance.

**Cons of following your dreams:**

1.  **Risk and uncertainty:** Pursuing your dreams can be risky, and there's always a chance that you might fail or encounter obstacles.
2.  **Financial instability:** Following a dream career or passion might not always guarantee financial stability or security.
3.  **Societal expectations and pressure:** Family, friends, and society may have expectations or pressure you to follow a more traditional or ""practical"" path.
4.  **Alternative options and compromise:** Sometimes, following your dreams might require compromise or settling for alternatives.

**When to follow your dreams:**

1.  **When passions and interests align:** If your dreams align with your strengths, values, and passions, it may be a good idea to pursue them.
2.  **When there's a clear plan and strategy:** Having a well-thought-out plan and strategy can help mitigate risks and increase the chances of success.
3.  **When you're financially stable or have support:** Having a stable financial foundation or a supportive network can reduce the financial and emotional stress associated with pursuing dreams.
4.  **When the risk is manageable:** Assessing the level of risk involved and being prepared to adapt to potential outcomes can make pursuing dreams more manageable.

**When not to follow your dreams:**

1.  **When your dreams are unrealistic or impractical:** If your dreams are based on unrealistic expectations or expectations, it may be wise to reassess and consider more practical options.
2.  **When there are alternative, more stable options:** If there are more stable and secure career paths or options available, it might be wise to explore those first.
3.  **When you're not willing to put in the effort:** Pursuing dreams requires hard work, dedication, and perseverance. If you're not willing to put in the time and effort, it may be better to explore other options.
4.  **When following your dreams compromises others' well-being:** While following your dreams is important, it's also crucial to consider how your actions might impact",26.910307351025686,5.514702881001289e-12,91.48675669912029,13.4551536755156
Should people always follow their dreams?,"The idea of following one's dreams is a popular and often romanticized concept, but whether it's always beneficial to follow one's dreams is a more nuanced topic. Here are some points to consider:

**Reasons to follow your dreams:**

1. **Personal fulfillment:** Pursuing your dreams can bring a sense of excitement, motivation, and a sense of fulfillment that can be hard to find elsewhere.
2. **Creativity and innovation:** Following your dreams can lead to new and innovative ideas, which can have a positive impact on society.
3. **Growth and learning:** Pursuing your dreams can help you develop new skills, build confidence, and learn from experiences, leading to personal growth.
4. **Inspiration:** By pursuing your dreams, you can serve as an inspiration to others, showing them the power of following their own passions.

**Reasons to be cautious:**

1. **Risks and uncertainty:** Pursuing your dreams can be a path filled with uncertainty, risks, and potential failures, which can be stressful and anxiety-provoking.
2. **Financial instability:** Many dreams may not lead to a stable financial future, and pursuing them may require significant sacrifices, such as financial instability or uncertainty.
3. **Opportunity costs:** Focusing on your dreams may mean sacrificing other aspects of your life, such as relationships, health, or financial security.
4. **Realistic expectations:** Dreams can be pie-in-the-sky ideas that are not feasible or realistic in the real world.

**When to balance dreams with pragmatism:**

1. **Be flexible:** Consider your dreams, but also be open to alternative paths and compromise. Sometimes, the best outcome is a hybrid of your dreams with a dose of reality.
2. **Weigh the risks and rewards:** Evaluate the potential costs and benefits of pursuing your dreams and make an informed decision.
3. **Have a backup plan:** Develop a plan B and C in case your dream path doesn't work out.
4. **Communicate with others:** Share your dreams with trusted friends and family, and be open to their perspectives and advice.

**Ultimately, should people always follow their dreams?**

No, not always. While following your dreams can be a recipe for personal fulfillment and growth, it's essential to consider the potential risks and uncertainties involved. A balanced approach, weighing the pros and cons, and being open to adjusting your plans can be a more practical and responsible way to pursue your dreams.

**What to do instead:**

1. **Explore your interests:** Engage in activities and hobbies that spark your passions, even if they don't necessarily fit your traditional ideas of ""dreams.""
2. **Develop transferable skills:** Focus on building transferable skills, such as communication, problem-solving, or leadership, which can be applied to various areas of your life.
3. **Pursue incremental progress:** Break down your dreams into smaller, achievable goals, and work toward them",35.24968109500658,5.286225083075161e-15,95.21135329301653,17.624840547503293
Should people always follow their dreams?,"Following your dreams can be a complex and multifaceted topic. While it's often encouraged to pursue one's passions, there are situations where it may not be the best course of action. Here are some points to consider:

**Reasons to follow your dreams:**

1.  **Personal fulfillment**: Pursuing your dreams can bring a sense of satisfaction, happiness, and fulfillment.
2.  **Passion and motivation**: When you're working towards a goal you're passionate about, you're more likely to be motivated and driven.
3.  **Growth and learning**: Following your dreams can lead to personal growth, skill development, and new experiences.
4.  **Authenticity**: Pursuing your dreams allows you to be true to yourself and live a more authentic life.

However, it's also important to consider:

**Reasons you might not always follow your dreams:**

1.  **Financial constraints**: Pursuing a dream can be costly, and financial constraints can make it difficult to achieve.
2.  **Practical considerations**: Your dream might not be a viable or sustainable career option, or it may require significant sacrifices that impact your well-being.
3.  **Risk of failure**: Pursuing a dream can be a high-risk venture, and failure can be a significant setback.
4.  **Other responsibilities**: You may have existing responsibilities, such as family or financial obligations, that take precedence.

**A balanced approach:**

Rather than following your dreams without considering the consequences, take a more balanced approach:

1.  **Reflect on your values and priorities**: Understand what's most important to you and what you're willing to sacrifice.
2.  **Assess the feasibility of your dream**: Evaluate the potential risks and challenges associated with pursuing your dream.
3.  **Consider alternative paths**: Explore other ways to achieve your goals, even if they're not directly related to your dream.
4.  **Seek support and guidance**: Talk to people who can offer valuable advice and encouragement.",34.11931642342939,0.0,99.99173457730285,17.059658211714694
Should people always follow their dreams?,"Following one's dreams can be a complex and multifaceted issue. While having big dreams and aspirations for the future is admirable, it is not always a straightforward or universally applicable rule. Here are some points to consider:

**Pros of following your dreams:**

1.  **Personal fulfillment and happiness**: Pursuing your dreams can bring a sense of purpose and satisfaction, leading to greater life fulfillment and happiness.
2.  **Growth and learning**: Chasing your dreams forces you to step out of your comfort zone, learn new skills, and develop resilience, which can be incredibly valuable for personal growth.
3.  **Creativity and innovation**: Following your dreams can lead to innovative ideas, new perspectives, and creative solutions that benefit society.
4.  **Motivation and inspiration**: Your dreams can inspire others, create a positive impact, and serve as a role model for those who admire your passion and dedication.

**Cons of following your dreams:**

1.  **Unrealistic expectations**: Some dreams might be overly optimistic or unrealistic, leading to disappointment, frustration, or burnout.
2.  **Financial instability**: Pursuing a dream career or business can be expensive, and there's a risk of financial instability or significant debt.
3.  **Social and family expectations**: Your dreams might conflict with others' expectations, such as family or societal pressures, leading to tension or guilt.
4.  **Alternatives and compromises**: In some cases, other options might be more practical, stable, or secure, even if they don't align with your dreams.

**When following your dreams might not be the best choice:**

1.  **Lack of clear vision**: If you're unclear about your dreams or don't have a solid plan, it may be harder to make progress or adjust your path as needed.
2.  **Financial or personal responsibilities**: If you have other responsibilities, such as family or dependents, sacrificing stability for your dreams can lead to unintended consequences.
3.  **Practical considerations**: Pursuing a dream might require significant sacrifices, such as relocating, changing careers, or taking on high-risk endeavors.

**Balancing reality and dreams**: 

1.  **Set realistic goals**: Break down your dreams into smaller, achievable steps, and prioritize what's most important to you.
2.  **Explore alternative paths**: Consider compromise or exploring related fields that still align with your interests and skills.
3.  **Evaluate your motivations**: Reflect on why you want to pursue your dreams. Is it for personal satisfaction, to help others, or to achieve status? Clarifying your motivations can help you decide if your dreams are worth pursuing.
4.  **Cultivate a growth mindset**: Develop a growth mindset, recognizing that your dreams and goals may evolve over time, and that's okay.

Ultimately, deciding whether to follow your dreams depends on your individual circumstances, priorities, and values. While following your dreams can be incredibly rewarding,",29.719283463477005,0.0,94.99282255730463,14.859641731738503
What is the best way to achieve success in life?,"Achieving success in life is a deeply personal and subjective concept, and there is no one-size-fits-all approach. However, here are some general principles and strategies that can help you increase your chances of achieving success:

1.  **Set Clear Goals**: Establishing clear, specific, measurable, achievable, relevant, and time-bound (SMART) goals will help you focus your efforts and stay motivated. Break down long-term goals into smaller, manageable tasks to maintain momentum.
2.  **Develop a Growth Mindset**: Cultivate a mindset that is open to learning, adaptable, and resilient. Embrace challenges as opportunities for growth and development, and don't be afraid to ask for help or take calculated risks.
3.  **Stay Consistent**: Consistency is key to making progress and building momentum. Create routines and habits that support your goals, and stick to them, even when faced with obstacles or setbacks.
4.  **Build Strong Relationships**: Surround yourself with people who support and encourage you, and build relationships that are based on mutual respect, trust, and communication. Networking, mentorship, and collaboration can be powerful tools for success.
5.  **Develop a Strong Work Ethic**: Hard work, dedication, and persistence are essential for achieving success. Stay focused, motivated, and committed to your goals, and don't be discouraged by setbacks or failures.
6.  **Prioritize Self-Care**: Taking care of your physical, emotional, and mental well-being is crucial for maintaining the energy and resilience needed to achieve success. Make time for activities that nourish your mind, body, and spirit, such as exercise, meditation, and spending time with loved ones.
7.  **Learn from Failure**: View failures as opportunities for growth and learning, rather than setbacks. Analyze what went wrong, identify areas for improvement, and use those insights to adjust your approach and try again.
8.  **Stay Adaptable**: Be open to change and willing to adjust your plans and strategies as circumstances evolve. Stay flexible and responsive to new opportunities, challenges, and opportunities for growth.
9.  **Develop a Positive Attitude**: A positive attitude can help you navigate the inevitable ups and downs of life. Focus on the possibilities, cultivate gratitude, and maintain a sense of humor, even in challenging situations.
10. **Seek Feedback and Constructive Criticism**: Seek input from others who can offer valuable insights and constructive feedback. Use that feedback to adjust your approach and improve your performance.
11.  **Stay Accountable**: Hold yourself accountable for your actions, decisions, and progress. Regularly assess your performance, reflect on areas for improvement, and make adjustments as needed.
12. **Stay Relevant**: Stay up-to-date with the latest developments in your field or industry, and be open to new ideas, trends, and innovations.

Remember, success is a journey, not a destination. Focus on building a solid foundation, staying consistent, and continuously learning and",41.957155474770225,2.3426350719175574e-15,94.98117464428479,20.978577737385113
What is the best way to achieve success in life?,"Achieving success in life is a highly subjective and personal concept, as it can vary greatly from one individual to another. However, research and experts have identified some common traits and strategies that are often associated with success. Here are some of the best ways to achieve success in life:

1.  **Set clear goals**: Setting specific, measurable, achievable, relevant, and time-bound (SMART) goals helps you focus on what you want to achieve and create a roadmap to get there.
2.  **Develop a growth mindset**: A growth mindset allows you to embrace challenges, learn from failures, and adapt to new situations. This mindset helps you grow and develop, leading to continuous improvement and success.
3.  **Work hard and persevere**: Success rarely happens overnight. It requires putting in the effort and time necessary to develop skills, build relationships, and overcome obstacles.
4.  **Build a strong support network**: Surround yourself with positive people who encourage and support you in your goals and aspirations. Family, friends, mentors, and colleagues can all play a vital role in helping you achieve success.
5.  **Develop a positive attitude**: A positive attitude helps you face challenges with confidence and resilience, making it easier to overcome obstacles and stay motivated.
6.  **Take care of your physical and mental health**: Your physical and mental well-being is crucial for maintaining energy, focus, and productivity. Regular exercise, healthy eating, and sufficient sleep are essential for success.
7.  **Continuously learn and develop new skills**: The world is constantly changing, and staying up-to-date with the latest developments in your field is essential for staying ahead of the competition.
8.  **Embrace failure as a learning opportunity**: Failure is an inevitable part of the learning process, and it can provide valuable insights and lessons that help you grow and improve.
9.  **Stay adaptable and open to change**: Success often requires adapting to new situations, technologies, and market trends.
10. **Find your passion and purpose**: Pursuing a career and endeavors that align with your passions and values can lead to a sense of fulfillment and motivation, making it more likely to achieve success.
11. **Seek feedback and learn from criticism**: Constructive feedback and criticism can help you identify areas for improvement and provide valuable insights for growth.
12. **Stay organized and manage your time effectively**: Effective time management and organization help you prioritize tasks, manage stress, and achieve your goals.
13. **Develop a professional network**: Building a professional network can provide access to new opportunities, knowledge, and resources that can help you achieve success.
14. **Stay curious and ask questions**: Curiosity and a willingness to ask questions help you learn from others, gain new insights, and find innovative solutions.
15. **Practice gratitude and self-care**: Focusing on the positive aspects of your life and taking care of your mental and physical health can help you stay motivated and achieve your goals.

Remember, success is a personal",67.31708602145117,1.5243799095871958e-14,94.7621886319589,33.658543010725595
What is the best way to achieve success in life?,"Achieving success in life is a complex and multi-faceted concept that can be influenced by various factors, including personal goals, individual values, and external circumstances. While there is no one-size-fits-all formula for success, here are some general principles and strategies that can increase the likelihood of achieving success in various areas of life:

1.  **Set Clear Goals**:  Defining and setting clear, achievable, and measurable goals helps create a roadmap for success. Break down large goals into smaller, manageable steps to make progress feel more attainable.
2.  **Develop a Growth Mindset**:  A growth mindset is foundational to achieving success. It involves adopting a willingness to learn, persistent effort, and resilience in the face of setbacks. Recognize that failure is an essential part of the learning process.
3.  **Stay Organized and Focused**: Maintain good time management, prioritize tasks effectively, and avoid procrastination. Staying organized and engaged helps ensure that you make the most of your time and resources.
4.  **Build Strong Relationships**: Nurturing positive relationships with family, friends, and colleagues can provide support, guidance, and encouragement. Surround yourself with people who inspire, motivate, and push you toward your goals.
5.  **Develop a Continuous Learning Habit**: Continuously update your skills, knowledge, and expertise. Stay curious, read, and learn from both successes and failures. A commitment to learning helps you navigate complex situations and stay ahead in your field.
6.  **Take Care of Physical and Mental Health**: Regular exercise, balanced diet, sufficient sleep, and mindfulness practices are vital for maintaining mental and physical well-being. A healthy lifestyle can enhance motivation, creativity, and productivity.
7.  **Stay Adaptable and Resilient**: Be willing to adjust your plans and strategies when necessary. Demonstrate the ability to learn from failure, bounce back from setbacks, and navigate through challenging situations.
8.  **Practice Self-Reflection and Self-Improvement**: Regularly assess your progress, values, and goals. Engage in self-reflection to identify areas that need improvement, and make necessary adjustments to stay aligned with your long-term vision.
9.  **Celebrate Milestones and Progress**: Acknowledge and celebrate small wins along the way. Reflect on the lessons learned from your successes and failures, and make adjustments as needed.
10. **Stay Positive and Focused on the Future**: Maintain a positive attitude and perspective. Foster a forward-thinking mindset by focusing on what you want to achieve, rather than dwelling on past failures or perceived obstacles.

While these strategies can contribute to achieving success, keep in mind that everyone's journey is unique, and what works for someone else may not work for you. It's essential to find what works for you and tailor your approach to your individual needs, goals, and circumstances.",37.74269498495419,3.408513917221457e-15,99.99985666402054,18.871347492477096
What is the best way to achieve success in life?,"Achieving success in life is a highly subjective and multifaceted concept that can vary greatly depending on individual goals, values, and priorities. However, here are some general principles and strategies that can help individuals achieve success in various areas of their lives:

1.  **Set Clear Goals**: Establish specific, measurable, achievable, relevant, and time-bound (SMART) goals. Break down large goals into smaller, manageable tasks to help you stay focused and motivated.
2.  **Develop a Growth Mindset**: Cultivate a growth mindset by embracing challenges, learning from failures, and persisting in the face of obstacles. Believe in your ability to grow, learn, and adapt.
3.  **Prioritize Time Management**: Balance work, leisure, and personal activities to maximize productivity. Set realistic schedules, avoid procrastination, and eliminate distractions.
4.  **Build Resilience**: Develop coping strategies to manage stress, anxiety, and adversity. Focus on self-care, self-compassion, and mindfulness to maintain emotional well-being.
5.  **Build Strong Relationships**: Nurture meaningful connections with family, friends, and colleagues. Invest in people who support and motivate you.
6.  **Cultivate a Positive Mindset**: Focus on gratitude, optimism, and self-motivation. Develop a positive self-image and avoid negative self-talk.
7.  **Develop Essential Skills**: Acquire skills relevant to your goals and industry. Continuously learn, educate yourself, and stay up-to-date with the latest developments.
8.  **Take Calculated Risks**: Step out of your comfort zone and take calculated risks to pursue opportunities for growth and success.
9.  **Stay Accountable**: Set accountability mechanisms, such as regular check-ins and progress tracking, to ensure you stay on track and motivated.
10. **Stay Adaptable**: Be open to changes, pivots, and new opportunities. Adapt to the evolving landscape and stay flexible.
11. **Cultivate a Sense of Purpose**: Define your values and passions, and align them with your goals. Pursue activities that bring you joy, fulfillment, and a sense of purpose.
12. **Practice Self-Care**: Take care of your physical, emotional, and mental well-being. Get enough sleep, exercise regularly, and eat a balanced diet.

It's essential to remember that success is a personal and ongoing process. Everyone's journey is unique, and what works for someone else may not work for you. Focus on making progress, learning from your experiences, and staying true to yourself.

**Key Takeaways:**

*   Success is a personal and subjective concept.
*   It requires effort, resilience, and ongoing learning.
*   A growth mindset, strong relationships, and self-care are essential.
*   Stay adaptable, focused, and motivated to achieve your goals.
*   Define your purpose, values, and passions to guide your journey.",55.291700768178224,0.0,99.99747823869117,27.645850384089112
What is the best way to achieve success in life?,"Achieving success in life can be a highly individualized and subjective concept, as it can mean different things to different people. However, here are some general principles that can increase the likelihood of achieving success in various aspects of life:

1.  **Set clear goals**: Identify what success looks like for you and set specific, measurable, achievable, relevant, and time-bound (SMART) goals. Breaking down large goals into smaller, manageable objectives will help you stay focused and motivated.
2.  **Develop a growth mindset**: Believe that your abilities and intelligence can be developed through hard work, dedication, and persistence. Embrace challenges, learn from failures, and be open to new experiences and opportunities.
3.  **Cultivate a positive mindset**: Maintain a positive attitude, self-confidence, and self-awareness. Focus on solutions rather than problems, and develop resilience to overcome obstacles and setbacks.
4.  **Develop useful skills**: Identify areas where you want to improve and develop relevant skills through education, training, and practice. Prioritize building a strong foundation in essential skills like communication, problem-solving, time management, and emotional intelligence.
5.  **Build a support network**: Surround yourself with positive, supportive people who encourage and motivate you to achieve your goals. Nurture these relationships through active listening, empathy, and open communication.
6.  **Take calculated risks**: Step out of your comfort zone and take calculated risks to seize opportunities, learn from experiences, and develop a growth mindset. Avoid unnecessary risks that may compromise your well-being and goals.
7.  **Practice self-care**: Prioritize your physical, mental, and emotional well-being through regular exercise, healthy eating, sufficient sleep, and stress management techniques.
8.  **Adapt to change**: Be flexible and adaptable in response to changing circumstances, and be open to pivoting or adjusting your goals and strategies as necessary.
9.  **Stay resourceful and productive**: Develop productivity skills, manage your time effectively, and prioritize tasks to achieve your goals efficiently.
10. **Reflect and evaluate**: Regularly reflect on your progress, evaluate your performance, and adjust your strategies to improve and stay on track.
11. **Stay motivated**: Find your 'why' and remind yourself of your purpose and goals to stay motivated and driven throughout the journey to success.

Keep in mind that success is a journey, not a destination. Focus on making progress, learning from your experiences, and staying committed to your goals.",46.0747341413352,4.37661850283164e-15,99.87936092649706,23.037367070667603
I don't get why people like classical music. Can you explain?,"Many people have asked similar questions, and the reasons for enjoying classical music are diverse and personal. Here are some possible explanations:

1.  **Emotional Connection:** Classical music has a unique ability to evoke strong emotions and create a deep emotional connection with listeners. Composers like Beethoven, Chopin, and Mozart have crafted their music to convey a range of emotions, from melancholy to joy, serenity to passion. Listeners may identify with the emotions expressed in the music, which can lead to a sense of understanding, comfort, or catharsis.
2.  **Complexity and Intricacy:** Classical music often features complex melodies, harmonies, and rhythms, which can be both soothing and intellectually stimulating. The intricate structures and patterns can be a source of fascination for listeners who appreciate the artistry and craftsmanship that goes into creating such music.
3.  **Cultural Significance:** Classical music has played a significant role in shaping Western culture and has influenced many other genres. Understanding and appreciating classical music can provide a deeper connection to the cultural heritage of the past and a sense of connection to the artistic traditions of previous generations.
4.  **Musical Maturity:** Classical music often requires a higher level of musical sophistication and maturity, both in terms of composition and interpretation. The development of musical skills and understanding of theory can enrich one's listening experience and provide a sense of accomplishment.
5.  **Escape and Relaxation:** The soothing sounds and melodies of classical music can be a source of relaxation and stress relief in our fast-paced lives. The calming nature of classical music can create a peaceful atmosphere, perfect for focus, meditation, or unwinding after a long day.
6.  **Social Aspect:** Attending classical music performances, such as concerts or opera, can be a social activity that brings people together. Sharing the experience of listening to live music with others can strengthen social bonds and foster a sense of community.
7.  **Universal Language:** Music is a universal language, and classical music in particular has been able to transcend cultural and linguistic barriers. People from different parts of the world can appreciate the beauty and expression of classical music, regardless of their background or cultural identity.

    There is no single reason why people like classical music, and it's often a combination of these factors that contributes to its enduring appeal. If you're interested in exploring classical music, you might find it helpful to expose yourself to different styles, composers, and periods, and to experiment with how different pieces make you feel.",73.85237773803617,3.3825733884694395e-10,99.97744118098277,36.926188869187214
I don't get why people like classical music. Can you explain?,"Classical music has been a cornerstone of human culture for centuries, and its enduring popularity is a testament to its timeless beauty and complexity. Here are some reasons why people enjoy classical music:

1. **Emotional Connection**: Classical music has the power to evoke strong emotions, from the serenity of a peaceful melody to the excitement of a triumphant crescendo. Its emotional resonance can create a deep connection with listeners, making it a universal language that transcends cultural and linguistic boundaries.

2. **Composition and Craftsmanship**: Classical music showcases exceptional skill and dedication from composers, musicians, and orchestral ensembles. The intricate arrangements, harmonies, and melodies require a high level of technical proficiency, making it a treat for music enthusiasts who appreciate the art of composition and performance.

3. **Cultural Significance**: Classical music has been an integral part of various cultures for centuries, offering a glimpse into the historical, social, and artistic contexts in which it was composed. Listeners can learn about historical periods, traditions, and cultural developments through the music, making it an engaging way to explore the past.

4. **Therapeutic Benefits**: Research has shown that listening to classical music can have both physical and mental health benefits. It can lower blood pressure, reduce stress, and even alleviate symptoms of anxiety and depression. Its soothing and calming effects make it an excellent choice for relaxation and focus.

5. **Timelessness**: Classical music has a timeless quality, with many compositions remaining relevant and enjoyable for centuries. Unlike popular music, which may be trendy or fleeting, classical music has a timeless appeal that continues to captivate new generations.

6. **Influence on Other Genres**: Classical music has had a profound impact on the development of many other genres, such as film scores, jazz, and popular music. Listeners can appreciate the origins of these styles and recognize the influence of classical music on their favorite genres.

7. **Live Performances**: Attending a classical music performance can be a unique and thrilling experience. Listening to a live orchestra or ensemble, sensing the energy of the musicians, and witnessing the drama and spectacle of a performance can be awe-inspiring.

8. **Intellectual Stimulation**: Classical music often incorporates complex harmonies, structures, and concepts, making it an intellectually stimulating experience. Listeners can appreciate the intricate workings of music theory, enjoy the nuances of expression, and challenge their understanding of music.

9. **Escape and Imagination**: Classical music can transport listeners to different eras, places, and emotions, providing an escape from the stresses of everyday life. Its vivid imagery and evocative sounds can spark the imagination, encouraging listeners to reflect, daydream, or create.

10. **Educational**: Learning about classical music can be a rewarding and enriching experience. Understanding the history, context, and techniques behind the music can deepen one's appreciation and enjoyment of the art form.

While not everyone may appreciate classical music, there's a wealth of",90.31799684939384,4.523499685294076e-14,95.03581522262925,45.15899842469694
I don't get why people like classical music. Can you explain?,"The world of classical music can be intimidating, but understanding its appeal can be rewarding. Here are some reasons people appreciate classical music:

1.  **Emotional Connection**: Classical music evokes emotions and stimulates the intellect. It often expresses feelings people can relate to – joy, sorrow, love, or introspection. Composers put their emotions into their music, allowing listeners to connect with it on a deeper level.
2.  **Complexity and Intrigue**: Classical music is full of intricate melodies, harmonies, and structures that are mathematically precise. This complexity creates a sense of discovery, as listeners try to understand the underlying patterns and relationships within a piece of music.
3.  **Nostalgia and Cultural Heritage**: Many people have a personal connection to classical music due to their cultural or family background. They may have been exposed to it in their childhood or associate it with special memories and events. This nostalgia can deepen their appreciation for classical music.
4.  **Discipline and Skill**: Classical music requires immense technical skill, as performers must master instruments and adhere to specific musical structures. This mastery demands respect and admiration for the musicians themselves.
5.  **Timeless Appeal**: Classical music often transcends generational boundaries, speaking to people across ages and geographical locations. Its themes, motifs, and stories capture universally relatable human experiences, making it timeless and ageless.
6.  **Mood and Atmosphere**: Classical music can enhance or evoke specific moods, environments, and atmospheres. For example, some pieces evoke a sense of calmness, others stimulate the intellect, and others create a grand, sweeping feeling.
7.  **Intellectual Stimulation**: Classical music often pushes the boundaries of technology, experimentation, and innovation. It can spark curiosity about composition, harmonics, and theory, appealing to those who appreciate intellectual and abstract connections.
8.  **Therapeutic Benefits**: Listening to classical music can have a profound impact on physical and mental well-being. It can reduce stress, improve concentration, and stimulate creativity, which attracts people seeking relaxation and mental clarity.
9.  **Historical and Artistic Significance**: Classical music has played a pivotal role in shaping the art form we know today. It is a window into the past, offering insights into historical events, cultural context, and artistic expression.
10. **Endurance and Legacy**: The artistry, craftsmanship, and dedication that go into creating classical music reward repeated listenings, revealing new insights and appreciation for each piece.

Classical music is more than just a melody – it's a gateway to understanding, experiencing, and creating artistic expression. When exploring this world, the initial complexity and unfamiliarity often disappear as listeners grasp the vast riches of emotions, intellect, and humanity embedded within it.",89.9889412187861,1.833444307398455e-12,99.66845816542963,44.994470609393964
I don't get why people like classical music. Can you explain?,"Classical music has a long history and a dedicated following, but it can be a bit challenging to understand its appeal at first. Here are some reasons why people enjoy classical music:

1.  **Emotional Expression and Catharsis**: Classical music is known for evoking strong emotions and creating a range of feelings. It can be uplifting, calming, beautiful, or even tragic. People enjoy experiencing these emotions and connecting with the music on a deeper level. The complex harmonic structures and melodies can create a sense of release, which is known as catharsis.

2.  **Intellectual Challenge**: Classical music is a rich and complex art form, requiring a level of cognitive engagement. Many classical pieces are composed with intricate structures, harmonies, and melodies that appeal to music theorists and enthusiasts. The complexities of classical music encourage listeners to analyze and understand its composition and structure.

3.  **Timeless and Universal**: Classical music has been around for centuries, with many pieces created during the Renaissance, Baroque, Classical, and Romantic periods. Despite the changing times, these compositions continue to be widely appreciated and performed today. The timeless quality of classical music allows listeners to experience the work of past masters and appreciate the artistic vision they brought to their work.

4.  **Performance and Instrumentation**: The classical music world value the live performance. There's a unique experience in attending a concert, where the nuances of human performance can enhance the emotional impact of the music. Listeners can appreciate the skill, expression, and emotional investment of the performers.

5.  **Cultural Significance**: Classical music has played a vital role in various cultures and societies throughout history. It has been a symbol of education, wealth, and cultural refinement. People who appreciate classical music may do so because of its association with these values.

6.  **Personal Connection**: People may enjoy classical music because of its associations or personal experiences. A particular piece might evoke memories or emotions linked to significant life events. Others may find comfort in the familiarity and consistency of classical music over the years.

7.  **Development of Musical Appreciation**: For many people, classical music education is the starting point for their musical development. They may learn classical music pieces from an early age and develop a lifelong appreciation for its beauty, complexity, and emotional depth.

Classical music has an enduring appeal that goes beyond individual tastes, as it touches on universal human experiences and emotions. It is not merely a question of liking or disliking classical music; it's about understanding its significance and importance in people's lives and cultures.",84.08749777019385,0.000595318289202099,95.01447647293759,42.044046544241525
I don't get why people like classical music. Can you explain?,"There are several reasons why people enjoy classical music, and it's often a complex and personal combination of factors. Here are some possible reasons:

1.  **Emotional Connection**: Classical music has the ability to evoke strong emotions and create a sense of connection to the music. Composers like Mozart, Chopin, and Bach use various musical elements such as melody, harmony, and rhythm to convey emotions such as joy, sadness, and nostalgia. This emotional resonance can create a deep bond between the listener and the music.
2.  **Cultural Significance**: Classical music is often tied to cultural and historical contexts. For example, Beethoven's symphonies are often seen as reflections of the turmoil and transformation of the late 18th century, while Vivaldi's Four Seasons are often associated with the Baroque period. Listening to classical music can provide a window into the past and help people understand the cultural and historical context in which it was created.
3.  **Technical Appreciation**: Many people enjoy classical music because of its technical complexity and intricacy. Classical music often features complex harmonies, counterpoint, and instrumental techniques that require great skill and precision to execute. Listeners may appreciate the technical mastery that goes into creating these pieces.
4.  **Relaxation and Meditation**: Classical music is often used as a tool for relaxation and meditation. The soothing and calming qualities of classical music can help people unwind and reduce stress. The slow and peaceful melodies can help listeners focus and calm their minds.
5.  **Intellectual Connection**: Classical music often requires a level of intellectual engagement from the listener. Understanding the historical context, musical structure, and emotional themes can enrich the listening experience and provide a sense of personal growth and development.
6.  **Social Aspect**: Classical music is often an integral part of social gatherings and events, such as weddings, formal dinners, and concerts. Listening to classical music can create a sense of community and shared experience among those present.
7.  **Universal Language**: Music is a universal language, and classical music in particular has the ability to transcend cultural boundaries and speak to people across the globe. A beautiful melody or a powerful harmony can be recognized and appreciated by people from different cultures and backgrounds.
8.  **Childhood Exposure**: Many people develop an appreciation for classical music as children, often through exposure to classical music in school or through family members who appreciate the genre. This early exposure can create a lifelong love for classical music.
9.  **Memory Association**: Classical music is often linked to memories and associations. People may associate certain pieces with specific events, people, or places. This emotional connection can evoke a strong response and a deep appreciation for the music.
10. **Aesthetic Appreciation**: Finally, some people simply enjoy classical music because of its beauty and aesthetic appeal. They may appreciate the intricate composition, the use of different instruments, and the way the music makes them feel.

These are just a few reasons",56.600071189481746,8.123557183780323e-13,96.40820345616262,28.300035594741278
How do I train my new puppy not to chew on furniture?,"Congratulations on your new puppy. Training a puppy not to chew on furniture requires patience, consistency, and a well-structured approach. Here are some tips to help you train your puppy:

1.  **Provide Suitable Alternatives**: Give your puppy plenty of suitable chew toys and encourage them to chew on those instead of your furniture. Choose durable, puppy-safe toys and rotate them regularly to keep things interesting.
2.  **Supervise**: Keep a close eye on your puppy at all times, especially when you can't directly supervise. This will help you catch them in the act of chewing on furniture and redirect them to a suitable chew toy.
3.  **Use Positive Reinforcement**: Reward your puppy with treats and praise when they choose to chew on a suitable toy. This positive reinforcement will encourage them to repeat the behavior.
4.  **Redirect Attention**: If you catch your puppy attempting to chew on furniture, calmly and firmly say ""no"" or ""off"" and redirect their attention to the suitable toy.
5.  **Keep Your Furniture Safe**: Secure any loose items or fragile decorations that may be tempting for your puppy. Use baby gates or playpens to block access to areas with valuable or tempting items.
6.  **Watch for Teething**: Puppies often chew due to teething pain. Provide teething toys and cold treats, like frozen knuckle bones, to help ease their discomfort.
7.  **Create a Training Plan**: Establish a consistent daily routine that includes training sessions and rewarding good behavior. A schedule will help you tackle chewing on furniture effectively.
8.  **Be Patient**: Training a puppy takes time, so be patient and consistent in your efforts. It may take several weeks or even months for your puppy to learn new behaviors.
9.  **Use Deterrents**: Spray or apply bitter-tasting sprays on furniture to discourage chewing. Just ensure you use a puppy-safe spray and test it on a piece of cloth first to avoid any adverse reactions.
10.  **Consult a Trainer or Behaviorist**: If your puppy continues to chew extensively on furniture despite your best efforts, consult with a professional dog trainer or a veterinarian for guidance and personalized advice.

Some additional tips to keep in mind:

- Avoid scolding or punishing your puppy for chewing on furniture, as this can create anxiety or fear.
- Keep your puppy occupied with engaging activities, like playtime and exercise, to reduce the likelihood of destructive chewing.
- As your puppy grows and matures, their instincts will change and they may become less likely to chew furniture.",87.83707868376028,3.8242466280619464e-16,99.99729455975816,43.91853934188014
How do I train my new puppy not to chew on furniture?,"Training a puppy not to chew on furniture can be a challenging task, but with consistency, patience, and positive reinforcement, you can help your puppy learn to chew on appropriate items instead. Here's a step-by-step guide to help you train your puppy:

**Understand Why Puppies Chew:**

1.  Puppies chew due to teething pain, boredom, curiosity, and learning.
2.  Chewing is a natural behavior for puppies, but it's essential to teach them what's acceptable and what's not.

**Prevention and Preparation:**

1.  **Puppy-Proof Your Home:** Move any valuable or fragile items out of reach, and secure loose items that can be easily chewed, like shoes, books, or accessories.
2.  **Provide Chew Toys:** Offer your puppy an assortment of durable, puppy-safe chew toys, such as rubber toys, bully sticks, or raw hide chews.
3.  **Supervise:** Keep a close eye on your puppy, especially during the first few months.

**Training Techniques:**

1.  **Catch and Redirect:** If you catch your puppy in the act of chewing furniture, calmly say ""no"" or ""drop it"" and replace the item with a suitable chew toy. Make sure to praise and reward your puppy for chewing the correct item.
2.  **Teach an Alternative Behavior:** Introduce a new command, like ""leave it"" or ""knock it off,"" and consistently reinforce it. Reward your puppy for responding to the command.
3.  **Use Positive Reinforcement:** Reward your puppy with treats, praise, or playtime when they choose to chew on an acceptable item.
4.  **Set Boundaries:** Establish clear rules and consequences for chewing furniture. When your puppy misbehaves, calmly take the item away and replace it with a chew toy.
5.  **Gradually Increase Freedom:** As your puppy becomes more reliable, you can gradually give them access to more areas of the house, like the living room or kitchen.

**Additional Tips:**

1.  **Offer Frozen Treats:** Freeze-dried liver or bully sticks can be a great way to satisfy your puppy's urge to chew and satisfy their teething pain.
2.  **Rotate Toys:** Swap toys regularly to keep things interesting and exciting for your puppy.
3.  **Create a Schedule:** Plan playtime and exercise to reduce boredom and excess energy, which can lead to chewing.
4.  **Consider Crate Training:** Crate training can help with housebreaking and reduce the likelihood of chewing furniture when you're not supervising.

**Chewing Stages:**

1.  **Teething Phase:** 3-4 months (teething pain can cause aggressive chewing). 
2.  **Exploratory Phase:** 4-6 months (puppies investigate their surroundings). 
3.  **Pre-Teen Phase:** 6-9 months (calm",84.61847820795124,1.9465565395321738e-13,88.68267587105414,42.30923910397572
How do I train my new puppy not to chew on furniture?,"Training your puppy not to chew on furniture requires consistency, patience, and positive reinforcement. Here's a step-by-step guide to help you address this common puppy behavior:

1.  **Identify the reason for the chewing**: Puppies chew on furniture for a variety of reasons, such as teething pain, curiosity, boredom, or even anxiety. Understanding the underlying cause can help you address the root of the problem.
2.  **Provide alternative chew toys**: Offer a variety of durable, puppy-safe toys filled with treats or with long-lasting materials that can occupy your puppy's mouth and provide satisfaction when chewing on them.
3.  **Supervise and distract**: Keep an eye on your puppy at all times and immediately distract them if you catch them chewing on furniture. Redirect their attention to an approved toy or chew object.
4.  **Use positive reinforcement training**: When you catch your puppy chewing on an approved toy, praise and reward them with treats, praise, or playtime. This positive reinforcement helps to associate good behavior with rewards.
5.  **Use baby gates or barriers**: Block access to furniture by using baby gates or barriers to create a puppy-proofed area, making it difficult for your puppy to reach the furniture.
6.  **Implement a 'no' command**: Teach your puppy the 'no' command, which means they should stop doing the undesired behavior immediately when commanded. Consistently reinforce this command with a hand signal and a firm but gentle voice.
7.  **Establish a 'place' command**: Teach your puppy to go to a designated area (like a crate or a playpen) for relaxation and quiet time, where they cannot access furniture.
8.  **Be consistent**: Consistency is key. Stick to the same rules and commands every day to help your puppy understand what you expect.
9.  **Be patient**: It may take time and effort to train your puppy not to chew on furniture, especially during the teething stage. With dedication and persistence, you can overcome this challenge.

Tips:

-   Keep in mind that puppies have a natural instinct to chew, so provide an adequate supply of chew toys and rotate them often to keep your puppy interested.
-   Keep an inventory of the items your puppy is drawn to and remove them from your home if possible, making it easier to prevent accidents.
-   Consider using a crate or a puppy-safe playpen when you cannot supervise.
-   Deterrents such as bitter-tasting sprays or noise-making devices can also help discourage chewing on furniture.",88.38173371657953,9.594831055252899e-13,99.99931765005766,44.19086685829025
How do I train my new puppy not to chew on furniture?,"Congratulations on your new furry family member.  Training a puppy not to chew on furniture requires patience, consistency, and positive reinforcement. Here's a step-by-step guide to help you achieve this:

1.  **Provide Adequate Exercise and mental Stimulation**: Puppies chew due to boredom, anxiety, or excess energy. Ensure your puppy gets enough physical activity, such as walks and playtime, as well as mental stimulation through puzzle toys and interactive games.
2.  **Supervise and Redirect**: Always keep an eye on your puppy, especially in areas where you don't want them to chew. If you catch your puppy chewing on something they shouldn't, calmly say ""no"" and redirect them to an acceptable chew toy.
3.  **Choose Suitable Chew Toys**: Offer a variety of durable, puppy-safe toys, such as rubber toys, nylon bones, and chew treats. Rotate toys regularly to keep things interesting and prevent boredom.
4.  **Teach the ""Leave It"" Command**: Train your puppy to leave objects alone by using positive reinforcement. Place a treat in front of them, then say ""leave it."" If they resist taking the treat, reward them for leaving it alone.
5.  **Set Boundaries and Use Deterrents**: Place double-sided tape or aluminum foil on furniture to deter chewing. You can also use a bitter-tasting spray, but be sure to test it on a small, inconspicuous area first.
6.  **Crate Training**: Crate your puppy when you're not supervising to prevent them from getting into trouble. Introduce the crate gradually, starting with short periods and increasing the duration as they become accustomed to it.
7.  **Praise and Reward Good Behavior**: Positively reinforce good behavior by rewarding your puppy with treats and praise when they choose a toy over furniture.
8.  **Be Consistent**: Stick to your training routine and rules consistently. Puppies thrive on routine and predictability.
9.  **Clean Up Clutter**: Make sure to pick up any items that could be tempting for your puppy, such as shoes, books, or remotes, and store them safely out of reach.
10. **Seek Professional Help**: If your puppy continues to exhibit destructive behavior despite consistent training and positive reinforcement, consult a professional dog trainer or your veterinarian for guidance.

Remember, housebreaking a puppy takes time, patience, and effort. With consistent training and positive reinforcement, you can teach your puppy to respect your furniture and other household items.",89.20829792376956,8.618072811255843e-16,95.65679751034493,44.60414896188478
How do I train my new puppy not to chew on furniture?,"Congratulations on your new puppy.  Treating your furniture safely is an essential aspect of puppy parenting, and with consistency, patience, and positive reinforcement, you can train your puppy not to chew on furniture.  Here's a step-by-step guide to help you tackle this issue:

**Understand why puppies chew**:

1.  Puppies chew due to teething pain, curiosity, and boredom.
2.  They also use chewing as a way to explore their environment.
3.  Puppies often copy their mother's behavior, which includes chewing.

**Prevention is key**:

1.  **Supervise your puppy at all times:** Keep an eye on your puppy to prevent furniture-chewing incidents.
2.  **Provide alternatives:** Give your puppy suitable chew toys and treats, such as:
    *   Kongs stuffed with treats or peanut butter
    *   Rawhide chews
    *   Durable toys like rubber toys or bully sticks
    *   Interactive puzzle toys filled with kibble or treats
3.  **Keep your home puppy-proofed:**
    *   Secure your furniture legs using anti-tip brackets
    *   Elevate your valuable items out of your puppy's reach
    *   Block access to areas with tempting furniture
    *   Secure any electrical cords or fragile objects

**Training your puppy:**

1.  **Train a 'leave it' command:** Teach your puppy to leave an object upon command. This can be done through positive reinforcement and by associating the command with treats and praise.
2.  **Correct the behavior immediately:** When you catch your puppy chewing on furniture, calmly say 'no' and redirect their attention to an acceptable toy.
3.  **Use positive reinforcement:** Praise your puppy when they ignore furniture or take an acceptable toy instead.
4.  **Watch for triggers:** Identify situations that trigger your puppy's furniture-chewing behavior, such as teething pain, boredom, or excitement, and address them accordingly.
5.  **Establish a routine:** Create a predictable daily schedule for playtime, feeding, and sleep to reduce your puppy's stress and excess energy, which can lead to furniture-chewing.

**Additional tips:**

1.  **Offer plenty of exercise and mental stimulation:** Regular physical and mental stimulation will help minimize your puppy's energy and reduce the likelihood of furniture-chewing.
2.  **Consider crate training:** Crate training can be effective in keeping your puppy safe and reducing furniture-chewing when you're not supervising.
3.  **Seek professional help:** If your puppy's furniture-chewing persists, consider consulting a professional dog trainer or a veterinarian for guidance.

Remember that consistent training, patience, and positive reinforcement are key to teaching your puppy not to chew on furniture. By following these steps, you can help your puppy develop good habits and maintain your furniture's integrity.",88.690365217134,1.2567067632006885e-13,99.50027368851401,44.345182608567065
What are some good exercises for beginners?,"As a beginner, it's essential to start with exercises that are safe, effective, and easy to learn. Here are some great options for beginners:

**Cardio Exercises:**

1.  **Walking**: Walking is a great way to get started with cardio exercises. You can do it anywhere and at any time.
2.  **Jogging or Running**: If you're feeling more energetic, jogging or running is an excellent way to improve cardiovascular health.
3.  **Swimming**: Swimming is a low-impact exercise that's easy on the joints.
4.  **Cycling**: Stationary cycling or using a fitness app to guide your cycling workouts is another great option.

**Strength Training Exercises:**

1.  **Push-ups**: Push-ups work multiple muscle groups and are a great way to build upper body strength.
2.  **Squats**: Squats work your legs, glutes, and core, making them an excellent full-body exercise.
3.  **Lunges**: Lunges target your legs and glutes, improving balance and flexibility.
4.  **Planks**: Planks engage your core and improve posture.
5.  **Dumbbell exercises**: Using lightweight dumbbells, try performing arm curls, shoulder presses, and chest presses to build upper body strength.

**Core Exercises:**

1.  **Plank variations**: Try different plank variations, such as side planks, side plank on both legs, or a standard plank with leg lifts.
2.  **Russian twists**: Russian twists target your obliques and improve flexibility.
3.  **Leg raises**: Leg raises work your lower abs and glutes.

**Yoga Poses:**

1.  **Downward-Facing Dog**: This pose stretches the hamstrings and spine.
2.  **Warrior Pose**: Warrior pose strengthens your legs and improves balance.
3.  **Tree Pose**: Tree pose is a great balance exercise that improves focus and tranquility.
4.  **Child's Pose**: Child's pose is a gentle stretch that relaxes the back and improves flexibility.

**Flexibility Exercises:**

1.  **Stretching exercises**: Start with simple stretches for your hamstrings, calves, and hip flexors.
2.  **Foam rolling**: Foam rolling helps relieve tension in your muscles.

**Tips for Beginners:**

1.  **Consult a doctor**: Before starting any new exercise program, consult with your doctor or a fitness professional to ensure you're healthy enough.
2.  **Start slow**: Begin with short sessions (15-20 minutes) and gradually increase duration and intensity.
3.  **Warm-up and cool down**: Begin with a 5-10 minute warm-up (light cardio or stretching) and end with 5-10 minute cool down (static stretches).
4.  **Listen to your body**: Rest when needed, and don't push yourself too hard.

Remember, consistency and",89.52925769409934,5.9821282237167225e-15,94.61889630504228,44.76462884704967
What are some good exercises for beginners?,"There are many exercises that are suitable for beginners, and the best ones for you will depend on your fitness goals and any health considerations you may have. Here are some popular exercises for beginners that can help you get started:

**Bodyweight Exercises:**

1. **Push-ups**: Works your chest, shoulders, and triceps.
2. **Squats**: Strengthens your legs, glutes, and core.
3. **Lunges**: Targets your legs, glutes, and core.
4. **Planks**: Engages your core and improves posture.
5. **Dips (using a chair or bench)**: Works your triceps and chest.
6. **Burpees**: A full-body exercise that includes a squat, push-up, and jump.
7. **Mountain climbers**: A cardio exercise that targets your core and legs.

**Yoga and Stretching Exercises:**

1. **Downward-facing dog**: Stretches your hamstrings, calves, and spine.
2. **Warrior poses**: Strengthens your legs, hips, and core.
3. **Tree pose**: Improves balance and engages your core.
4. **Seated forward fold**: Stretches your hamstrings, calves, and back.
5. **Child's pose**: Stretches your back, hips, and knees.

**Resistance Band Exercises:**

1. **Bicep curls**: Works your biceps.
2. **Tricep extensions**: Targets your triceps.
3. **Leg curls and leg extensions**: Works your legs.
4. **Chest press**: Engages your chest muscles.
5. **Shoulder rotations**: Improves shoulder mobility.

**Cardio Exercises:**

1. **Brisk walking**: A low-impact cardio exercise that's easy on the joints.
2. **Jumping jacks**: A high-intensity cardio exercise that targets your entire body.
3. **Swimming**: A low-impact cardio exercise that's easy on the joints.
4. **Cycling**: A low-impact cardio exercise that targets your legs.
5. **Dancing**: A fun way to get your heart rate up and burn calories.

**Tips for Beginners:**

1. **Start slow**: Begin with short workouts and gradually increase the duration and intensity.
2. **Listen to your body**: Rest when you need to, and don't push yourself too hard.
3. **Find a workout buddy**: Exercising with a friend or family member can be motivating and fun.
4. **Focus on form**: Proper form is essential to avoid injury and get the most out of your workouts.
5. **Consult a doctor or personal trainer**: If you have any health concerns or questions, consult with a healthcare professional before starting a new exercise routine.

Remember, the key to a successful exercise routine is consistency and patience. Start with small, achievable goals and gradually build up to more challenging exercises. Happy exercising!",77.01600390992927,2.797878602056674e-16,99.9997216924316,38.508001954964634
What are some good exercises for beginners?,"As a beginner, it's essential to start with exercises that are easy to learn, safe, and effective in building a strong foundation. Here are some excellent exercises for beginners in different areas of fitness:

**Upper Body Exercises:**

1. **Push-ups**: Works the chest, shoulders, and triceps.
2. **Dumbbell Shoulder Press**: Strengthens the shoulders and improves posture.
3. **Bicep Curls**: Targets the biceps.
4. **Tricep Dips (using a chair or bench)**: Trains the triceps.
5. **Arm Circles**: Relaxes and stretches the shoulders and improves posture.

**Lower Body Exercises:**

1. **Squats**: Works the legs, glutes, and core.
2. **Lunges**: Targets the legs, glutes, and hips.
3. **Calf Raises**: Strengthens the calf muscles.
4. **Glute Bridges**: Works the glutes and lower back.
5. **Leg Raises**: Targets the lower abs.

**Core Exercises:**

1. **Plank**: Strengthens the core and improves posture.
2. **Russian twists**: Works the obliques.
3. **Leg Raises (Hanging Leg Raises)**: Targets the lower abs.
4. **Bicycle Crunches**: Strengthens the transverse abdominis muscle.
5. **Bird Dog**: Targets the entire core.

**Cardio Exercises:**

1. **Brisk Walking**: An excellent way to improve cardiovascular health.
2. **Jogging or Running**: A great cardio workout.
3. **Swimming**: Low-impact exercise for cardiovascular fitness.
4. **Cycling**: Works the legs and improves cardiovascular health.
5. **High-Intensity Interval Training (HIIT)**: A time-efficient cardio workout.

**Bodyweight Exercises:**

1. **Squat Jump**: Works the legs, glutes, and cardiovascular system.
2. **Burpees**: A full-body exercise that builds strength and endurance.
3. **Mountain Climbers**: Targets the entire body.
4. **Jumping Jacks**: A fun and easy cardio exercise.
5. **Wall Sit**: Strengthens the legs and improves balance.

**Remember to:**

* Always warm up before exercising (5-10 minutes of light cardio).
* Start with shorter sets and gradually increase the duration and intensity.
* Listen to your body and rest when needed.
* Consult a healthcare professional before beginning any new exercise routine.
* Focus on proper form and technique.

Remember, consistency and patience are key. Happy exercising!",89.87660448951895,0.0,95.61864192841655,44.93830224475948
What are some good exercises for beginners?,"As a beginner, it's essential to start with exercises that are safe, effective, and enjoyable. Here are some excellent exercises for beginners:

**Bodyweight exercises:**

1.  **Push-ups**: Works the chest, shoulders, and triceps.
2.  **Squats**: Strengthens the legs, glutes, and core.
3.  **Lunges**: Targets the legs, glutes, and hips.
4.  **Planks**: Engages the core, shoulders, and back.
5.  **Bicycle crunches**: Works the abs and obliques.
6.  **Leg raises**: Targets the abdominal muscles and lower back.
7.  **Arm circles**: Strengthens the shoulders and improves flexibility.

**Cardio exercises:**

1.  **Brisk walking**: Easy to do and great for beginners.
2.  **Bodyweight jogging**: A great way to improve cardiovascular health.
3.  **Swimming** (if you have access to a pool): A low-impact exercise that's easy on the joints.
4.  **Cycling** (stationary bike or outdoor bike): Excellent for cardiovascular exercise and leg muscles.
5.  **High knees**: A fun way to improve cardiovascular fitness and coordination.

**Resistance band exercises:**

1.  **Banded squats**: Targets the legs and glutes.
2.  **Banded lunges**: Works the legs, glutes, and hips.
3.  **Banded chest press**: Strengthens the chest and shoulders.
4.  **Banded curls**: Targets the biceps and shoulders.

**Yoga and stretching exercises:**

1.  **Downward-facing dog**: Stretches the hamstrings, calves, and spine.
2.  **Cobra pose**: Strengthens the chest and shoulders.
3.  **Seated forward fold**: Stretches the hamstrings, calves, and back.
4.  **Tree pose**: Improves balance and stability.
5.  **Leg raises on a yoga mat**: Targets the lower back and glutes.

**Key tips for beginners:**

1.  **Warm up**: Always start with a 5-minute warm-up to prevent injuries.
2.  **Listen to your body**: Rest and stop if you experience any pain or discomfort.
3.  **Start slow**: Gradually increase the intensity and duration of your workouts.
4.  **Practice proper form**: Learn proper technique to avoid injury and get the most out of your exercises.
5.  **Consult a doctor or personal trainer**: If you have any medical concerns or questions, consult a professional.

Remember, consistency and patience are key. Start with small, achievable goals and gradually increase the intensity and difficulty of your workouts as you progress.",88.60153695127228,1.0395380116683009e-15,99.75722985157887,44.30076847563614
What are some good exercises for beginners?,"As a beginner, it's essential to start with exercises that are low-impact, easy to learn, and gradually build your endurance and strength. Here are some excellent exercises for beginners:

**Cardio Exercises:**

1.  **Walking**: A simple and accessible exercise that can be done anywhere. Start with short walks and gradually increase the duration and intensity.
2.  **Jogging**: A great way to improve cardiovascular health. Begin with short intervals and gradually increase the duration.
3.  **Swimming**: Low-impact exercise that's easy on the joints. Start with short laps and gradually increase the distance.
4.  **Cycling**: Use a stationary bike or a regular bike to improve cardiovascular health and legs.

**Strength Training Exercises:**

1.  **Squats**: Targets the legs, glutes, and core muscles. Stand with feet shoulder-width apart, then bend your knees and lower your body down.
2.  **Push-ups**: Works the chest, shoulders, and triceps. Start in a plank position, lower your body down, and push back up.
3.  **Lunges**: Targets the legs, glutes, and core muscles. Stand with feet together, take a step forward with one foot, and lower your body down.
4.  **Planks**: Engages the core muscles and improves posture. Start in a plank position, hold for 30 seconds to a minute, and rest.

**Yoga and Flexibility Exercises:**

1.  **Downward-Facing Dog**: Stretches the back, hamstrings, and calves. Start on all fours, lift your hips up, and stretch your body.
2.  **Warrior Pose**: Stretches the hips, thighs, and calves. Stand with feet wide apart, bend your front knee, and stretch your arms out.
3.  **Seated Forward Fold**: Stretches the back, hamstrings, and calves. Sit on the ground with your legs extended, and lean forward.
4.  **Tree Pose**: Improves balance and engages the core muscles. Stand on one leg, lift the other leg up, and balance.

**Remember to:**

1.  **Start slow**: Begin with short sessions and gradually increase the duration and intensity.
2.  **Listen to your body**: Rest when needed and avoid pushing yourself too hard.
3.  **Warm up and cool down**: Before and after exercises, warm up with light cardio and stretching, and cool down to prevent injuries.
4.  **Consult a doctor or trainer**: Before starting any new exercise routine, consult with a doctor or a personal trainer to ensure you're healthy enough for physical activity.

Always prioritize your health and safety, and don't hesitate to ask for guidance when needed.",87.50328157278798,1.8244460284478726e-15,99.99999835762003,43.75164078639399
Can you tell me about the history of jazz?,"Jazz is a complex and diverse genre of music that has a rich and fascinating history. I'll try to provide a concise overview of its evolution:

**Early Beginnings ( Late 19th and Early 20th centuries)**

Jazz originated in the late 19th and early 20th centuries in the southern United States, particularly in New Orleans, Louisiana. The city's unique blend of African, European, and Caribbean cultures created a melting pot of musical influences. African American musicians, such as Buddy Bolden and Jelly Roll Morton, merged elements of blues, ragtime, and marching band music to create a new style.

**The Birth of Jazz (1900s-1910s)**

In the early 1900s, jazz music began to take shape as a distinct genre. Buddy Bolden's cornet playing and Jelly Roll Morton's piano playing pioneered the style, which emphasized improvisation, syncopated rhythms, and polyphony (multiple melodies played simultaneously). This period also saw the emergence of jazz bands and dance halls, which helped spread the music throughout the United States.

**New Orleans Jazz (1910s-1920s)**

In the 1910s and 1920s, New Orleans jazz became a vibrant force, with musicians like King Oliver, Sidney Bechet, and Louis Armstrong rising to prominence. This style, characterized by clarinet-dominated bands, emphasized collective improvisation and a strong focus on group dynamics.

**Swing Era (1920s-1930s)**

As jazz spread throughout the United States, a new style emerged in the 1920s and 1930s: swing. Characterized by big bands, led by conductors like Duke Ellington, Count Basie, and Benny Goodman, swing emphasized a strong, driving rhythm and solo improvisations. Swing jazz became a staple of dance music, with the rise of Lindy hop and jitterbug dances.

**Be-Bop and Cool Jazz (1940s)**

During World War II, a new movement emerged in jazz, led by pioneers like Charlie Parker, Dizzy Gillespie, and Thelonious Monk. Be-bop, characterized by fast tempos, complex harmonies, and improvisations, became a revolutionary force in jazz. Cool jazz, with its relaxed, introspective style, also gained popularity during this period, influenced by musicians like Miles Davis, John Coltrane, and Bill Evans.

**Free Jazz and Fusion (1950s-1960s)**

In the 1950s and 1960s, free jazz and fusion emerged as radical new directions in the genre. Ornette Coleman, Cecil Taylor, and John Coltrane pioneered avant-garde styles, while Miles Davis and Herbie Hancock explored fusion, blending jazz with rock, funk, and electronic music.

**Jazz Fusion and Electric Jazz (1970s)**

The 1970s saw the rise of fusion and electric jazz, led",87.90084434144137,3.0389896881425027e-14,92.79267503807303,43.9504221707207
Can you tell me about the history of jazz?,"Jazz is a diverse and complex genre of music with a rich history that spans over a century. I'll provide an overview of its development, major milestones, and notable musicians that helped shape the genre.

**Early Beginnings (Late 19th-Early 20th century)**
---------------------------

The origins of jazz are often debated among music historians, with various theories and influences. However, some key events and styles eventually contribute to the emergence of jazz:

1.  **African American traditions**: Jazz draws from African American music traditions, such as blues, gospel, work songs, and field hollers.
2.  **New Orleans Creole music**: The cultural melting pot of New Orleans brought together European, African, and Caribbean musical styles, resulting in the creole music of Louisiana.
3.  **Blues**: The blues, a specific style of music characterized by soulful melodies and emotive lyrics, developed in the rural South.

**The Emergence of Jazz (1900s-1920s)**
----------------------------------------

1.  **Instrumental innovations**: Innovations in instrumental techniques, such as improvisation and polyphony, emerged in New Orleans, particularly with the cornet, trombone, and piano.
2.  **New Orleans jazz**: The city's unique cultural mix led to the development of a distinct jazz sound, characterized by collective improvisation and syncopated rhythms.
3.  **Dixieland jazz**: A style of jazz that evolved in the 1910s, characterized by its emphasis on collective improvisation, ragtime influences, and a focus on melodic and harmonic complexity.

**Swing and Bebop (1920s-1940s)**
---------------------------

1.  **Swing jazz**: Big bands, led by charismatic bandleaders like Duke Ellington and Count Basie, became popular, featuring full horn sections and a strong emphasis on rhythm.
2.  **Bebop**: A fast-paced, complex style pioneered by Charlie Parker, Dizzy Gillespie, and Thelonious Monk, which emphasized individual instrumental virtuosity and harmonic experimentation.
3.  **Bebop innovation**: The 1940s saw a rapid evolution of bebop, with new techniques like harmonic substitution and advanced soloing.

**Cool Jazz and Hard Bop (1940s-1950s)**
-----------------------------------------

1.  **Cool jazz**: A laid-back, melodic style that emphasized smooth and introspective moods, exemplified by musicians like Miles Davis and Chet Baker.
2.  **Hard bop**: A fusion of bebop and rhythm and blues (R&B), which added a greater emphasis on blues influences and improvisation, pioneered by musicians such as John Coltrane and Art Blakey.

**Free Jazz and Fusion (1960s-1970s)**
--------------------------------------

1.  **Free jazz**: A radical departure from traditional jazz, characterized by avant-g",82.18034253152874,1.0541194668753038e-15,89.90189096636884,41.09017126576437
Can you tell me about the history of jazz?,"Jazz is a genre of music that originated in the late 19th and early 20th centuries in the southern United States, particularly in New Orleans, Louisiana. The history of jazz is complex and multifaceted, with various influences and styles emerging over time. Here's a brief overview:

**Early Beginnings ( Late 19th and Early 20th Centuries)**

Jazz evolved from a blend of African American music traditions, including blues, ragtime, gospel, and swing. African American musicians in New Orleans, Baltimore, and other cities combined these styles with European instruments and musical structures to create a unique sound. Early jazz musicians, such as Buddy Bolden, Jelly Roll Morton, and Sidney Bechet, were influenced by the city's multicultural environment and the social, economic, and cultural conditions of the time.

**New Orleans Jazz (1900s-1920s)**

New Orleans became the hub of jazz music, with musicians like Louis Armstrong, Kid Ory, and Clarence Williams creating a distinct style known as Dixieland jazz. This style emphasized collective improvisation, solo improvisation, and a strong rhythmic pulse. African American communities in New Orleans played a significant role in shaping the genre, and the city's music scene was characterized by a mix of musical traditions, including blues, gospel, and Afro-Caribbean rhythms.

**Swing and Big Bands (1920s-1940s)**

As jazz spread to other cities, the style evolved into swing, characterized by larger ensembles, elaborate arrangements, and a strong emphasis on solo virtuosity. Iconic big bands, such as Duke Ellington's and Count Basie's, emerged during this period, with musicians like Duke Ellington, Benny Goodman, and Artie Shaw becoming household names.

**Be-Bop and Cool Jazz (1940s-1950s)**

The be-bop style, associated with Charlie Parker and Dizzy Gillespie, introduced a faster tempo and more complex harmonies, pushing the boundaries of improvisational soloing. Cool jazz, characterized by its relaxed, introspective sound, emerged in the 1950s with musicians like Miles Davis and Chet Baker.

**Free Jazz (1950s-1960s)**

Free jazz and avant-garde movements, led by innovators like John Coltrane, Ornette Coleman, and Cecil Taylor, rejected traditional harmonic and melodic structures in favor of experimentation and freedom. This subgenre emphasized collective improvisation and pushed the limits of jazz expression.

**Latin Jazz and Fusion (1960s-1970s)**

Latin American rhythms and European classical music influenced the development of Latin jazz, with musicians like Puente, Tito Puente, and Eddie Palmieri incorporating salsa, bossa nova, and other Latin American styles into their music. Fusion, led by musicians like Miles Davis and Herbie Hancock, combined jazz with rock, funk, and electronic music.

**Modern Jazz (",87.56663638412375,2.654553307838272e-15,90.29120885596363,43.78331819206188
Can you tell me about the history of jazz?,"Jazz is a rich and complex genre of music with a fascinating history that spans over a century. Here's a brief overview:

**Early Beginnings (1890s-1910s)**

Jazz originated in the southern United States, primarily in the city of New Orleans, Louisiana. It was influenced by African American work songs, spirituals, blues, ragtime, and European classical music. The genre was shaped by the city's unique cultural melting pot of African, French, Spanish, and Caribbean influences.

**Creole and Swing Bands (1910s-1930s)**

In the early 20th century, Louisiana bands like the Creole Jazz Band and the New Orleans Rhythm Kings popularized jazz music in the southern United States. These bands featured a mix of brass instruments, piano, and banjo. The music was heavily influenced by ragtime and blues.

**The Rise of Swing (1930s-1940s)**

As jazz spread throughout the country, it became more commercialized, and swing music emerged as a dominant force. Swing was characterized by its strong emphasis on big bands, horn sections, and a distinct ""swing"" rhythm. Legendary bandleaders like Duke Ellington, Count Basie, and Benny Goodman helped shape the sound of swing.

**Bebop and Cool Jazz (1940s-1950s)**

Post-World War II, a new style emerged, known as bebop. This style was characterized by fast tempos, complex harmonies, and virtuosic instrumental improvisations. Chet Baker, Miles Davis, and Thelonious Monk were among the influential musicians of this era. The cool jazz style, also known as ""cool cats,"" emphasized a more relaxed, introspective approach to jazz.

**Free Jazz and Fusion (1950s-1960s)**

The 1950s and 1960s saw the rise of free jazz, which emphasized improvisation and experimentation. Ornette Coleman, John Coltrane, and Charles Mingus were pioneers of this movement. At the same time, jazz fusion emerged, incorporating elements of rock, funk, and electronic music. Artists like Miles Davis, Herbie Hancock, and Wayne Shorter explored this new direction.

**Latin and Brazilian Influences (1960s-1970s)**

In the 1960s and 1970s, jazz began to incorporate Latin and Brazilian influences. This led to the development of jazz-funk, jazz-rumba, and Latin jazz. Artists like Wes Montgomery, Billy Strayhorn, and Sergio Mendes & Brasil '66 popularized this style.

**Acid Jazz and Smooth Jazz (1970s-1980s)**

The 1970s and 1980s saw the rise of acid jazz, a genre characterized by strong emphasis on rhythm and electronic production. Artists like Roy Ayers and Grover Washington Jr. embodied this style. Smooth jazz emerged as a pop",90.26954855824701,5.923109047019028e-16,93.88133775278692,45.134774279123505
Can you tell me about the history of jazz?,"Jazz is a genre of music that originated in the late 19th and early 20th centuries in the southern United States, particularly in New Orleans, Louisiana. The history of jazz is complex and rich, spanning over a century. Here's a brief overview:

**Early Beginnings (1865-1900)**

Jazz is rooted in African-American music traditions, including work songs, spirituals, and blues. Enslaved Africans brought their musical traditions to the Americas, where they blended with European influences, such as folk music and string band styles. After the Civil War, African-American communities in the southern United States developed their own unique musical styles, including minstrel shows, which featured African-American performers in comedic sketches and music.

**Blues and Ragtime (1900-1915)**

The blues, a genre of music characterized by soulful, emotive melodies, emerged in the late 19th century. Blues musicians, such as W.C. Handy, Bessie Smith, and Louis Armstrong, drew on African-American musical traditions, including work songs, spirituals, and field hollers. Ragtime, a style of music characterized by syncopated rhythms and complex melodies, also emerged during this period, thanks to musicians such as Scott Joplin and James Scott.

**Dixieland Jazz (1915-1925)**

In New Orleans, African-American musicians developed a style of music known as Dixieland jazz, characterized by a strong emphasis on improvisation, polyrhythms, and polyphonic harmony. Dixieland jazz was influenced by a range of musical traditions, including blues, ragtime, and marching band music. New Orleans jazz musicians, such as Buddy Bolden, Jelly Roll Morton, and Sidney Bechet, were among the first to develop this style.

**Swing and Big Bands (1925-1945)**

In the 1920s and 1930s, jazz began to gain popularity nationwide, with the emergence of swing bands, led by bandleaders such as Duke Ellington, Count Basie, and Benny Goodman. These bands featured large ensembles, with brass sections, saxophones, and rhythm sections, and were characterized by strong ensemble playing and soloing. The swing era saw the rise of jazz icons such as Louis Armstrong, Benny Carter, and Billie Holiday.

**Bebop and Cool Jazz (1945-1960)**

After World War II, a new style of jazz emerged, known as bebop. Bebop was characterized by fast tempos, complex harmonies, and intricate solos, and was popularized by musicians such as Charlie Parker, Dizzy Gillespie, and Thelonious Monk. Bebop also gave rise to the development of cool jazz, a style characterized by a more laid-back, introspective approach, exemplified by musicians such as Miles Davis, John Coltrane, and Bill Evans.

**",91.19320943929138,8.70394520666419e-15,93.6423902013846,45.5966047196457
What should I consider when buying a new car?,"When buying a new car, there are several factors to consider to ensure you make an informed decision. Here are some key considerations:

1. **Budget**: Determine how much you can afford to spend on a car, including the purchase price, financing costs, insurance, fuel, maintenance, and repairs.
2. **Needs and priorities**: Consider your lifestyle, driving habits, and requirements. Do you need a car for daily commuting, long road trips, or off-road adventures? Do you have a large or small family?
3. **Fuel efficiency**: Consider the fuel type (gasoline, diesel, hybrid, or electric) and estimated fuel economy to determine your running costs.
4. **Safety features**: Look for models with advanced safety features, such as airbags, anti-lock brakes, electronic stability control, and lane departure warning systems.
5. **Reliability and durability**: Check reliability and durability ratings from sources like Consumer Reports or J.D. Power to ensure the car will last for many years.
6. **Maintenance and repair costs**: Consider the cost of maintenance, repairs, and replacement parts. Some cars may be more expensive to maintain than others.
7. **Insurance costs**: Research insurance costs for the car you're interested in, as some models may be more expensive to insure.
8. **Warranty and support**: Check the length of the manufacturer's warranty and after-sales support, including roadside assistance and service centers.
9. **Test drive**: Take the car for a spin to ensure it's comfortable, handles well, and meets your expectations.
10. **Test the features**: Test the features, such as infotainment systems, navigation, and safety features, to ensure they meet your needs.
11. **Space and comfort**: Consider the interior space, comfort, and cargo capacity to ensure it fits your needs.
12. **Model year and trim level**: Consider the model year and trim level to determine if it's a good value for your money.
13. **Resale value**: Research the car's resale value to ensure it will hold its value over time.
14. **Dealer or private sale**: Decide whether to purchase from a dealership or a private seller, considering the pros and cons of each option.
15. **Certification**: Look for certified pre-owned or certified used cars, which have been inspected and certified by the manufacturer or dealership.
16. **Additional costs**: Be aware of additional costs, such as registration fees, taxes, and title fees.
17. **Financing options**: Research financing options, such as loans or leasing, and compare interest rates and terms.
18. **Compare models**: Research and compare different models to find the best fit for your needs and budget.
19. **Check the history**: Use services like Carfax or AutoCheck to check the car's history, including any accidents, floods, or previous owners.
20. **Get a mechanic's inspection**: Consider hiring a mechanic to inspect the car before purchasing to identify any potential",85.53260549347743,1.117608687077892e-14,93.64102426738228,42.766302746738724
What should I consider when buying a new car?,"When buying a new car, there are several factors you should consider to ensure you make an informed decision that meets your needs and budget. Here are some key things to think about:

1. **Budget**: Determine how much you can afford to spend on a car, including the purchase price, financing costs, insurance, fuel, maintenance, and repairs.
2. **Needs and wants**: Consider how you will use the car. Do you need a family vehicle, a daily commuter, or a vehicle for occasional weekend trips? Do you want a luxury or a budget-friendly option?
3. **Size and type**: Think about the size of the car you need. Do you prefer a compact car, sedan, SUV, truck, or crossover? Consider the number of passengers and cargo space you require.
4. **Fuel efficiency**: If you want to save on fuel costs, look for a car with good fuel economy. Consider the type of fuel it requires (gasoline, diesel, electric, or hybrid).
5. **Safety features**: Ensure the car has essential safety features, such as airbags, anti-lock brakes, and electronic stability control.
6. **Reliability and durability**: Research the car's reliability and durability to avoid costly repairs and maintenance.
7. **Test drive**: Always test drive the car before buying to get a feel for its performance, handling, and comfort.
8. **Resale value**: Consider the car's resale value, as it can impact the return on investment if you decide to sell the car in the future.
9. **Warranty and maintenance**: Check the length and terms of the manufacturer's warranty, as well as the estimated maintenance costs.
10. **Insurance**: Research insurance costs and compare quotes from different insurance providers to find the best deal.
11. **Certifications**: Look for certified pre-owned vehicles, which have been inspected and reconditioned to meet certain quality standards.
12. **Dealership reputation**: Research the dealership's reputation, customer reviews, and ratings.
13. **Pricing and financing options**: Compare prices and financing options from different lenders, including dealerships, banks, and online lenders.
14. **Tax benefits**: Check if you qualify for any tax benefits or incentives for purchasing an electric or hybrid vehicle.
15. **Environmental concerns**: Consider the car's environmental impact, such as emissions and pollution, if that's a concern for you.

Additionally, consider the following during the process:

* Research and compare different models and brands
* Check for recalls and safety recalls
* Read reviews from experts and owners
* Consider certified pre-owned vehicles
* Don't fall for high-pressure sales tactics
* Take your time to make a decision

By considering these factors, you'll be well-prepared to find the right car for your needs and budget.",86.96297063797344,1.3911337404374716e-11,97.82262512623375,43.48148531899368
What should I consider when buying a new car?,"When buying a new car, there are several factors to consider to ensure you make an informed decision. Here are the key things to consider:

1.  **Budget:** Determine how much you can afford to spend on a car, including the purchase price, financing costs, insurance, fuel, maintenance, repairs, and registration.
2.  **Needs:** Identify your needs and preferences:
	* How many passengers will the car accommodate?
	* Do you need a specific size or type of vehicle (e.g., sedan, SUV, truck, hatchback)?
	* Do you prioritize fuel efficiency, handling, or cargo space?
	* Will you be driving in harsh weather conditions (e.g., snow, extreme heat)?
3.  **Safety features:** Consider the safety features that are essential to you and your passengers:
	* Airbags
	* Antilock brakes
	* Electronic stability control
	* Lane departure warning systems
	* Blind spot monitoring
	* Rearview camera
4.  **Reliability and durability:** Research the car's reliability and durability:
	* Check reliability and satisfaction ratings from organizations like Consumer Reports
	* Look at the car's maintenance and repair history
	* Check the warranty and maintenance costs
5.  **Fuel efficiency:** Consider the fuel efficiency of the car:
	* Gasoline or diesel engine
	* Hybrid or electric vehicle
	* Miles per gallon (mpg) or kilometers per liter (km/l)
6.  **Test drive:** Test drive the car to get a feel for its performance and handling:
	* Take it on different types of roads (e.g., highways, city streets)
	* Check the acceleration, braking, and maneuverability
7.  **Warranty and maintenance:** Consider the manufacturer's warranty and maintenance requirements:
	* Length and coverage of the warranty
	* Maintenance costs and schedule
	* Availability of spare parts and repair services
8.  **Insurance costs:** Research insurance costs and rates:
	* Compare insurance rates from different providers
	* Consider factors that may affect insurance costs (e.g., age, driving history, location)
9.  **Resale value:** Consider the car's resale value:
	* Research the car's market value
	* Check the depreciation rate of the vehicle
10. **Dealership or private sale:** Decide whether to buy from a dealership or a private seller:
	* Research the dealership's reputation and reviews
	* Consider the advantages and disadvantages of buying from a private seller (e.g., potentially lower prices, higher risks)
11.  **Certifications and inspections:** Check for any certifications or inspections:
	* Safety certifications (e.g., crash testing ratings)
	* Environmental certifications (e.g., emissions ratings)
	* Pre-owned vehicle certifications from organizations like CARFAX or the National Automobile Dealers Association (NADA)
12.  **Financing options:** Consider your financing options",89.41291176668145,9.276502842197081e-15,94.95691208479401,44.70645588334073
What should I consider when buying a new car?,"When buying a new car, there are several factors to consider to ensure you make an informed decision. Here's a comprehensive list to help you decide:

1.  **Budget**: Determine your budget, including the purchase price, financing costs, insurance, fuel, maintenance, and repairs. Consider both upfront costs and ongoing expenses.
2.  **Purpose**: Think about how you will use the car. Will it be for daily driving, long trips, family use, or recreational activities? This will help determine the type of vehicle and features you need.
3.  **Size and Space**: Consider the number of passengers and cargo you need to accommodate. If you have a large family, a bigger vehicle might be necessary, while a smaller car might suit a solo driver or couple.
4.  **Fuel Efficiency**: Think about fuel costs and consider a car with good fuel economy if you drive long distances or commute daily.
5.  **Safety Features**: Look for vehicles with advanced safety features such as airbags, anti-lock braking systems, and electronic stability control.
6.  **Make and Model**: Research different brands, models, and models years to find one that fits your needs and budget. Check reliability, performance, and reviews from other owners.
7.  **Reliability and Durability**: Consider a car with a good reliability history and durable components to minimize maintenance and repair costs.
8.  **Test Drive**: Test drive the car to get a feel for its handling, comfort, and features.
9.  **Warranty and Maintenance**: Check the length and terms of the manufacturer's warranty and maintenance requirements. Some cars have lower maintenance costs than others.
10.  **Insurance Costs**: Research insurance costs for the car, including premiums and deductibles. Some cars may have lower insurance rates than others.
11.  **Environmental Impact**: Consider a car with low emissions or environmentally friendly features if you're concerned about the environment.
12.  **Resale Value**: Think about the car's resale value and how it will hold up in the future.
13.  **Technology and Features**: Consider the car's infotainment system, driver assistance features, and convenience features such as heated seats and Bluetooth connectivity.
14.  **Certification and Safety Ratings**: Check the car's safety ratings and certifications, such as a 5-star safety rating from the National Highway Traffic Safety Administration (NHTSA) or a Top Safety Pick+ rating from the Insurance Institute for Highway Safety (IIHS).
15.  **Additional Costs**: Factor in any additional costs, such as registration fees, taxes, and any upgrades or accessories.

By carefully considering these factors, you can make an informed decision and find the right car for your needs and budget.",89.14975804149917,1.7139084315374512e-15,99.99900761366752,44.574879020749584
What should I consider when buying a new car?,"When buying a new car, there are several key factors to consider to make an informed decision. Here are some essential things to consider:

1.  **Budget**: Determine how much you can afford to spend on a car, including purchase price, financing costs, insurance, fuel, maintenance, and repairs. Consider your income, expenses, and credit score.
2.  **Needs and Use**: Think about how you'll be using the car. Will it be for daily commuting, road trips, or hauling groceries? Consider the number of passengers, cargo space needed, and towing capacity if necessary.
3.  **Fuel Type**: Decide between gasoline, diesel, hybrid, electric, or alternative fuel options. Electric vehicles, for example, might save you money on fuel costs in the long run but require charging infrastructure.
4.  **Comfort and Features**: Think about the amenities you require, such as heated seats, infotainment systems, and safety features like advanced airbags and lane departure warning.
5.  **Maintenance Costs**: Research the car's reliability, maintenance costs, and expected life span of major components. Consider the cost of replacement parts and labor when calculating the total cost of ownership.
6.  **Insurance and Registration**: Look into insurance premiums, registration fees, and any additional costs associated with owning the car, such as emissions testing or titling fees.
7.  **Resale Value**: Research the car's expected resale value to ensure you can sell it in the future or trade-in a higher value vehicle.
8.  **Test Drive**: Take the car for a spin to get a feel for the vehicle's performance, handling, and comfort.
9.  **Warranty and Support**: Check the manufacturer's warranty, roadside assistance, and customer support in case you encounter issues with the vehicle.
10. **Safety Features**: Look for cars with top safety ratings and advanced safety features like blind-spot monitoring, lane keeping assist, and automatic emergency braking.
11.  **Environmental Impact**: Consider the car's environmental impact, including its fuel efficiency, emissions, and recyclability.
12.  **Brand and Reputation**: Research the car manufacturer's reputation for quality, reliability, and customer satisfaction.
13.  **Certification and Inspection**: Verify the car's certification and inspection status to ensure it meets industry standards and has not been in any major accidents.
14.  **Financing Options**: Explore financing options, such as interest rates and terms, to ensure the purchase price fits your budget.
15.  **Comparable Models**: Research similar models to compare prices, features, and reviews to ensure you're making an informed decision.

By carefully considering these factors, you'll be able to find the right car that meets your needs, budget, and preferences.",89.52456742919016,2.4937220533263597e-15,99.99700350145189,44.76228371459508
How do I approach my boss about a raise?,"Approaching your boss about a raise can be a challenging but necessary step in your career. Here's a step-by-step guide to help you prepare and increase your chances of a successful conversation:

**Before the conversation:**

1.  **Research your worth**: Look at salary data from reputable sources such as Glassdoor, PayScale, or the Bureau of Labor Statistics to determine the average salary for someone in your position and industry.
2.  **Track your achievements**: Make a list of your accomplishments and contributions to the company, including any positive feedback from coworkers, successful projects, and ways you've exceeded your job responsibilities.
3.  **Prepare your case**: Write down specific examples of your achievements and how they've positively impacted the company. Emphasize your value to the organization.
4.  **Identify your goals**: Consider what you're looking for in a raise – is it a specific dollar amount, a title change, or additional benefits?

**During the conversation:**

1.  **Schedule a meeting**: Request a meeting with your boss to discuss your salary. Choose a time when your boss is likely to be available and not too busy or distracted.
2.  **Be confident and assertive**: Maintain a confident and professional demeanor during the conversation. Avoid apologetic or hesitant language.
3.  **State your case**: Share your research and highlight your achievements, emphasizing how they've positively impacted the company.
4.  **Specify what you're asking for**: Clearly state the specific raise or benefits you're seeking. Be prepared to negotiate and have a backup plan in case your initial request is rejected.
5.  **Listen actively**: Pay attention to your boss's response and concerns. Be open to their perspective and willing to compromise.

**After the conversation:**

1.  **Follow up in writing**: Send a summary of your discussion to your boss, reiterating your ask and any agreements or next steps discussed.
2.  **Be patient**: It may take time for your boss to review your request and discuss it with other stakeholders. Be patient and don't be afraid to follow up.

**Tips and advice:**

1.  **Timing is everything**: Avoid requesting a raise during busy or budget-constrained periods. Typically, the end of the year or after a successful project is a good time to ask for a raise.
2.  **Be prepared to discuss your long-term plans**: Share your career goals and aspirations with your boss, and explain how a raise will help you stay with the company.
3.  **Be open to negotiation**: Your boss may not be able to grant you the exact raise you're asking for. Be prepared to negotiate and find a mutually beneficial solution.

Remember, asking for a raise is a normal part of career development. It takes confidence, preparation, and effective communication to make a successful case for yourself.",88.1811282130353,3.2020024986182446e-15,99.99998855397038,44.09056410651765
How do I approach my boss about a raise?,"Approaching your boss about a raise can be a challenging but necessary conversation to have. Here's a step-by-step guide to help you prepare and increase your chances of a successful outcome:

**Before the conversation:**

1. **Research your worth**: Look at salary data from reputable sources like Glassdoor, Payscale, or the Bureau of Labor Statistics to determine the average salary for someone in your position and industry in your location.
2. **Keep a record of your achievements**: Make a list of your accomplishments, including any successful projects, positive feedback from coworkers or supervisors, and any additional responsibilities you've taken on.
3. **Set specific goals and targets**: Identify specific goals you've met or exceeded, and how they've positively impacted the company.
4. **Prepare your case**: Organize your thoughts, and be clear about why you deserve a raise.
5. **Choose the right time**: Schedule a meeting with your boss when your performance review is upcoming or when the company is financially stable.

**During the conversation:**

1. **Schedule a meeting**: Request a meeting with your boss to discuss your salary, and be specific about what you want to discuss.
2. **Confidence and assertiveness**: Approach the conversation with confidence and assertiveness, but also be open to feedback and negotiations.
3. **Start with positivity**: Begin the conversation by thanking your boss for their support and acknowledging your valued contributions to the company.
4. **State your case**: Present your research, highlight your achievements, and explain how they've positively impacted the company.
5. **Specifically ask for a raise**: Clearly state what you're asking for and be specific about the increase you're seeking.

**Example script**:

""Hi [Boss's Name], I wanted to discuss my salary with you. Over the past [X] months/years, I've made significant contributions to the company, including [list your achievements]. My research suggests that my salary is below market average for someone in my position, and I believe my hard work and dedication warrant a raise. I'm asking for a salary increase of [specific percentage or dollar amount]. I believe this is a reasonable ask, considering my productivity and the value I bring to the company.""

**After the conversation:**

1. **Be prepared for a ""no,"" but also be prepared for a counteroffer**: If your boss says no, ask what you can improve on, and ask if there's room for negotiation.
2. **Don't be discouraged**: A ""no"" is not a rejection of your worth, but rather a need for further evaluation or budget constraints.
3. **Follow up**: If your boss needs time to consider your request, ask for a timeline for their decision, and follow up with a gentle reminder.
4. **Be professional and open-minded**: If your boss suggests a counteroffer, consider their proposal and negotiate in good faith.

Remember, approaching your boss about a raise is a normal part of career development",84.78237444130997,3.633165824885959e-15,96.34209171148653,42.391187220654984
How do I approach my boss about a raise?,"Approaching your boss about a raise can be a challenging task, but here are some steps you can follow to increase your chances of a successful conversation:

1.  **Research your worth**: Start by researching the market rate for your position and industry. Use online resources such as Glassdoor, Payscale, or the Bureau of Labor Statistics to determine the average salary for someone in your position and with your level of experience.

2.  **Keep a record of your achievements**: Make a list of your accomplishments and contributions to the company. This can include successful projects, positive feedback from coworkers or supervisors, and any additional responsibilities you've taken on. Be specific and tie your achievements to specific goals or objectives.

3.  **Set a target salary range**: Based on your research and achievements, set a realistic target salary range that you feel comfortable with. Make sure it's not too high or too low.

4.  **Schedule a meeting**: Request a meeting with your boss to discuss your salary. Choose a time when your boss is likely to be available and not too busy or distracted.

5.  **Be confident and prepared**: During the meeting, be confident and prepared to discuss your value to the company. Share your research and achievements, and explain why you feel you deserve a raise. Be specific about what you're asking for and why.

6.  **Be open to negotiation**: Your boss may not be able to grant you the exact salary you're asking for, so be prepared to negotiate. Think about what you're willing to accept and be willing to compromise.

7.  **Be professional**: Remember to be professional and respectful during the conversation. Avoid making demands or threats, and focus on having a collaborative conversation.

Here are some tips to help you prepare for the conversation:

-   Be specific about your achievements and how they've positively impacted the company.
-   Emphasize your value to the company, including your skills, experience, and contributions.
-   Be prepared to discuss your long-term goals and how they align with the company's goals.
-   Show appreciation for the company and your role in it.
-   Be open to feedback and suggestions from your boss.

Example script:

""Hi \[Boss's Name], I wanted to discuss my salary with you. I've been doing some research and I feel that my salary is below market average for someone with my experience and qualifications. I've been with the company for \[X] years and have consistently delivered high-quality results, taken on additional responsibilities, and received positive feedback from coworkers and supervisors. I believe my contributions warrant a salary increase to \[target salary range]. I'm hoping we can discuss the possibility of a raise to this amount.""

After the conversation:

-   Follow up with a summary of your discussion and any agreements or action items.
-   If not granted a raise, ask for feedback on what you can improve on and what you need to do to be considered for a raise in the",80.80035341337769,1.7988664719522843e-12,94.88451559404943,40.40017670668975
How do I approach my boss about a raise?,"Approaching your boss about a raise can be a challenging conversation, but it's a normal part of career development. Here's a step-by-step guide to help you prepare and make your case:

**Before the conversation:**

1.  **Track your accomplishments**: Make a list of your achievements and contributions to the company. This can include successful projects, positive feedback from coworkers or supervisors, and any additional responsibilities you've taken on.
2.  **Research industry standards**: Look at salary data from reputable sources like Glassdoor, PayScale, or the Bureau of Labor Statistics to determine the average salary for someone in your position and industry.
3.  **Identify your value**: Consider how your role has evolved and the value you've added to the company. Be specific about your accomplishments and how they've impacted the organization.
4.  **Set a target salary range**: Based on your research, set a realistic target salary range that you feel comfortable with. Be prepared to justify this number with evidence.
5.  **Prepare your case**: Organize your thoughts, and practice articulating your value and why you deserve a raise.

**The conversation:**

1.  **Schedule a meeting**: Request a private meeting with your boss to discuss your salary.
2.  **Start with positivity**: Begin the conversation by expressing your appreciation for your role and the company.
3.  **State your purpose**: Clearly explain that you'd like to discuss your salary, and provide a brief overview of your research and accomplishments.
4.  **Present your case**: Share your list of achievements, and explain how they've positively impacted the company. Be specific about what you've accomplished and how it's added value.
5.  **Discuss your target salary range**: Present your target salary range, and explain why you believe it's justified based on your research and contributions.
6.  **Listen to feedback**: Be open to your boss's response, and be prepared to discuss any concerns or areas for improvement.
7.  **Negotiate**: If your boss is unable to meet your target salary range, be prepared to negotiate and find a mutually agreeable solution.

**After the conversation:**

1.  **Follow up**: If you don't receive a decision during the meeting, ask for a specific timeline for a decision.
2.  **Be prepared to provide additional information**: If your boss needs more time to consider your request, be prepared to provide additional information or evidence to support your case.
3.  **Be professional**: Regardless of the outcome, maintain a professional demeanor and express gratitude for the opportunity to discuss your salary.",86.17009887253391,2.9783262686003247e-16,99.9999997198334,43.08504943626696
How do I approach my boss about a raise?,"Approaching your boss about a raise can be a challenging conversation, but it's a normal part of career development. Here's a step-by-step guide to help you prepare and make a strong case for a raise:

**Before the conversation:**

1.  **Research your worth:** Look at salary data from reputable sources such as Glassdoor, Payscale, or the Bureau of Labor Statistics to determine the average salary for someone in your position and industry in your area. This will give you a solid basis for your request.
2.  **Keep a record of your achievements:** Make a list of your accomplishments, successes, and contributions to the company. This can include successful projects, positive feedback from coworkers or supervisors, and any additional responsibilities you've taken on.
3.  **Identify your value:** Reflect on how your skills, experience, and achievements align with the company's goals and objectives. Be prepared to explain how your contributions have positively impacted the organization.
4.  **Set a target salary range:** Based on your research, set a realistic target salary range that you feel comfortable with. Make sure it's higher than your current salary, but not so high that it's unrealistic.
5.  **Schedule a meeting:** Request a meeting with your boss to discuss your salary, and choose a time when your boss is likely to be available and not too busy or distracted.

**During the conversation:**

1.  **Be confident and assertive:** Approach the conversation with confidence and a positive attitude. Avoid apologetic or hesitant language.
2.  **State your case:** Clearly and concisely explain your research, highlighting your achievements and the value you bring to the company. Emphasize your contributions and how they've positively impacted the organization.
3.  **Specify your request:** Clearly state your target salary range and explain why you believe it's justified. Be prepared to negotiate and be flexible.
4.  **Listen to feedback:** Be open to your boss's perspective and feedback. They may have concerns or limitations that you're not aware of.
5.  **Negotiate:** If your boss is unwilling to meet your target salary, be prepared to negotiate. Offer alternative solutions, such as additional benefits, training, or a performance-based raise.

**After the conversation:**

1.  **Follow up:** Send a summary of your discussion to your boss, reiterating your request and any agreed-upon next steps.
2.  **Be patient:** It may take some time for your boss to review your request and discuss it with others. Be patient and follow up if you haven't heard back within a reasonable timeframe.
3.  **Be prepared for a ""no"":** If your request is denied, ask for feedback and use it as an opportunity to learn and grow. You can also consider asking for a performance improvement plan or a review of your responsibilities.

**Additional tips:**

*   Be honest and transparent about your salary expectations and",85.97773195214924,1.2904548425338835e-12,94.92972198810037,42.98886597607527
What's the best way to remove a coffee stain from a white shirt?,"Removing coffee stains from white shirts can be a challenge, but there are several methods you can try. Here's a step-by-step guide to help you get rid of the stain:

**Immediate actions**:

1. **Act quickly**: The sooner you treat the stain, the better. Coffee can permanently bind to fabric over time, making it harder to remove.
2. **Blot, don't rub**: Gently blot the stain with a clean cloth or paper towel to remove any excess coffee. Avoid rubbing the stain as it can push it deeper into the fabric.

**Treatment methods**:

1. **Cold water and white vinegar**: Mix 1 part white vinegar with 2 parts cold water. Soak the stained area in the solution for about 10-15 minutes. Then, rinse with cold water and wash the shirt as usual.
2. **Baking soda and water**: Make a paste with baking soda and water. Apply it to the stain and let it sit for 30 minutes to an hour. Rinse with cold water and wash the shirt as usual.
3. **Hydrogen peroxide**: Mix equal parts hydrogen peroxide and water. Apply the solution to the stain and let it sit for 10-15 minutes. Rinse with cold water and wash the shirt as usual.
4. **Enzyme-based stain remover**: Apply an enzyme-based stain remover, such as OxiClean or Shout, directly to the stain. Follow the product instructions and wash the shirt as usual.
5. **Laundry detergent booster**: Apply a laundry detergent booster, such as OxiClean or Biz, directly to the stain. Follow the product instructions and wash the shirt as usual.

**Additional tips**:

1. **Pre-treat before washing**: Apply any of the above treatments before washing the shirt to increase the chances of removing the stain.
2. **Soak the shirt**: Soaking the shirt in a solution of cold water and laundry detergent can help loosen the stain before washing.
3. **Avoid using heat**: Heat can set the stain, making it harder to remove. Avoid using hot water or dryers when treating or washing the shirt.
4. **Repeat if necessary**: If the stain persists after the first treatment, repeat the process until the stain is gone.

**Preventing coffee stains in the future**:

1. **Use a stain-repellent product**: Apply a stain-repellent treatment to your shirt before wearing it.
2. **Drink carefully**: Be mindful of where you drink coffee and use a coaster or tray to protect your clothing from spills.
3. **Act quickly**: If you do spill coffee on your shirt, treat the stain immediately to increase the chances of removing it.

Remember that not all stains can be completely removed, especially if they've had time to set. However, by acting quickly and using the right methods, you can increase the chances of removing the stain and saving your white shirt.",73.4095839184359,7.14463330314678e-16,99.99591230570473,36.70479195921795
What's the best way to remove a coffee stain from a white shirt?,"The best way to remove a coffee stain from a white shirt depends on how quickly you act and the type of fabric. Here's a step-by-step guide:

**Immediate action: Act within minutes of the spill**

1. **Blot the stain**: Gently blot the stain with a clean cloth or paper towel. Don't rub the stain as it can push it deeper into the fabric.
2. **Neutralize the stain**: Mix 1 tablespoon of white vinegar with 2 tablespoons of water. Soak the stain in the solution for about 10 minutes. This will help neutralize the acidic properties of the coffee.
3. **Apply a stain remover**: Apply a stain remover like OxiClean, Shout, or Tide To Go directly to the stain. Follow the product's instructions and massage the solution into the stain.
4. **Rinse and blot**: Rinse the stain with cold water and blot it with a clean cloth.

**Soaking and laundry treatment**

If the stain persists:

1. **Soak the shirt**: Submerge the shirt in cold water and a laundry detergent specifically designed for protein-based stains (like OxiClean). Let it soak for several hours or overnight.
2. **Wash the shirt**: Wash the shirt in cold water using a laundry detergent that's designed for removing protein-based stains.
3. **Repeat if needed**: If the stain is still visible after washing, repeat the soaking and washing process until the stain disappears.

**Specialized solutions for delicate or silk/wool fabrics**

For delicate or silk/wool fabrics:

1. **Baking soda and water**: Mix baking soda and water to create a paste. Apply the paste to the stain and let it sit for about an hour before rinsing and laundering.
2. **Hydrogen peroxide**: Apply hydrogen peroxide to the stain and let it sit for about 10 minutes before rinsing and laundering.

**Preventing stains**

To prevent coffee stains from setting:

1. **Act quickly**: The sooner you treat the stain, the better.
2. **Use a stain repellent**: Apply a stain repellent like Scotchgard or Stain Stop to the entire shirt to help prevent stains from setting.
3. **Wash the shirt as soon as possible**: Wash the shirt as soon as possible to prevent the stain from setting.",85.93489355126343,1.0395380116663983e-15,94.9881911868244,42.967446775631714
What's the best way to remove a coffee stain from a white shirt?,"Removing a coffee stain from a white shirt can be challenging, but it's not impossible. Here are some steps to follow:

**Immediate Action**
--------------------

1. **Act quickly**: The sooner you treat the stain, the better. Coffee stains can permanently bond with the fabric if left untreated for too long.
2. **Blot, don't rub**: Use a clean cloth or paper towel to blot the stain and absorb as much of the coffee as possible. Avoid rubbing the stain, as this can push it deeper into the fabric.

**Removal Methods**
--------------------

### Method 1: Baking Soda and Water

1. Mix 1 tablespoon of baking soda with 2 tablespoons of water to form a paste.
2. Apply the paste to the stain and let it sit for 15-30 minutes.
3. Rinse the shirt with cold water, then launder as usual.

### Method 2: White Vinegar and Water

1. Mix equal parts white vinegar and water in a spray bottle.
2. Spray the solution onto the stain and let it sit for 15-30 minutes.
3. Rinse the shirt with cold water, then launder as usual.

### Method 3: Hydrogen Peroxide

1. Mix equal parts hydrogen peroxide and water in a spray bottle.
2. Spray the solution onto the stain and let it sit for 10-15 minutes.
3. Rinse the shirt with cold water, then launder as usual.

### Method 4: Dish Soap and Cold Water

1. Mix 1 tablespoon of mild dish soap with 2 cups of cold water.
2. Soak the shirt in the solution for several hours or overnight.
3. Launder the shirt as usual.

**Additional Tips**
-------------------

* If the stain is old or set, try soaking the shirt in cold water with a laundry detergent specifically designed for protein-based stains (like OxiClean) for several hours or overnight.
* Avoid using hot water, as it can set the stain and make it difficult to remove.
* Don't use bleach, as it can damage or discolor certain fabrics.
* If the stain is particularly stubborn, try repeating the removal methods a few times before giving up.

**Important:** Not all coffee stains can be completely removed, especially if they've had time to sit on the fabric. However, by acting quickly and using the right techniques, you may be able to remove most of the stain or reduce its visibility.",74.69393787527589,0.0,99.99907043240806,37.346968937637946
What's the best way to remove a coffee stain from a white shirt?,"Removing a coffee stain from a white shirt can be challenging, but there are several methods you can try before resorting to laundry or professional cleaning:

1.  **Act quickly**: The sooner you treat the stain, the better. Coffee stains can permanently bind to fabric if they're allowed to sit for too long.
2.  **Blot, don't rub**: Gently blot the stain with a clean cloth or paper towel to remove as much of the liquid as possible. Avoid rubbing the stain, as it may push it deeper into the fabric.
3.  **White vinegar and water**: Mix equal parts white vinegar and water in a spray bottle. Spray the solution onto the stain, let it sit for about 10 minutes, then blot with a clean cloth or paper towel. The acid in the vinegar can help break down the tannins in the coffee.
4.  **Baking soda and water**: Make a paste by mixing 1 tablespoon of baking soda with 2 tablespoons of cold water. Apply the paste to the stain and let it sit for about 30 minutes. Then, rinse with cold water and blot dry.
5.  **Hydrogen peroxide**: Apply hydrogen peroxide directly to the stain, let it sit for about 10 minutes, then rinse with cold water and blot dry.
6.  **Dish soap and cold water**: Apply a small amount of dish soap directly to the stain, rub gently with your fingers or a soft-bristled brush, and rinse with cold water. Blot dry.
7.  **Enzyme-based stain remover**: If the above methods don't work, try using an enzyme-based stain remover, which can break down protein-based stains like coffee.

**Additional tips:**

*   If the stain is very old or deeply set, you may need to repeat the above processes several times before it's completely gone.
*   Avoid using hot water, as it can set the stain and make it harder to remove.
*   Don't dry the shirt until the stain is completely gone, as heat can also set the stain.
*   Consider applying a stain shield or stain repellent to your shirt to protect it from future stains.",85.17661234092273,1.6100679690473366e-15,99.98509919815032,42.588306170461365
What's the best way to remove a coffee stain from a white shirt?,"Removing coffee stains from white shirts can be a challenging task. Here's a step-by-step guide to help you get rid of the stain:

**Immediate Action**

1. Act quickly: The sooner you treat the stain, the better. The longer you wait, the more time the coffee has to set, making it harder to remove.
2. Blot, don't rub: Gently blot the stain with a clean cloth or paper towel to remove any excess coffee. Avoid rubbing the stain as it can push it deeper into the fabric.

**Removal Methods**

1. **Baking Soda and Water**: Make a paste by mixing 1 tablespoon of baking soda with 2 tablespoons of water. Apply the paste directly onto the stain and let it sit for 30 minutes to an hour. Rinse with cold water and check if the stain has been removed.
2. **White Vinegar**: Dilute white vinegar with water (1:2 ratio) and apply it to the stain. Let it sit for about 10-15 minutes. Then, rinse with cold water and check if the stain has been removed.
3. **Hydrogen Peroxide**: Apply hydrogen peroxide directly onto the stain, let it sit for 10-15 minutes, and then rinse with cold water. Be cautious, as hydrogen peroxide can weaken or discolor certain fabrics.
4. **Dish soap and Water**: Apply dish soap directly onto the stain, work it into a lather, and rinse with cold water.
5. **Enzyme-based Stain Removers**: Enzyme-based stain removers, like OxiClean or Shout, can break down protein-based stains like coffee. Follow the product's instructions and test a small area first.

**Laundry Detergent**

1. Wash the shirt in cold water using a laundry detergent specifically designed to remove tough stains. Avoid using hot water, as it can set the stain.
2. If the stain persists, you can pre-treat the shirt with a laundry pre-treater or a detergent booster before washing.

**Additional Tips**

* Avoid using hot water, as it can set the stain.
* Don't use bleach on white fabrics, as it can weaken or discolor them.
* If the stain is particularly old or stubborn, you may need to repeat the removal process a few times before it's completely gone.
* Always test a small, inconspicuous area of the shirt before applying any removal methods to ensure the fabric won't be damaged.

Remember, not all stains can be completely removed, especially if they've had time to set. However, by acting quickly and using the right removal methods, you'll have a good chance of removing the coffee stain from your white shirt.",74.05781078980704,3.170411809775777e-16,99.997541299373,37.02890539490352
Can you explain the plot of Inception? I found it confusing.,"Inception is a complex film, so don't worry if it was confusing. I'll do my best to break it down for you.

**Warning: Spoilers ahead!**

Inception is a 2010 science fiction action film written and directed by Christopher Nolan. The movie follows the story of Cobb (played by Leonardo DiCaprio), a skilled thief who specializes in entering people's dreams and stealing their secrets.

**The Concept of Inception**

In the film, Cobb leads a team of thieves known as ""extractors"" who specialize in ""inception,"" the act of planting an idea in someone's mind instead of stealing one. The team is hired by a wealthy businessman named Saito (played by Ken Watanabe) to perform an inception on a powerful businessman, Robert Fischer (played by Cillian Murphy). Saito wants Cobb and his team to plant an idea in Fischer's mind to make him dissolve his father's company, which Saito wants to acquire.

**The Team and the Mission**

Cobb's team consists of:

* Arthur (played by Joseph Gordon-Levitt), a point man and logistical expert
* Ariadne (played by Ellen Page), an architect who designs the dreamscapes
* Eames (played by Tom Hardy), a forger who can mimic people's projections
* Saito (played by Ken Watanabe), the client

The team devises a plan to perform an inception on Fischer by creating a dream within a dream within a dream, also known as a "" Shared Dream"" or ""nested dream."" This is called a ""mnest."" The team plans to plant an idea in Fischer's mind that he should break up his father's company.

**The Heist**

The movie's primary action unfolds in the dream world, where the team navigates multiple levels of reality, including:

1. Level 1: The Extraction - Cobb (the ""architect"") enters Fischer's dream to plant the idea.
2. Level 2: The Dream Within a Dream - Cobb falls into a shared dream with his teammates, where they navigate the second level of reality.
3. Level 3: Reality - The team experiences the highest level of reality, but it's a level of illusion for Cobb.

**Cobb's Personal Storyline**

Throughout the film, Cobb's past comes to the forefront. His wife, Mal (played by Marion Cotillard), who was also an extractor, died, and Cobb's guilt and grief haunt him. He also has a son in reality, who he misses dearly. Cobb's emotional baggage and his need to prove his existence in reality affect his performance in the dream world.

**The Twist and Resolution**

The movie's climax features a complex twist: Cobb's projections of reality. The entire ""mnest"" is a dream, and Cobb is trapped in a state of limbo between the dream and reality worlds. In the final confrontation with Saito,",46.123786176616925,0.00011018458576401073,74.16825301572415,23.061948180601345
Can you explain the plot of Inception? I found it confusing.,"Don't worry, ""Inception"" can be a mind-bending film to grasp, but I'd be happy to help break it down for you.

**Inception** is a 2010 science fiction action film written and directed by Christopher Nolan. The story revolves around Cobb, a skilled thief who specializes in entering people's dreams and stealing their secrets. This is known as ""extracting"" information.

The movie's plot is complex, but I'll try to simplify it for you:

**Cobb's Background**: Cobb (Leonardo DiCaprio) is a skilled "" extractor"" who can enter people's dreams and steal their secrets. He's wanted for a crime in the outside world and is on the run with his wife, Mal (Marion Cotillard). During a botched heist, Cobb's wife dies, and Cobb is left with a subconscious guilt and a strained relationship with his children.

**The Mission**: Cobb is offered a chance to clear his name by a wealthy businessman, Saito (Ken Watanabe), who wants him to perform a reverse heist, called ""inception."" Inception involves planting an idea in someone's mind instead of stealing one. Saito wants Cobb to convince Robert Fischer (Cillian Murphy), the son of a dying business magnate, to dissolve his father's company. This would give Saito control of the company and its assets.

**The Team**: Cobb assembles a team of experts to help him with the mission: Arthur (Joseph Gordon-Levitt), a point man; Ariadne (Ellen Page), an architect who designs the dreamscape; Eames (Tom Hardy), a forger who can impersonate people in the dream world; and Saito, who joins the team to oversee the mission.

**The Plans**: The team must perform multiple levels of dream-sharing, each within the previous level (i.e., dreams within dreams). They plan to plant the idea to dissolve the company in Robert Fischer's mind. To achieve this, they create multiple levels of dreams:

1. Level 1: The team enters a dream within a dream (Level 2).
2. Level 2: They then enter a dream within a dream (Level 3), where they perform another level of extraction.
3. Level 3: They re-enter a dream within a dream (Level 4).
4. Level 4: They attempt to plant the idea in Robert Fischer's mind.

**Complications and Misdirection**: As the levels deepen, the team faces challenges and misadventures, including a mysterious figure known as ""projections"" or ""Forgetting."" Projections are manifestations of Cobb's subconscious, including his deceased wife, Mal, who appears in the dream world and threatens the mission.

**The Twist**: The film's climax reveals that:

1. The team is successful in planting the idea in Robert Fischer's mind (but this is the dream world).
2",70.32422039044278,0.0006746169347893078,76.02268104803261,35.16244750368878
Can you explain the plot of Inception? I found it confusing.,"The plot of Inception can be complex, but I'll try to break it down in a simpler way.

Inception is a 2010 science fiction action film written and directed by Christopher Nolan. The movie follows the story of Cobb (played by Leonardo DiCaprio), a skilled thief who specializes in entering people's dreams and stealing their secrets. These thieves are known as ""extractors,"" and they use a technique called ""shared dreaming"" to navigate and manipulate people's subconscious minds.

Here's a simplified summary of the plot:

**The Setup:** Cobb has four levels of dreams within dreams, which is called a ""memento mori"" (a dream that knows it's a dream). He's haunted by the death of his wife, Mal (played by Marion Cotillard), and is struggling to cope with her loss. He's wanted for a crime he didn't commit, and the authorities are after him.

**The Mission:** Cobb is approached by a wealthy businessman named Saito (played by Ken Watanabe), who wants Cobb to perform a difficult task: planting an idea (not stealing one) in someone's mind. The person is Robert Fischer (played by Cillian Murphy), the son of a dying business magnate. Saito wants Fischer to break up the old man's company, and he offers Cobb a chance to redeem himself and clear his name if he completes the task.

**The Heist:** Cobb assembles a team of experts: Arthur (played by Joseph Gordon-Levitt), a point man; Ariadne (played by Ellen Page), an architect who designs the dreamscapes; Eames (played by Tom Hardy), a forger who can impersonate individuals; and Saito, who joins the dream team.

**The Dream Sequence:** The team plans to perform a five-level dream extraction, where they will navigate through multiple levels of dreams within dreams. They will plant the idea in Fischer's mind and make him believe it's his own idea. However, things get complicated as Cobb's subconscious and past experiences start to interfere with the mission.

**The Twist:** As the dream levels unfold, Cobb's guilt over Mal's death and his desire to return home to his children become apparent. He's torn between his mission and his desire to be with his family. In the final level, it's revealed that Cobb's wife Mal was struggling with reality and Cobb's absence, which drove her to madness and eventually her death.

**The Ending:** The audience is left questioning whether Cobb is still in a dream or reality. Two ending scenarios are presented:

A **Ending 1:** Cobb is in a hotel corridor, standing in front of a spinning top. He's with his children, but it's unclear if this is reality or a dream. The top is spinning, which could represent a dream state.

B **Ending 2:** Cobb is in a reality-based reality, where his children are alive, and he's reunited with",42.181500134218176,5.434124670337371e-07,83.86814260141193,21.090750338815322
Can you explain the plot of Inception? I found it confusing.,"Inception is a complex and psychological movie, and it's normal to find it confusing. I'd be happy to help you break down the plot. Here's a simplified explanation:

** Warning: Spoilers ahead **

Inception is a sci-fi action film written and directed by Christopher Nolan. The movie follows Cobb (Leonardo DiCaprio), a skilled thief who specializes in entering people's dreams and stealing their secrets. Cobb is hired by a wealthy businessman named Saito (Ken Watanabe) to perform a task called ""inception"" – planting an idea in someone's mind instead of stealing one.

Here's the twist: Inception is to convince Robert Fischer (Cobb's mark), the son of a dying business magnate, to dissolve his father's company. However, Saito wants this idea to be implanted in Fischer's mind, making him willing to do it, without Saito's plan being perceived.

To achieve this, Cobb assembles a team of experts:

- Arthur (Joseph Gordon-Levitt): an architect, responsible for designing the dreams within dreams.
- Ariadne (Ellen Page): an architect who helped Arthur and designed the initial dream levels.
- Eames (Tom Hardy): a forger who can impersonate people in dreams.
- Saito: the businessman who hires Cobb and provides him with the resources.
- Ariadne becomes the fifth member, making it the five required to start the inception and create shared dreams.

**The dream levels**: The team plans to perform a multi-layered dream, starting with level 0 (the real world), then entering level 1, level 2 (the level within the dream), then entering the level 3 where they create a dream within a dream, and level 4, which is a dream within a dream within a dream. This is known as a memento mori - a shared dream.

However, things get complicated as Cobb's subconscious starts to take control. The events unfold with levels of dreams within dreams within dreams as the story progresses.

**The emotional connection and the twist**: Cobb's main goal is not just to perform the inception but to clear his name in a case of possible murder against his wife, Mal (Marion Cotillard). Cobb's guilt and emotional connection to his subconscious haunt him throughout the movie.

The ending reveals that Cobb is in prison in reality. The final twist: he is still in his own dream world the entire time. He never left the hotel corridor after planting the idea in Fischer's mind. It's likely Cobb can't be with his children because he's trapped in this shared dream world forever.",48.821950739011626,24.588618729536947,64.95225152935011,36.70528473427429
Can you explain the plot of Inception? I found it confusing.,"Inception is an action-packed sci-fi action film written and directed by Christopher Nolan. Released in 2010, the film's complex plot can indeed be tricky to follow. I'll break it down for you:

**Warning: Spoilers ahead**

The movie revolves around Cobb (Leonardo DiCaprio), a skilled thief who specializes in entering people's dreams and stealing their secrets. Cobb is hired by a wealthy businessman named Saito (Ken Watanabe) to perform a task known as ""inception"" – planting an idea in someone's mind instead of stealing one.

Saito wants Cobb to convince Robert Fischer (Cillian Murphy), the son of a dying business magnate, to dissolve his father's company. In return, Saito promises to clear Cobb's name, which is wanted by the authorities for a crime he may or may not have committed.

Cobb assembles a team of experts to help him with the mission:

1.  **Arthur (Joseph Gordon-Levitt)**: An architect who helps design the dreamscape.
2.  **Ariadne (Ellen Page)**: An architect who helps design the dreamscape and is also Arthur's love interest.
3.  **Eames (Tom Hardy)**: A forger who can impersonate people in the dream world.
4.  **Yusuf (Dileep Rao)**: A chemist who provides the team with a sedative called ""extractor"" that allows them to control the shared dream state.

The team plants the idea in Robert Fischer's mind that he should break up his father's company. However, things get complicated when it becomes clear that the team's own projections and the boundaries between reality and dreams become blurred.

**The Dream Within Dreams**

The core of the plot revolves around multiple levels of dreams within dreams. Cobb and his team enter Robert Fischer's dream, but the target of the mission becomes the idea of entering a dream within a dream within another dream. This nested concept creates a complex web of reality and unreality, making it challenging to keep track of what's real and what's a dream.

**The Ending Explained**

The film's ending is often considered one of the most confusing and debated aspects. Cobb's wife, **Mal (Marion Cotillard)**, is often the key to understanding the film's conclusion. Cobb and Mal have a complicated past, and her presence in his subconscious affects his actions throughout the film.

When Cobb returns home, he finds his children playing with top-spinning spinning tops, which symbolize his desire to stay in touch with reality. The main question is whether Cobb is in reality or still in a dream state. This ambiguity leaves the audience to ponder the ending, and there are multiple interpretations.

Here are a few possible explanations:

*   Cobb is in reality and has reconnected with his children.
*   Cobb is still in a dream state and must find a way to return to reality.
*",64.03122152539983,4.144637992686148e-09,86.89453522837154,32.015610764772234
What's the difference between a virus and a bacteria?,"Viruses and bacteria are two types of microorganisms that cause diseases and infections in humans, animals, and plants. While they share some similarities, they have distinct differences in terms of their structure, composition, and behavior.

**Key differences:**

1.  **Structure:**
    *   Bacteria (also known as prokaryotes) are single-celled organisms with a distinct cell wall that contains DNA and proteins.
    *   Viruses (also known as obligate parasites) are not living cells, but rather a piece of genetic material (DNA or RNA) surrounded by a protein coat called a capsid.
2.  **Lifespan:**
    *   Bacteria are self-replicating and can reproduce on their own.
    *   Viruses require a host cell to replicate and are dependent on the host for their survival and reproduction.
3.  **Cellular components:**
    *   Bacteria have cellular components like a cell wall, plasma membrane, and organelles.
    *   Viruses lack cellular components, except for their genetic material and capsid.
4.  **Disease symptoms:**
    *   Bacterial infections often produce more severe and obvious symptoms, such as high fever, swelling, and pus.
    *   Viral infections may cause a broader range of symptoms, from mild (e.g., common cold) to severe (e.g., Ebola).
5.  **Treatment:**
    *   Bacterial infections are typically treated with antibiotics, which target the bacterial cell wall or interfere with their cell function.
    *   Viral infections are often treated with antiviral medications, which target the viral genome or interfere with its replication.
6.  **Transmission:**
    *   Bacteria can be transmitted through direct contact, contaminated food or water, or vectors like insects.
    *   Viruses can be transmitted through vectors like mosquitoes, airborne particles, or human contact.
7.  **Multiply:**
    *   Bacteria multiply by a binary fission
    *   Viruses multiply by injecting their genetic material into a host cell and then the host cell making new viral particles which then escape",90.7007887036815,4.8570075168459664e-12,94.88362865643458,45.35039435184318
What's the difference between a virus and a bacteria?,"Viruses and bacteria are two types of microorganisms, but they have several key differences:

1.  **Structure:** 
    - **Bacteria** are single-celled organisms with a cell wall and membrane. They have their own genetic material (DNA or RNA) and can replicate independently.
    - **Viruses** are not considered 'living' in the classical sense. They are tiny particles consisting of a protein coat (capsid) surrounding a core of genetic material (DNA or RNA). Viruses cannot replicate on their own and require a host cell to replicate.

2. **Replication:**
    - **Bacteria** can grow and multiply independently in suitable environments (e.g., food, water, or soil) by replicating their DNA and creating new cells.
    - **Viruses** need a living host (animal, plant, or a bacterial cell) to replicate. They inject their genetic material into the host cell and use the cell's machinery to replicate their genetic material and produce new virus particles.

3. **Metabolism:**
    - **Bacteria** can carry out metabolic processes (e.g., respiration, photosynthesis) on their own to produce energy and survive.
    - **Viruses** do not perform metabolic processes independently. They rely on the host cell's metabolic processes to replicate and survive.

4. **Sensitivity to antibiotics:**
    - **Bacteria** can be susceptible to antibiotics, which target bacterial cell wall synthesis, protein synthesis, or other cellular processes necessary for bacterial survival.
    - **Viruses** are not affected by antibiotics, as these are designed to target bacterial cells. However, antiviral medications exist to combat viral infections.

5. **Size:**
    - **Bacteria** can be seen under a light microscope (typically around 0.5 to 5 micrometers in size).
    - **Viruses** are much smaller (typically 20-400 nanometers in size) and can only be observed using an electron microscope.

6. **Hosts:**
    - **Bacteria** can be free-living organisms, but some are parasitic and require a host to survive.
    - **Viruses** always require a host cell to replicate and cannot survive for long outside a host.

In summary, while both bacteria and viruses are microscopic organisms, they are quite different in terms of their structure, replication, metabolism, and interaction with their environment.",95.76962659717087,1.5392401291363325e-15,99.99993074271643,47.884813298585435
What's the difference between a virus and a bacteria?,"Virus and bacteria are both types of microorganisms, but they are quite different in terms of their structure, behavior, and how they affect the body.

**Structure:**

-   **Bacteria** are single-celled, self-replicating organisms that are typically 1-10 micrometers in size. They have a cell wall, a cell membrane, and genetic material (either DNA or RNA).
-   **Viruses** are tiny particles that can range in size from 20-400 nanometers in diameter. They consist of genetic material (either DNA or RNA) surrounded by a protein coat called a capsid. They don't have a cell wall or cell membrane.

**Behavior:**

-   **Bacteria** can reproduce and divide on their own, and they can grow and thrive in various environments. They can cause infections by producing toxins, invading tissues, or disrupting normal cellular functions.
-   **Viruses**, on the other hand, need a host cell to replicate. They attach to a host cell, inject their genetic material inside the cell, and use the cell's machinery to produce more viruses. When the new viruses are ready, they can either continue to replicate inside the cell or burst out of it to infect other cells.

**Reproduction:**

-   **Bacteria** reproduce by cell division, where the bacterial cell divides into two identical cells.
-   **Viruses**, as mentioned earlier, need a host cell to replicate. They hijack the host cell's machinery to produce new viruses, which can then infect other cells.

**Treatment and Prevention:**

-   **Bacterial infections** are typically treated with antibiotics, which target bacterial cells or disrupt their cell walls.
-   **Viral infections** are usually treated with antiviral medication or, if severe, hospitalization and supportive care (like fluids, rest, and nutrition). There are vaccines available for many viral infections, which prepare the body to recognize and fight the virus.

**In summary:** Bacteria are living organisms with cell walls and cell membranes, while viruses are tiny particles that need a host cell to replicate. Bacteria can cause infections by producing toxins, invading tissues, or disrupting normal cellular functions, whereas viruses infect cells and use their machinery to produce more viruses. This understanding can help when considering the difference between viral and bacterial infections, such as choosing the right treatment option.",92.47268127063329,1.1395299444730819e-14,98.1070101482409,46.23634063531665
What's the difference between a virus and a bacteria?,"Viruses and bacteria are two different types of microorganisms that are often confused with one another due to their small size and the fact that both can cause diseases. However, there are significant differences between them in terms of their structure, composition, behavior, and biology.

**Key differences:**

1.  **Size and Structure:**
    *   Viruses are incredibly small, typically ranging from 20 to 400 nanometers in size. They are too small to be seen with the naked eye.
    *   Bacteria, on the other hand, are larger, ranging from 0.5 to 5 micrometers in size.

2.  **Cellular Organization:**
    *   Viruses do not have cellular structure or cell membranes, but they have a protein coat or capsid that surrounds their genetic material.
    *   Bacteria, being cellular organisms, have a defined cell structure, with a cell membrane, cell wall, and organelles.

3.  **Metabolism:**
    *   Viruses cannot perform metabolic processes on their own and require a host cell to replicate and carry out their life cycle.
    *   Bacteria can perform metabolic processes independently and have the ability to produce their own food through fermentation or photosynthesis.

4.  **Reproduction:**
    *   Viruses can reproduce by infecting a host cell, hijacking its machinery to produce new copies of themselves.
    *   Bacteria reproduce by cell division, a process known as binary fission.

5.  **Host Range:**
    *   Viruses can infect only specific types of cells or hosts, known as their host range or host specificity.
    *   Bacteria can infect a wide range of hosts, including animals, plants, and even other bacteria.

6.  **Disease:**
    *   Viruses and bacteria can both cause diseases, but viruses tend to cause more specific diseases, such as polio, HIV, and COVID-19, while bacteria cause a broader range of diseases, such as pneumonia, tuberculosis, and urinary tract infections.

7.  **Treatment:**
    *   Treatment for viral infections usually involves antiviral medication or in some cases, antiviral antibodies, while bacterial infections are typically treated with antibiotics.
    *   Antibiotic resistance is more common with bacterial infections due to the widespread use of antibiotics.",94.31452301579483,1.213366961863123e-13,99.59715391300507,47.15726150789748
What's the difference between a virus and a bacteria?,"Viruses and bacteria are two distinct types of microorganisms that can cause diseases in humans, plants, and animals. The main differences between them are:

1.  **Size**: Viruses are much smaller than bacteria. Viruses range from 20 to 400 nanometers (nm) in size, while bacteria are typically 0.5 to 5.0 micrometers (μm) in size.
2.  **Cellular structure**: Viruses are not considered living cells because they don't have cellular structures such as a nucleus, mitochondria, or other organelles. Bacteria, on the other hand, are single-celled organisms with a defined cellular structure.
3.  **Replication**: Viruses require a host cell to replicate, while bacteria can replicate on their own. Viruses enter a host cell, take over its cellular machinery, and use it to produce more viral particles.
4.  **Metabolism**: Bacteria can carry out metabolic processes such as photosynthesis, respiration, and fermentation. Viruses do not have metabolic processes.
5.  **Response to antibiotics**: Since bacteria are living organisms, they respond to antibiotics, which are designed to kill or inhibit bacterial growth. Viruses, however, are not affected by antibiotics as they are not living cells. However, antiviral medications can target specific viruses.
6.  **Hereditary characteristics**: Bacteria can pass on genetic traits to their offspring through DNA. Viruses also pass on genetic information to their host cells, but they do not have their own hereditary characteristics.
7.  **Evolution**: Bacteria can evolve over time through natural selection and genetic mutation. Viruses can also evolve, but their evolutionary changes occur in response to their host organisms.

Examples of viruses and bacteria:

- Common viruses: HIV, influenza, and the COVID-19 virus.
- Common bacteria: Escherichia coli (E. coli), Staphylococcus aureus, and Streptococcus pneumoniae.

In summary, viruses and bacteria are distinct microorganisms with unique characteristics and behaviors. Understanding these differences can help us develop effective treatments, preventions, and hygiene practices to combat diseases caused by either of these microorganisms.",94.17791643703832,3.6283441780322616e-15,95.20722190367015,47.08895821851916
How do I make friends as an adult?,"Making friends as an adult can be challenging, but there are several strategies that can help. Here are some tips to get you started:

1.  **Join a club or group that aligns with your interests**: This could be a book club, a sports team, a hiking group, or any other type of group that meets regularly and shares a common interest.
2.  **Attend events and gatherings**: Look for events in your community, such as concerts, festivals, or networking events, where you can meet new people.
3.  **Volunteer**: Volunteering is a great way to meet like-minded people while doing something good for your community.
4.  **Take a class or workshop**: Learning something new is a great way to meet people who share your interests. This could be a cooking class, a language course, or a art class.
5.  **Use online platforms**: Join social media groups or forums related to your interests, or use apps like Bumble BFF or Hey! Vina to connect with new people in your area.
6.  **Be open and approachable**: When meeting new people, be yourself and be open to starting conversations. Ask questions and listen actively.
7.  **Follow up and stay in touch**: If you hit it off with someone, make sure to follow up and stay in touch. Suggest getting together for coffee or another activity to keep the friendship growing.
8.  **Be patient**: Making friends takes time, so don't get discouraged if it doesn't happen overnight.
9.  **Be yourself**: Authenticity is key in any friendship. Don't try to be someone you're not or pretend to have interests you don't really have.
10. **Be willing to step out of your comfort zone**: Making friends requires taking risks and being willing to try new things.

Additionally, here are some specific tips for making friends in different situations:

*   **At work**: Be friendly and approachable at work, and try to participate in office social events or volunteer for a project that involves colleagues.
*   **In your neighborhood**: Introduce yourself to your neighbors and try to attend community events or block parties.
*   **In a new city**: Join a expat group or a social club for people who share your background or interests.
*   **Online**: Be cautious when meeting people online and make sure to take necessary safety precautions.

Making friends as an adult requires effort and time, but with patience and persistence, you can build a strong and meaningful network of relationships.",84.16406100521236,3.2657732990065543e-15,95.03490076419685,42.08203050260618
How do I make friends as an adult?,"Making friends as an adult can be challenging, but there are several strategies that can increase your chances of forming meaningful connections. Here are some tips:

1.  **Join a community or group that aligns with your interests**: Sharing a hobby or passion with others can be a great way to connect with like-minded people. Look for groups, clubs, or classes related to your interests, such as sports, art, music, or book clubs.
2.  **Volunteer**: Helping others through volunteering can be a great way to meet new people while doing something rewarding. Consider volunteering for a cause you're passionate about, such as animal shelters, food banks, or environmental organizations.
3.  **Attend events and gatherings**: Attend festivals, concerts, or networking events in your community. These can be great opportunities to meet new people with shared interests.
4.  **Use online platforms**: Websites and apps like Meetup.com, Bumble BFF, and Hey! Vina can help you connect with people in your area who share your interests.
5.  **Be open and friendly**: When meeting new people, be yourself, and don't be afraid to strike up a conversation. Show genuine interest in others, and they're more likely to be interested in getting to know you.
6.  **Follow up**: If you hit it off with someone, make sure to follow up and stay in touch. Suggest getting together for coffee or another activity to further build your friendship.
7.  **Be patient**: Making friends takes time, so don't get discouraged if it doesn't happen overnight. Keep putting yourself out there, and eventually, you'll find people with similar interests and values.
8.  **Look to your existing network**: Ask friends, family, or coworkers if they know anyone they think you might click with. Personal introductions can be a great way to meet new people.
9.  **Be willing to step out of your comfort zone**: Be prepared to try new things and attend events or activities that might feel outside your comfort zone. This can help you meet new people and grow as a person.
10. **Nurture existing relationships**: Focus on building strong relationships with people you already know, such as your neighbors, colleagues, or classmates. These are often the best foundation for making new friends.

Some additional tips for introverts or those who struggle with anxiety:

1.  **Start small**: Begin with small, low-pressure interactions, such as saying hello to a neighbor or striking up a conversation with a classmate.
2.  **Find a wingperson**: Having a friend or acquaintance by your side can make it easier to meet new people.
3.  **Practice self-care**: Make sure you're taking care of your physical and mental health before diving into social situations.
4.  **Be kind to yourself**: Remember that making friends takes time, and it's okay if not everyone clicks.

Making friends as an adult requires effort and patience",82.99738417893313,9.173890754126566e-16,99.9736652307673,41.498692089466566
How do I make friends as an adult?,"Making friends as an adult can be challenging, but it's not impossible. Here are some steps you can follow to increase your chances of making new friends:

1.  **Join a club or group that aligns with your interests**: This could be a book club, a sports team, a hiking group, or any other type of group that meets regularly and allows you to interact with like-minded people.
2.  **Attend events and gatherings**: Look for events in your community, such as concerts, festivals, or networking events, where you can meet new people.
3.  **Volunteer**: Volunteering is a great way to meet new people while doing something good for your community.
4.  **Take a class or workshop**: Learning something new is a great way to meet people who share your interests.
5.  **Use online platforms**: Websites and apps like Meetup.com and Bumble BFF can help you connect with people in your area who share your interests.
6.  **Be open and friendly**: Smile, introduce yourself, and be willing to start conversations with others.
7.  **Listen actively**: When you do start talking to someone, listen actively and show interest in what they have to say.
8.  **Follow up**: If you hit it off with someone, make sure to follow up and stay in touch.
9.  **Be patient**: Making friends takes time, so don't get discouraged if it doesn't happen overnight.
10. **Be yourself**: Authenticity is key when making friends. Don't try to be someone you're not or pretend to have interests you don't really have.

Additionally, here are some tips to help you maintain friendships as an adult:

1.  **Schedule regular hangouts**: Make time for the people in your life, even if it's just a phone call or a quick coffee date.
2.  **Communicate openly and honestly**: Keep the lines of communication open and be honest with your friends about your feelings and needs.
3.  **Show appreciation**: Show your friends that you appreciate them by celebrating their achievements and being there for them in times of need.
4.  **Support each other's goals**: Support your friends in their personal and professional goals and aspirations.
5.  **Make time for shared activities**: Find activities that you can do together, such as hiking, cooking, or playing a sport.

Some common mistakes to avoid when trying to make friends as an adult include:

*   Assuming that it's easy to fall into a friendship and not putting in the effort to follow up and stay in touch.
*  Being too competitive or trying to ""one-up"" others.
*  Being standoffish or unfriendly.
*  Trying to be someone you're not or pretending to have interests you don't really have.
*  Ignoring or dismissing others' feelings or opinions.

By following these tips and avoiding common mistakes, you can increase your chances of making meaningful connections",87.76124212339772,3.6780872666316506e-13,99.97896222508697,43.880621061699046
How do I make friends as an adult?,"Making friends as an adult can be challenging, but there are several strategies that can increase your chances of meeting new people and forming meaningful relationships. Here are some tips:

1.  **Join a club or group that aligns with your interests**: Find a book club, sports team, hiking group, or volunteer opportunity that matches your hobbies and passions. This will give you the chance to meet people who share your interests.
2.  **Attend events and gatherings**: Look for events in your community, such as concerts, festivals, or networking events. These can be great opportunities to meet new people in a casual setting.
3.  **Use online platforms**: Join social media groups, dating apps (even if you're not looking for a romantic relationship), or online forums related to your interests. You can also join local Facebook groups or online communities centered around a shared activity or hobby.
4.  **Take a class or workshop**: Learning something new is a great way to meet people who share your interests. Consider taking a cooking class, language course, or art workshop.
5.  **Introduce yourself to your neighbors**: Your neighbors can be a great source of support and friendship. Take the time to introduce yourself and get to know them.
6.  **Be open and friendly**: Smile, make eye contact, and be approachable. Show genuine interest in others and be willing to listen to their stories.
7.  **Be patient and give it time**: Making friends takes time, so don't get discouraged if it doesn't happen overnight. Keep putting yourself out there and eventually, you'll form connections with like-minded people.
8.  **Volunteer**: Helping others through volunteering is a great way to meet people while doing something good for your community.
9.  **Be yourself**: Authenticity is key in forming meaningful relationships. Don't try to be someone you're not or pretend to have interests you don't really have.
10. **Follow up**: If you hit it off with someone, make sure to follow up and stay in touch. Suggest getting together for coffee or another activity to continue building your friendship.

Some popular places to meet new people as an adult include:

*   Local parks or recreation centers
*   Coffee shops or cafes
*   Gyms or fitness studios
*   Restaurants or bars
*   Bookstores or libraries
*   Community centers or non-profit organizations

Remember, making friends as an adult requires effort and patience, but it's worth it to build a fulfilling social life.",86.27810564244868,1.5770182241621219e-15,99.99997846093113,43.13905282122434
How do I make friends as an adult?,"Making friends as an adult can be challenging, but it's definitely possible with a little effort and intention. Here are some tips to help you make friends as an adult:

1.  **Join a club or group that aligns with your interests**: This could be a book club, a sports team, a hiking group, or any other type of group that meets regularly and allows you to interact with like-minded people.
2.  **Volunteer**: Volunteering is a great way to meet new people while doing something good for your community. You can search for volunteer opportunities through local non-profits, animal shelters, or environmental organizations.
3.  **Attend events and gatherings**: Attend events, concerts, festivals, and other gatherings in your community. This can be a great way to meet new people and make connections.
4.  **Take a class or workshop**: Take a cooking class, a language class, or any other type of class that interests you. This can be a great way to meet new people who share your interests.
5.  **Use online platforms**: Join social media groups or apps like Meetup.com or Bumble BFF to connect with people in your area who share your interests.
6.  **Be proactive**: Don't wait for people to come to you - go out and make connections. Strike up conversations with people in your daily life, whether it's at a coffee shop, the gym, or at the grocery store.
7.  **Be yourself**: Authenticity is key when making friends as an adult. Don't try to be someone you're not or pretend to have interests you don't really have.
8.  **Be open-minded**: Be willing to try new things and step out of your comfort zone. This will help you make connections with people who share your interests and values.
9.  **Listen actively**: Make an effort to listen to others and show genuine interest in their lives. This will help you build stronger connections with people.
10. **Follow up**: If you hit it off with someone, make sure to follow up and stay in touch. Suggest getting together for coffee or another activity to continue building your friendship.

**Additional Tips:**

*   **Start small**: Don't try to tackle too much at once. Start with small, low-key gatherings or activities and gradually build up to more significant commitments.
*   **Be patient**: Making friends takes time, so be patient and don't get discouraged if it doesn't happen right away.
*   **Be genuine and authentic**: Pretending to be someone you're not can be exhausting and lead to shallow relationships. Be true to yourself and let your genuine personality shine through.
*   **Respect boundaries**: Everyone has different comfort levels and boundaries, so be respectful of others' needs and preferences.",81.41583430391691,0.0,99.99991396808235,40.707917151958455
